id,collection,access,title,institution,group,category,docClass,docType,yearLabel,kind,hosted,priority,focusAreas,impactAreas,lenses,crossCutting,verification,openUrl,fileUrl,sourceUrl,path,captured,logStatus,summary,ocUse
OC2025,oc,Public (provincial filing),OC Climate Change Accountability Report 2025,Okanagan College,OC statutory reporting,Climate and GHG Reporting,Statutory and climate reporting,CCAR,2025,file,True,True,Operations; Engagement,Carbon Zero; Performance Measurement,,False,Source fetched and confirmed,https://sustainoc.github.io/Docs3/01_OC_CCAR/Okanagan_College_CCAR_2025.pdf,https://sustainoc.github.io/Docs3/01_OC_CCAR/Okanagan_College_CCAR_2025.pdf,https://www2.gov.bc.ca/assets/gov/environment/climate-change/cnar/2025/ps/okanagan_college_2025_ccar.pdf,01_OC_CCAR/Okanagan_College_CCAR_2025.pdf,,,"OC's statutory filing to the Province for the 2025 reporting year. Carries reported Scope 1, Scope 2 and reportable Scope 3 emissions, offset purchases, and the building, fleet and paper breakdowns on the standard provincial template.",One year of the eighteen-year consecutive series that is OC's primary baseline dataset. Read the whole series together rather than any single year.
OC2024,oc,Public (provincial filing),OC Climate Change Accountability Report 2024,Okanagan College,OC statutory reporting,Climate and GHG Reporting,Statutory and climate reporting,CCAR,2024,file,True,True,Operations; Engagement,Carbon Zero; Performance Measurement,,False,Source fetched and confirmed,https://sustainoc.github.io/Docs3/01_OC_CCAR/Okanagan_College_CCAR_2024.pdf,https://sustainoc.github.io/Docs3/01_OC_CCAR/Okanagan_College_CCAR_2024.pdf,https://www2.gov.bc.ca/assets/gov/environment/climate-change/cnar/2024/ps/okanagan_college_2024_ccar.pdf,01_OC_CCAR/Okanagan_College_CCAR_2024.pdf,,,"OC's statutory filing to the Province for the 2024 reporting year. Carries reported Scope 1, Scope 2 and reportable Scope 3 emissions, offset purchases, and the building, fleet and paper breakdowns on the standard provincial template. The provincial PDF has a damaged text layer. Read figures from it by eye rather than by extraction.",One year of the eighteen-year consecutive series that is OC's primary baseline dataset. Read the whole series together rather than any single year.
OC2023,oc,Public (provincial filing),OC Climate Change Accountability Report 2023,Okanagan College,OC statutory reporting,Climate and GHG Reporting,Statutory and climate reporting,CCAR,2023,file,True,True,Operations; Engagement,Carbon Zero; Performance Measurement,,False,Source fetched and confirmed,https://sustainoc.github.io/Docs3/01_OC_CCAR/Okanagan_College_CCAR_2023.pdf,https://sustainoc.github.io/Docs3/01_OC_CCAR/Okanagan_College_CCAR_2023.pdf,https://www2.gov.bc.ca/assets/gov/environment/climate-change/cnar/2023/ps/okanagan_college_2023_ccar.pdf,01_OC_CCAR/Okanagan_College_CCAR_2023.pdf,,,"OC's statutory filing to the Province for the 2023 reporting year. Carries reported Scope 1, Scope 2 and reportable Scope 3 emissions, offset purchases, and the building, fleet and paper breakdowns on the standard provincial template.",One year of the eighteen-year consecutive series that is OC's primary baseline dataset. Read the whole series together rather than any single year.
OC2022,oc,Public (provincial filing),OC Climate Change Accountability Report 2022,Okanagan College,OC statutory reporting,Climate and GHG Reporting,Statutory and climate reporting,CCAR,2022,file,True,True,Operations; Engagement,Carbon Zero; Performance Measurement,,False,Source fetched and confirmed,https://sustainoc.github.io/Docs3/01_OC_CCAR/Okanagan_College_CCAR_2022.pdf,https://sustainoc.github.io/Docs3/01_OC_CCAR/Okanagan_College_CCAR_2022.pdf,https://www2.gov.bc.ca/assets/gov/environment/climate-change/cnar/2022/uc/okanagan_college_cnar_report_2023_signed.pdf,01_OC_CCAR/Okanagan_College_CCAR_2022.pdf,,,"OC's statutory filing to the Province for the 2022 reporting year. Carries reported Scope 1, Scope 2 and reportable Scope 3 emissions, offset purchases, and the building, fleet and paper breakdowns on the standard provincial template. Provincial filename says 2023 and sits in a 'uc' sector folder. The document is the 2022 reporting year. OC labels its own reports by submission year, the Province by reporting year.",One year of the eighteen-year consecutive series that is OC's primary baseline dataset. Read the whole series together rather than any single year.
OC2021,oc,Public (provincial filing),OC Climate Change Accountability Report 2021,Okanagan College,OC statutory reporting,Climate and GHG Reporting,Statutory and climate reporting,CCAR,2021,file,True,True,Operations; Engagement,Carbon Zero; Performance Measurement,,False,Source fetched and confirmed,https://sustainoc.github.io/Docs3/01_OC_CCAR/Okanagan_College_CCAR_2021.pdf,https://sustainoc.github.io/Docs3/01_OC_CCAR/Okanagan_College_CCAR_2021.pdf,https://www2.gov.bc.ca/assets/gov/environment/climate-change/cnar/2021/okanagan_college_2021_ccar.pdf,01_OC_CCAR/Okanagan_College_CCAR_2021.pdf,,,"OC's statutory filing to the Province for the 2021 reporting year. Carries reported Scope 1, Scope 2 and reportable Scope 3 emissions, offset purchases, and the building, fleet and paper breakdowns on the standard provincial template.",One year of the eighteen-year consecutive series that is OC's primary baseline dataset. Read the whole series together rather than any single year.
OC2020,oc,Public (provincial filing),OC Climate Change Accountability Report 2020,Okanagan College,OC statutory reporting,Climate and GHG Reporting,Statutory and climate reporting,CCAR,2020,file,True,True,Operations; Engagement,Carbon Zero; Performance Measurement,,False,Source fetched and confirmed,https://sustainoc.github.io/Docs3/01_OC_CCAR/Okanagan_College_CCAR_2020.pdf,https://sustainoc.github.io/Docs3/01_OC_CCAR/Okanagan_College_CCAR_2020.pdf,https://www2.gov.bc.ca/assets/gov/environment/climate-change/cnar/2020/okanagan_college.pdf,01_OC_CCAR/Okanagan_College_CCAR_2020.pdf,,,"OC's statutory filing to the Province for the 2020 reporting year. Carries reported Scope 1, Scope 2 and reportable Scope 3 emissions, offset purchases, and the building, fleet and paper breakdowns on the standard provincial template. First year filed as a Climate Change Accountability Report rather than a Carbon Neutral Action Report.",One year of the eighteen-year consecutive series that is OC's primary baseline dataset. Read the whole series together rather than any single year.
OC2019,oc,Public (provincial filing),OC Carbon Neutral Action Report 2019,Okanagan College,OC statutory reporting,Climate and GHG Reporting,Statutory and climate reporting,CNAR,2019,file,True,False,Operations; Engagement,Carbon Zero; Performance Measurement,,False,Source fetched and confirmed,https://sustainoc.github.io/Docs3/01_OC_CCAR/Okanagan_College_CCAR_2019.pdf,https://sustainoc.github.io/Docs3/01_OC_CCAR/Okanagan_College_CCAR_2019.pdf,https://www2.gov.bc.ca/assets/gov/environment/climate-change/cnar/2019/ps/final_okanagan_college_2019_overview.pdf,01_OC_CCAR/Okanagan_College_CCAR_2019.pdf,,,"OC's statutory filing to the Province for the 2019 reporting year. Carries reported Scope 1, Scope 2 and reportable Scope 3 emissions, offset purchases, and the building, fleet and paper breakdowns on the standard provincial template. Provincial filename uniquely carries an _overview suffix.",One year of the eighteen-year consecutive series that is OC's primary baseline dataset. Read the whole series together rather than any single year.
OC2018,oc,Public (provincial filing),OC Carbon Neutral Action Report 2018,Okanagan College,OC statutory reporting,Climate and GHG Reporting,Statutory and climate reporting,CNAR,2018,file,True,False,Operations; Engagement,Carbon Zero; Performance Measurement,,False,Source fetched and confirmed,https://sustainoc.github.io/Docs3/01_OC_CCAR/Okanagan_College_CCAR_2018.pdf,https://sustainoc.github.io/Docs3/01_OC_CCAR/Okanagan_College_CCAR_2018.pdf,https://www2.gov.bc.ca/assets/gov/environment/climate-change/cnar/2018/ps/final_okanagancollege_2018.pdf,01_OC_CCAR/Okanagan_College_CCAR_2018.pdf,,,"OC's statutory filing to the Province for the 2018 reporting year. Carries reported Scope 1, Scope 2 and reportable Scope 3 emissions, offset purchases, and the building, fleet and paper breakdowns on the standard provincial template.",One year of the eighteen-year consecutive series that is OC's primary baseline dataset. Read the whole series together rather than any single year.
OC2017,oc,Public (provincial filing),OC Carbon Neutral Action Report 2017,Okanagan College,OC statutory reporting,Climate and GHG Reporting,Statutory and climate reporting,CNAR,2017,file,True,False,Operations; Engagement,Carbon Zero; Performance Measurement,,False,Source fetched and confirmed,https://sustainoc.github.io/Docs3/01_OC_CCAR/Okanagan_College_CCAR_2017.pdf,https://sustainoc.github.io/Docs3/01_OC_CCAR/Okanagan_College_CCAR_2017.pdf,https://www2.gov.bc.ca/assets/gov/environment/climate-change/cnar/2017/ps/final_okanagancollege_2017.pdf,01_OC_CCAR/Okanagan_College_CCAR_2017.pdf,,,"OC's statutory filing to the Province for the 2017 reporting year. Carries reported Scope 1, Scope 2 and reportable Scope 3 emissions, offset purchases, and the building, fleet and paper breakdowns on the standard provincial template.",One year of the eighteen-year consecutive series that is OC's primary baseline dataset. Read the whole series together rather than any single year.
OC2016,oc,Public (provincial filing),OC Carbon Neutral Action Report 2016,Okanagan College,OC statutory reporting,Climate and GHG Reporting,Statutory and climate reporting,CNAR,2016,file,True,False,Operations; Engagement,Carbon Zero; Performance Measurement,,False,Source fetched and confirmed,https://sustainoc.github.io/Docs3/01_OC_CCAR/Okanagan_College_CCAR_2016.pdf,https://sustainoc.github.io/Docs3/01_OC_CCAR/Okanagan_College_CCAR_2016.pdf,https://www2.gov.bc.ca/assets/gov/environment/climate-change/cnar/2016/ps/final_okanagancollege_2016.pdf,01_OC_CCAR/Okanagan_College_CCAR_2016.pdf,,,"OC's statutory filing to the Province for the 2016 reporting year. Carries reported Scope 1, Scope 2 and reportable Scope 3 emissions, offset purchases, and the building, fleet and paper breakdowns on the standard provincial template.",One year of the eighteen-year consecutive series that is OC's primary baseline dataset. Read the whole series together rather than any single year.
OC2015,oc,Public (provincial filing),OC Carbon Neutral Action Report 2015,Okanagan College,OC statutory reporting,Climate and GHG Reporting,Statutory and climate reporting,CNAR,2015,file,True,False,Operations; Engagement,Carbon Zero; Performance Measurement,,False,Source fetched and confirmed,https://sustainoc.github.io/Docs3/01_OC_CCAR/Okanagan_College_CCAR_2015.pdf,https://sustainoc.github.io/Docs3/01_OC_CCAR/Okanagan_College_CCAR_2015.pdf,https://www2.gov.bc.ca/assets/gov/environment/climate-change/cnar/2015/ps/final_okanagancollege_2015.pdf,01_OC_CCAR/Okanagan_College_CCAR_2015.pdf,,,"OC's statutory filing to the Province for the 2015 reporting year. Carries reported Scope 1, Scope 2 and reportable Scope 3 emissions, offset purchases, and the building, fleet and paper breakdowns on the standard provincial template.",One year of the eighteen-year consecutive series that is OC's primary baseline dataset. Read the whole series together rather than any single year.
OC2014,oc,Public (provincial filing),OC Carbon Neutral Action Report 2014,Okanagan College,OC statutory reporting,Climate and GHG Reporting,Statutory and climate reporting,CNAR,2014,file,True,False,Operations; Engagement,Carbon Zero; Performance Measurement,,False,Source fetched and confirmed,https://sustainoc.github.io/Docs3/01_OC_CCAR/Okanagan_College_CCAR_2014.pdf,https://sustainoc.github.io/Docs3/01_OC_CCAR/Okanagan_College_CCAR_2014.pdf,https://www2.gov.bc.ca/assets/gov/environment/climate-change/cnar/2014/ps/okanagancollege_2014.pdf,01_OC_CCAR/Okanagan_College_CCAR_2014.pdf,,,"OC's statutory filing to the Province for the 2014 reporting year. Carries reported Scope 1, Scope 2 and reportable Scope 3 emissions, offset purchases, and the building, fleet and paper breakdowns on the standard provincial template.",One year of the eighteen-year consecutive series that is OC's primary baseline dataset. Read the whole series together rather than any single year.
OC2013,oc,Public (provincial filing),OC Carbon Neutral Action Report 2013,Okanagan College,OC statutory reporting,Climate and GHG Reporting,Statutory and climate reporting,CNAR,2013,file,True,False,Operations; Engagement,Carbon Zero; Performance Measurement,,False,Source fetched and confirmed,https://sustainoc.github.io/Docs3/01_OC_CCAR/Okanagan_College_CCAR_2013.pdf,https://sustainoc.github.io/Docs3/01_OC_CCAR/Okanagan_College_CCAR_2013.pdf,https://www2.gov.bc.ca/assets/gov/environment/climate-change/cnar/2013/ps/okanagancollege_2013.pdf,01_OC_CCAR/Okanagan_College_CCAR_2013.pdf,,,"OC's statutory filing to the Province for the 2013 reporting year. Carries reported Scope 1, Scope 2 and reportable Scope 3 emissions, offset purchases, and the building, fleet and paper breakdowns on the standard provincial template. Format shifts to the provincial survey form around this year.",One year of the eighteen-year consecutive series that is OC's primary baseline dataset. Read the whole series together rather than any single year.
OC2012,oc,Public (provincial filing),OC Carbon Neutral Action Report 2012,Okanagan College,OC statutory reporting,Climate and GHG Reporting,Statutory and climate reporting,CNAR,2012,file,True,False,Operations; Engagement,Carbon Zero; Performance Measurement,,False,Source fetched and confirmed,https://sustainoc.github.io/Docs3/01_OC_CCAR/Okanagan_College_CCAR_2012.pdf,https://sustainoc.github.io/Docs3/01_OC_CCAR/Okanagan_College_CCAR_2012.pdf,https://www2.gov.bc.ca/assets/gov/environment/climate-change/cnar/2012/ps/okanagancollege_2012.pdf,01_OC_CCAR/Okanagan_College_CCAR_2012.pdf,,,"OC's statutory filing to the Province for the 2012 reporting year. Carries reported Scope 1, Scope 2 and reportable Scope 3 emissions, offset purchases, and the building, fleet and paper breakdowns on the standard provincial template.",One year of the eighteen-year consecutive series that is OC's primary baseline dataset. Read the whole series together rather than any single year.
OC2011,oc,Public (provincial filing),OC Carbon Neutral Action Report 2011,Okanagan College,OC statutory reporting,Climate and GHG Reporting,Statutory and climate reporting,CNAR,2011,file,True,False,Operations; Engagement,Carbon Zero; Performance Measurement,,False,Source fetched and confirmed,https://sustainoc.github.io/Docs3/01_OC_CCAR/Okanagan_College_CCAR_2011.pdf,https://sustainoc.github.io/Docs3/01_OC_CCAR/Okanagan_College_CCAR_2011.pdf,https://www2.gov.bc.ca/assets/gov/environment/climate-change/cnar/2011/ps/okanagancollege_2011.pdf,01_OC_CCAR/Okanagan_College_CCAR_2011.pdf,,,"OC's statutory filing to the Province for the 2011 reporting year. Carries reported Scope 1, Scope 2 and reportable Scope 3 emissions, offset purchases, and the building, fleet and paper breakdowns on the standard provincial template.",One year of the eighteen-year consecutive series that is OC's primary baseline dataset. Read the whole series together rather than any single year.
OC2010,oc,Public (provincial filing),OC Carbon Neutral Action Report 2010,Okanagan College,OC statutory reporting,Climate and GHG Reporting,Statutory and climate reporting,CNAR,2010,file,True,False,Operations; Engagement,Carbon Zero; Performance Measurement,,False,Source fetched and confirmed,https://sustainoc.github.io/Docs3/01_OC_CCAR/Okanagan_College_CCAR_2010.pdf,https://sustainoc.github.io/Docs3/01_OC_CCAR/Okanagan_College_CCAR_2010.pdf,https://www2.gov.bc.ca/assets/gov/environment/climate-change/cnar/2010/ps/okanagancollege_2010.pdf,01_OC_CCAR/Okanagan_College_CCAR_2010.pdf,,,"OC's statutory filing to the Province for the 2010 reporting year. Carries reported Scope 1, Scope 2 and reportable Scope 3 emissions, offset purchases, and the building, fleet and paper breakdowns on the standard provincial template.",One year of the eighteen-year consecutive series that is OC's primary baseline dataset. Read the whole series together rather than any single year.
OC2009,oc,Public (provincial filing),OC Carbon Neutral Action Report 2009,Okanagan College,OC statutory reporting,Climate and GHG Reporting,Statutory and climate reporting,CNAR,2009,file,True,False,Operations; Engagement,Carbon Zero; Performance Measurement,,False,Source fetched and confirmed,https://sustainoc.github.io/Docs3/01_OC_CCAR/Okanagan_College_CCAR_2009.pdf,https://sustainoc.github.io/Docs3/01_OC_CCAR/Okanagan_College_CCAR_2009.pdf,https://www2.gov.bc.ca/assets/gov/environment/climate-change/cnar/2009/ps/okanagancollege_2009.pdf,01_OC_CCAR/Okanagan_College_CCAR_2009.pdf,,,"OC's statutory filing to the Province for the 2009 reporting year. Carries reported Scope 1, Scope 2 and reportable Scope 3 emissions, offset purchases, and the building, fleet and paper breakdowns on the standard provincial template.",One year of the eighteen-year consecutive series that is OC's primary baseline dataset. Read the whole series together rather than any single year.
OC2008,oc,Public (provincial filing),OC Carbon Neutral Action Report 2008,Okanagan College,OC statutory reporting,Climate and GHG Reporting,Statutory and climate reporting,CNAR,2008,file,True,False,Operations; Engagement,Carbon Zero; Performance Measurement,,False,Source fetched and confirmed,https://sustainoc.github.io/Docs3/01_OC_CCAR/Okanagan_College_CCAR_2008.pdf,https://sustainoc.github.io/Docs3/01_OC_CCAR/Okanagan_College_CCAR_2008.pdf,https://www2.gov.bc.ca/assets/gov/environment/climate-change/cnar/2008/ps/okanagan_college.pdf,01_OC_CCAR/Okanagan_College_CCAR_2008.pdf,,,"OC's statutory filing to the Province for the 2008 reporting year. Carries reported Scope 1, Scope 2 and reportable Scope 3 emissions, offset purchases, and the building, fleet and paper breakdowns on the standard provincial template. First submission year. Provincial filename carries no year suffix. Report dated 30 June 2009 at submission but covers 2008 actions.",One year of the eighteen-year consecutive series that is OC's primary baseline dataset. Read the whole series together rather than any single year.
OC011,oc,Restricted,Accessibility and CPTED Report: Kelowna Outdoor,Okanagan College,Okanagan College,Accessibility and Safety,Audits and assessments,Assessment,Current,record,False,False,,,,False,Held by the SustainOC team,,,,,,,Physical security assessment. Identifies lighting gaps and sightline weaknesses. Do not publish to an open URL.,
OC013,oc,Restricted,Accessibility and CPTED Report: Salmon Arm Outdoor,Okanagan College,Okanagan College,Accessibility and Safety,Audits and assessments,Assessment,Current,record,False,False,,,,False,Held by the SustainOC team,,,,,,,Physical security assessment. Identifies lighting gaps and sightline weaknesses. Do not publish to an open URL.,
OC012,oc,Restricted,Accessibility and CPTED Report: Vernon Outdoor,Okanagan College,Okanagan College,Accessibility and Safety,Audits and assessments,Assessment,Current,record,False,False,,,,False,Held by the SustainOC team,,,,,,,Physical security assessment. Identifies lighting gaps and sightline weaknesses. Do not publish to an open URL.,
OC010,oc,Internal,Building List with Years and Square Footage (VFA),Okanagan College,Okanagan College,Energy and Buildings,"Studies, surveys and data",Dataset,2026,record,False,False,,,,False,Held by the SustainOC team,,,,,,,VFA asset export dated 29 April 2026. Underpins energy-intensity denominators.,
OC005,oc,Internal,Current State Transportation,Okanagan College,Okanagan College,Transportation,Reports and progress updates,Report,2026,record,False,False,,,,False,Held by the SustainOC team,,,,,,,Working analysis of the current transportation state across the four campuses.,
OC009,oc,Internal,Fleet Summary,Okanagan College,Okanagan College,Transportation,"Studies, surveys and data",Dataset,2026,record,False,False,,,,False,Held by the SustainOC team,,,,,,,"Fleet inventory summary, August 2026. Feeds the Scope 1 baseline.",
OC008,oc,Internal,Parking Map: Salmon Arm,Okanagan College,Okanagan College,Transportation,"Studies, surveys and data",Dataset,Current,record,False,False,,,,False,Held by the SustainOC team,,,,,,,"Campus parking layout, Salmon Arm.",
OC002,oc,Internal,Strategic Plan: Inspire,Okanagan College,Okanagan College,Plans and Strategies,Plans and strategies,Strategic plan,Current,record,False,False,,,,False,Held by the SustainOC team,,,,,,,Classification not yet confirmed. Likely already public on the OC website; promote to Public once verified.,
OC003,oc,Internal,Transportation Assessment Final Report,Okanagan College,Okanagan College,Transportation,Reports and progress updates,Report,2026,record,False,False,,,,False,Held by the SustainOC team,,,,,,,Consultant final report dated 6 May 2026.,
OC006,oc,Internal,Transportation Documents Checklist,Okanagan College,Okanagan College,Transportation,Audits and assessments,Methodology,2026,record,False,False,,,,False,Held by the SustainOC team,,,,,,,Tracking checklist for the transportation evidence base.,
OC004,oc,Internal,Transportation Emissions Evaluation Workplan,Okanagan College,Okanagan College,Transportation,Plans and strategies,Plan,2026,record,False,False,,,,False,Held by the SustainOC team,,,,,,,Workplan dated 11 June 2026.,
OC001,oc,Internal,Capital Master Plan,Okanagan College,Okanagan College,Campus Master Plans,Plans and strategies,Master plan,2025,record,False,False,,,,False,Held by the SustainOC team,,,,,,,Classification not yet confirmed. Board-level capital planning document dated 30 May 2025.,
OC007,oc,Internal,Campus Parking Stall Count,Okanagan College,Okanagan College,Transportation,"Studies, surveys and data",Dataset,2024,record,False,False,,,,False,Held by the SustainOC team,,,,,,,"Stall counts by campus, September 2024.",
BC03,policy,Public,BC Energy Step Code and Zero Carbon Step Code: Best Practices Guide v3.0,Province of British Columbia,British Columbia,Policy and Regulation,Other,Guidebook,2024,file,True,True,Operations; Planning and Administration,Infrastructure (Energy/Water); Policy / Planning,,False,Source fetched and confirmed,https://sustainoc.github.io/Docs3/02_BC_Provincial/BC_Energy_and_Zero_Carbon_Step_Code_Guidebook_v3.pdf,https://sustainoc.github.io/Docs3/02_BC_Provincial/BC_Energy_and_Zero_Carbon_Step_Code_Guidebook_v3.pdf,https://www2.gov.bc.ca/assets/gov/farming-natural-resources-and-industry/construction-industry/building-codes-and-standards/step-code-resources/local-gov-resources/stepcodes_guidebook_v30.pdf,02_BC_Provincial/BC_Energy_and_Zero_Carbon_Step_Code_Guidebook_v3.pdf,,,"Version 3.0, June 2024. SUPERSEDED: the provincial Step Code resources page now links version 3.2. This copy is the archived edition.",Governs new construction and major renovation in the Capital Master Plan. Check against v3.2 before citing a requirement.
BC04,policy,Public,20%-Better Energy Efficiency and Zero Carbon Step Code bulletin,Province of British Columbia,British Columbia,Policy and Regulation,Other,Bulletin,2023,file,True,False,Operations,Infrastructure (Energy/Water),,False,Source fetched and confirmed,https://sustainoc.github.io/Docs3/02_BC_Provincial/BC_Zero_Carbon_Step_Code_Bulletin.pdf,https://sustainoc.github.io/Docs3/02_BC_Provincial/BC_Zero_Carbon_Step_Code_Bulletin.pdf,https://www2.gov.bc.ca/assets/gov/farming-natural-resources-and-industry/construction-industry/building-codes-and-standards/bulletins/20_better_ee__zcsc.pdf,02_BC_Provincial/BC_Zero_Carbon_Step_Code_Bulletin.pdf,,,Dated 1 May 2023. Sets out the performance and prescriptive routes to the 20%-better requirement and the Zero Carbon Step Code levels EL-1 through EL-4.,The specific compliance levels a new OC building would be designed to. Pairs with the VFA building list for retrofit target setting.
BC01,policy,Public,CleanBC Roadmap to 2030,Province of British Columbia,British Columbia,Policy and Regulation,Plans and strategies,Plan,2021,file,True,True,Operations; Planning and Administration,Carbon Zero; Policy / Planning,,False,Source fetched and confirmed,https://sustainoc.github.io/Docs3/02_BC_Provincial/BC_CleanBC_Roadmap_to_2030.pdf,https://sustainoc.github.io/Docs3/02_BC_Provincial/BC_CleanBC_Roadmap_to_2030.pdf,https://www2.gov.bc.ca/assets/gov/environment/climate-change/action/cleanbc/cleanbc_roadmap_2030.pdf,02_BC_Provincial/BC_CleanBC_Roadmap_to_2030.pdf,,,Released 25 October 2021. Sets the provincial sectoral pathways to BC's 2030 target. Still the operative provincial plan as of August 2026.,"The provincial target OC's own reduction pathway has to sit inside. Sets the sectoral ceilings for buildings, transport and industry that constrain what OC can claim."
BC02,policy,Public,CleanBC Roadmap to 2030: Local Government summary,Province of British Columbia,British Columbia,Policy and Regulation,Other,Brochure,2021,file,True,False,Planning and Administration; Engagement,Policy / Planning; Communications,,False,Source fetched and confirmed,https://sustainoc.github.io/Docs3/02_BC_Provincial/BC_CleanBC_Roadmap_Local_Government_Brochure.pdf,https://sustainoc.github.io/Docs3/02_BC_Provincial/BC_CleanBC_Roadmap_Local_Government_Brochure.pdf,https://www2.gov.bc.ca/assets/gov/environment/climate-change/action/cleanbc/cleanbc_roadmap_local_govt_brochure.pdf,02_BC_Provincial/BC_CleanBC_Roadmap_Local_Government_Brochure.pdf,,,"Two-page local-government framing of the Roadmap, including the funding and planning supports available to local bodies.",Short enough to attach to a briefing note. Useful for explaining provincial direction to a non-technical audience.
CA02,policy,Public,2025 Progress Report on the 2030 Emissions Reduction Plan,Government of Canada,Canada,Policy and Regulation,Other,Progress report,2025,file,True,False,Operations; Engagement,Carbon Zero; Performance Measurement,,False,"Source read off an official index page, file not opened",https://sustainoc.github.io/Docs3/03_Canada_Federal/CAN_2030_ERP_Progress_Report_2025.pdf,https://sustainoc.github.io/Docs3/03_Canada_Federal/CAN_2030_ERP_Progress_Report_2025.pdf,https://publications.gc.ca/collections/collection_2025/eccc/en4/En4-460-1-2025-eng.pdf,03_Canada_Federal/CAN_2030_ERP_Progress_Report_2025.pdf,,,"Catalogue En4-460/1-2025E-PDF, iv plus 243 pages, issued March 2026. Supersedes the 2023 progress report. The most recent federal progress assessment.","Shows whether the national trajectory is on track, which is the honest framing for any OC target that references federal ambition."
CA05,policy,Public,Canada's 2035 Nationally Determined Contribution,Government of Canada,Canada,Policy and Regulation,Other,NDC,2025,file,True,True,Operations; Planning and Administration,Carbon Zero; Policy / Planning,,False,Source fetched and confirmed,https://sustainoc.github.io/Docs3/03_Canada_Federal/CAN_2035_Nationally_Determined_Contribution.pdf,https://sustainoc.github.io/Docs3/03_Canada_Federal/CAN_2035_Nationally_Determined_Contribution.pdf,https://unfccc.int/sites/default/files/2025-02/Canada%27s%202035%20Nationally%20Determined%20Contribution_ENc.pdf,03_Canada_Federal/CAN_2035_Nationally_Determined_Contribution.pdf,,,"Submitted to UNFCCC 11 February 2025. Commits Canada to 45 to 50 percent below 2005 levels by 2035, roughly 381 to 419 Mt CO2e, as a step toward net zero by 2050. Canada's current NDC and a progression from the 40 to 45 percent 2030 target.","The newest federal commitment, and the top of the domestic target ladder. Use this rather than the 2030 NDC when the plan's horizon runs past 2030."
CA01,policy,Public,2030 Emissions Reduction Plan,Government of Canada,Canada,Policy and Regulation,Plans and strategies,Plan,2022,file,True,False,Operations; Planning and Administration,Carbon Zero; Policy / Planning,,False,"Source read off an official index page, file not opened",https://sustainoc.github.io/Docs3/03_Canada_Federal/CAN_2030_Emissions_Reduction_Plan_2022.pdf,https://sustainoc.github.io/Docs3/03_Canada_Federal/CAN_2030_Emissions_Reduction_Plan_2022.pdf,https://publications.gc.ca/collections/collection_2022/eccc/En4-460-2022-eng.pdf,03_Canada_Federal/CAN_2030_Emissions_Reduction_Plan_2022.pdf,,,"Environment and Climate Change Canada, March 2022. Catalogue En4-460/2022E-PDF. The federal sectoral plan underpinning the 2030 commitment.","Federal context for the target ladder. Rarely cited directly by an institution, but sets the national trajectory OC's numbers roll up into."
CA03,policy,Public,Canada's 2021 Nationally Determined Contribution,Government of Canada,Canada,Policy and Regulation,Other,NDC,2021,file,True,False,Operations; Planning and Administration,Carbon Zero; Policy / Planning,,False,Source fetched and confirmed,https://sustainoc.github.io/Docs3/03_Canada_Federal/CAN_2030_Enhanced_NDC_2021.pdf,https://sustainoc.github.io/Docs3/03_Canada_Federal/CAN_2030_Enhanced_NDC_2021.pdf,https://unfccc.int/sites/default/files/NDC/2022-06/Canada%27s%20Enhanced%20NDC%20Submission1_FINAL%20EN.pdf,03_Canada_Federal/CAN_2030_Enhanced_NDC_2021.pdf,,,Submitted to UNFCCC 12 July 2021. The 40 to 45 percent below 2005 by 2030 commitment. Superseded as Canada's latest NDC by the 2035 submission but still the operative 2030 pledge.,The internationally registered 2030 number. Use this rather than a news figure when stating Canada's commitment.
CA04,policy,Public,Canadian Net-Zero Emissions Accountability Act,Government of Canada,Canada,Policy and Regulation,Other,Statute,2021,file,True,True,Planning and Administration,Policy / Planning; Investment,,False,Source fetched and confirmed,https://sustainoc.github.io/Docs3/03_Canada_Federal/CAN_Net-Zero_Emissions_Accountability_Act.pdf,https://sustainoc.github.io/Docs3/03_Canada_Federal/CAN_Net-Zero_Emissions_Accountability_Act.pdf,https://laws-lois.justice.gc.ca/PDF/C-19.3.pdf,03_Canada_Federal/CAN_Net-Zero_Emissions_Accountability_Act.pdf,,,"S.C. 2021 c.22, assented 29 June 2021, consolidation current to 17 June 2026. The source URL always serves the newest consolidation, so this copy will drift from the live statute.",The legal architecture behind the 2050 target. Cite the statute rather than a policy document when the plan asserts a legislated obligation.
UN03,policy,Public,IPCC AR6 Synthesis Report: Summary for Policymakers,IPCC,International,Policy and Regulation,Audits and assessments,Assessment,2023,file,True,True,Operations,Carbon Zero,Climate Resilience,False,"Source read off an official index page, file not opened",https://sustainoc.github.io/Docs3/04_International/UN_IPCC_AR6_Synthesis_Report_SPM_2023.pdf,https://sustainoc.github.io/Docs3/04_International/UN_IPCC_AR6_Synthesis_Report_SPM_2023.pdf,https://www.ipcc.ch/report/ar6/syr/downloads/report/IPCC_AR6_SYR_SPM.pdf,04_International/UN_IPCC_AR6_Synthesis_Report_SPM_2023.pdf,,,2023. The consolidated Sixth Assessment findings in policymaker form. Published as a standalone PDF.,The defensible source for any statement about warming trajectories or remaining carbon budgets in the plan's opening case.
UN04,policy,Public,IPCC AR6 Working Group I: Summary for Policymakers,IPCC,International,Policy and Regulation,Audits and assessments,Assessment,2021,file,True,False,,,Climate Resilience,False,"Source read off an official index page, file not opened",https://sustainoc.github.io/Docs3/04_International/UN_IPCC_AR6_WG1_SPM_2021.pdf,https://sustainoc.github.io/Docs3/04_International/UN_IPCC_AR6_WG1_SPM_2021.pdf,https://www.ipcc.ch/report/ar6/wg1/downloads/report/IPCC_AR6_WGI_SPM.pdf,04_International/UN_IPCC_AR6_WG1_SPM_2021.pdf,,,2021. The physical science basis in policymaker form. This copy matches the SPM extract rather than the longer cover-wrapped standalone edition.,"Source for regional climate projections framing, which feeds the physical-risk side of Financial and Risk Realities."
UN02,policy,Public,"Decision 1/CP.21, Adoption of the Paris Agreement",UNFCCC,International,Policy and Regulation,Other,Decision,2015,file,True,False,Planning and Administration,Policy / Planning,,False,Source fetched and confirmed,https://sustainoc.github.io/Docs3/04_International/UN_Paris_Agreement_COP21_Decision_1-CP21.pdf,https://sustainoc.github.io/Docs3/04_International/UN_Paris_Agreement_COP21_Decision_1-CP21.pdf,https://unfccc.int/sites/default/files/resource/parisagreement_publication.pdf,04_International/UN_Paris_Agreement_COP21_Decision_1-CP21.pdf,,,Document symbol FCCC/CP/2015/10/Add.1. The COP21 decision with the Agreement annexed.,The formal citation for how the Agreement was adopted. Needed only where a document has to be cited precisely.
UN01,policy,Public,"Paris Agreement, full text",UNFCCC,International,Policy and Regulation,Other,Treaty,2015,file,True,False,Operations; Planning and Administration,Carbon Zero; Policy / Planning,,False,Source fetched and confirmed,https://sustainoc.github.io/Docs3/04_International/UN_Paris_Agreement_2015_Full_Text.pdf,https://sustainoc.github.io/Docs3/04_International/UN_Paris_Agreement_2015_Full_Text.pdf,https://unfccc.int/files/meetings/paris_nov_2015/application/pdf/paris_agreement_english_.pdf,04_International/UN_Paris_Agreement_2015_Full_Text.pdf,,,"The standalone Agreement text, Articles 1 to 29, adopted 12 December 2015. Sixteen pages.",The top rung of the target ladder. Quote Article 2 rather than paraphrasing 'the Paris target'.
CT01,policy,Public,Climate Resilient Kelowna Strategy,City of Kelowna,Okanagan and Shuswap cities,Municipal Climate Planning,Plans and strategies,Strategy,2024,file,True,True,Operations; Planning and Administration,Carbon Zero; Policy / Planning,Climate Resilience,False,Source fetched and confirmed,https://sustainoc.github.io/Docs3/05_City_Plans/Kelowna/CITY_Kelowna_Climate_Resilient_Strategy_2024.pdf,https://sustainoc.github.io/Docs3/05_City_Plans/Kelowna/CITY_Kelowna_Climate_Resilient_Strategy_2024.pdf,https://www.kelowna.ca/sites/files/1/docs/related/attachment_1_climate_resilient_kelowna_strategy_23sept24.pdf,05_City_Plans/Kelowna/CITY_Kelowna_Climate_Resilient_Strategy_2024.pdf,,,"September 2024. Targets 40 percent below 2007 by 2030 and net zero by 2050, across 10 drivers, 27 strategies and 153 actions. Supersedes Kelowna's 2018 to 2023 Community Climate Action Plan, whose URL now redirects here.","The community inventory boundary OC Kelowna sits inside, and the closest municipal target OC's Kelowna campus will be measured against by neighbours."
CT02,policy,Public,Corporate Strategic Energy Management Plan,City of Kelowna,Okanagan and Shuswap cities,Municipal Climate Planning,Plans and strategies,Plan,2023,file,True,False,Operations; Engagement,Infrastructure (Energy/Water); Performance Measurement,,False,Source fetched and confirmed,https://sustainoc.github.io/Docs3/05_City_Plans/Kelowna/CITY_Kelowna_Corporate_Sustainable_Energy_Management_Plan.pdf,https://sustainoc.github.io/Docs3/05_City_Plans/Kelowna/CITY_Kelowna_Corporate_Sustainable_Energy_Management_Plan.pdf,https://www.kelowna.ca/sites/files/1/docs/community/city_of_kelowna_corporate_semp_final_report_0.pdf,05_City_Plans/Kelowna/CITY_Kelowna_Corporate_Sustainable_Energy_Management_Plan.pdf,,,"Final report January 2023, 47 pages. Targets a 40 percent corporate GHG cut below 2007 by 2030 and a 20 percent energy-intensity cut below 2012. NOTE: the City calls this the Corporate STRATEGIC Energy Management Plan; the filename says Sustainable.","A same-city corporate SEMP with an energy-intensity KPI, directly comparable to what OC needs for its own building portfolio."
CT08,policy,Public,Penticton Corporate Energy and Emissions Plan,City of Penticton,Okanagan and Shuswap cities,Municipal Climate Planning,Plans and strategies,Plan,2022,file,True,False,Operations,Infrastructure (Energy/Water); Carbon Zero,,False,Source fetched and confirmed,https://sustainoc.github.io/Docs3/05_City_Plans/Penticton/CITY_Penticton_Corporate_Energy_and_Emissions_Plan_2022.pdf,https://sustainoc.github.io/Docs3/05_City_Plans/Penticton/CITY_Penticton_Corporate_Energy_and_Emissions_Plan_2022.pdf,https://www.penticton.ca/sites/default/files/docs/our-community/environment/2022-05-17-PDF-2022%20Corporate%20Energy%20and%20Emissions%20Plan_0.pdf,05_City_Plans/Penticton/CITY_Penticton_Corporate_Energy_and_Emissions_Plan_2022.pdf,,,"May 2022, roughly 95 pages. Targets a 30 percent corporate GHG cut by 2025 and 45 percent by 2030 against a 2009 baseline. Not linked from the City's climate action page.","A recent corporate energy plan from an OC campus city, with explicit interim and 2030 targets against a fixed baseline."
CT06,policy,Public,Penticton Community Climate Action Plan,City of Penticton,Okanagan and Shuswap cities,Municipal Climate Planning,Plans and strategies,Plan,2021,file,True,False,Operations; Planning and Administration,Carbon Zero; Transportation; Policy / Planning,,False,Source fetched and confirmed,https://sustainoc.github.io/Docs3/05_City_Plans/Penticton/CITY_Penticton_Community_Climate_Action_Plan_2021.pdf,https://sustainoc.github.io/Docs3/05_City_Plans/Penticton/CITY_Penticton_Community_Climate_Action_Plan_2021.pdf,https://www.penticton.ca/sites/default/files/docs/our-community/environment/2021%20Community%20Climate%20Action%20Plan.pdf,05_City_Plans/Penticton/CITY_Penticton_Community_Climate_Action_Plan_2021.pdf,,,"October 2021, with appendices A to G. Prepared with the Community Energy Association, part-funded by FortisBC and Emotive.","Community context for OC Penticton, and a model of a plan built with external funding partners."
CT07,policy,Public,Penticton Corporate Climate Action Plan,City of Penticton,Okanagan and Shuswap cities,Municipal Climate Planning,Plans and strategies,Plan,2011,file,True,False,Planning and Administration,Policy / Planning,,False,Source fetched and confirmed,https://sustainoc.github.io/Docs3/05_City_Plans/Penticton/CITY_Penticton_Corporate_Climate_Action_Plan_2011.pdf,https://sustainoc.github.io/Docs3/05_City_Plans/Penticton/CITY_Penticton_Corporate_Climate_Action_Plan_2011.pdf,https://www.penticton.ca/sites/default/files/docs/our-community/environment/Corporate%20Climate%20Action%20Plan.pdf,05_City_Plans/Penticton/CITY_Penticton_Corporate_Climate_Action_Plan_2011.pdf,,,"January 2011, Stantec, under the South Okanagan Similkameen Climate Action Planning Project. Functionally superseded by the 2022 Corporate Energy and Emissions Plan. RISK: the source URL carries no year, so a future corporate plan could silently overwrite it.",Historical baseline showing how far municipal practice has moved in fifteen years. Useful for framing OC's own starting point honestly.
CT10,policy,Public,Salmon Arm Climate Projections technical memorandum,City of Salmon Arm,Okanagan and Shuswap cities,Municipal Climate Planning,"Studies, surveys and data",Study,2025,file,True,False,,,Climate Resilience,False,Source fetched and confirmed,https://sustainoc.github.io/Docs3/05_City_Plans/Salmon_Arm/CITY_SalmonArm_Climate_Projections_Report.pdf,https://sustainoc.github.io/Docs3/05_City_Plans/Salmon_Arm/CITY_SalmonArm_Climate_Projections_Report.pdf,https://www.salmonarm.ca/DocumentCenter/View/6909/Climate-Projections-Memo,05_City_Plans/Salmon_Arm/CITY_SalmonArm_Climate_Projections_Report.pdf,,,"Prepared for the Salmon Arm Climate Resiliency Plan, current source version dated 11 April 2025. VERSIONED SOURCE: the City re-issues this memo at the same URL, so confirm which revision this copy is.","Regional climate projections for the Shuswap, feeding the physical-risk assessment for OC Salmon Arm."
CT11,policy,Public,Salmon Arm GHG Emissions Modelling technical memorandum,City of Salmon Arm,Okanagan and Shuswap cities,Municipal Climate Planning,"Studies, surveys and data",Study,2025,file,True,False,Operations; Engagement,Carbon Zero; Performance Measurement,,False,Source fetched and confirmed,https://sustainoc.github.io/Docs3/05_City_Plans/Salmon_Arm/CITY_SalmonArm_GHG_Emissions_Modelling_Report.pdf,https://sustainoc.github.io/Docs3/05_City_Plans/Salmon_Arm/CITY_SalmonArm_GHG_Emissions_Modelling_Report.pdf,https://www.salmonarm.ca/DocumentCenter/View/6910/Green-House-Gas-Emmission-Modeling-Report,05_City_Plans/Salmon_Arm/CITY_SalmonArm_GHG_Emissions_Modelling_Report.pdf,,,"Current source version issued 24 October 2025, previous issue 31 July 2025. VERSIONED SOURCE: confirm which revision this copy is. Companion documents exist at the same source, including a Hazard Risk and Vulnerability Analysis.",Community and corporate emissions modelling for the smallest OC campus city.
CT09,policy,Public,Salmon Arm Climate Action Report,City of Salmon Arm,Okanagan and Shuswap cities,Municipal Climate Planning,Statutory and climate reporting,Statutory report,2020,file,True,False,Engagement,Performance Measurement,,False,Source fetched and confirmed,https://sustainoc.github.io/Docs3/05_City_Plans/Salmon_Arm/CITY_SalmonArm_Climate_Action_Report_2020.pdf,https://sustainoc.github.io/Docs3/05_City_Plans/Salmon_Arm/CITY_SalmonArm_Climate_Action_Report_2020.pdf,https://www.salmonarm.ca/DocumentCenter/View/3259/City-of-Salmon-Arm---2020-climate-action-report,05_City_Plans/Salmon_Arm/CITY_SalmonArm_Climate_Action_Report_2020.pdf,,,"Submitted to the Province 5 May 2021. UNLISTED SOURCE: not linked from the City's current climate page, reachable only by its document-centre ID.","Municipal reporting context for OC Salmon Arm, and another case where the library copy is the reliable one."
CT05,policy,Public,Vernon Local Government Climate Action Program survey and attestation,City of Vernon,Okanagan and Shuswap cities,Municipal Climate Planning,Statutory and climate reporting,Statutory report,2024,file,True,False,Engagement; Planning and Administration; Operations,Performance Measurement; Policy / Planning; Carbon Zero,,False,Source fetched and confirmed,https://sustainoc.github.io/Docs3/05_City_Plans/Vernon/CITY_Vernon_Local_Govt_Climate_Action_Report_2024.pdf,https://sustainoc.github.io/Docs3/05_City_Plans/Vernon/CITY_Vernon_Local_Govt_Climate_Action_Report_2024.pdf,https://www.vernon.ca/sites/default/files/docs/Sustainability/Climate-Action/LGCAP2024-final-report.pdf,05_City_Plans/Vernon/CITY_Vernon_Local_Govt_Climate_Action_Report_2024.pdf,,,"Signed and submitted 31 July 2024, reporting on the 2023 calendar year. The reporting year is not printed on a cover page; it appears in the question wording, which asks about emissions measured 'for the 2023 calendar year'. Vernon's own stated targets in this submission are 50 percent by 2030, 75 percent by 2040 and 100 percent by 2050, all steeper than the provincial 40 / 60 / 80 legislated targets.","Shows the provincial survey-and-attestation format local governments file, a useful comparator to OC's own CCAR template. More usefully, it records a neighbouring municipality voluntarily committing beyond the provincial target, which is a relevant reference point when OC sets its own ambition."
CT03,policy,Public,City of Vernon Climate Action Plan,City of Vernon,Okanagan and Shuswap cities,Municipal Climate Planning,Plans and strategies,Plan,2021,file,True,False,Operations; Planning and Administration,Carbon Zero; Transportation; Policy / Planning,,False,Source fetched and confirmed,https://sustainoc.github.io/Docs3/05_City_Plans/Vernon/CITY_Vernon_Climate_Action_Plan_2021.pdf,https://sustainoc.github.io/Docs3/05_City_Plans/Vernon/CITY_Vernon_Climate_Action_Plan_2021.pdf,https://www.vernon.ca/sites/default/files/docs/Sustainability/Climate-Action/210408_cap_full_final.pdf,05_City_Plans/Vernon/CITY_Vernon_Climate_Action_Plan_2021.pdf,,,"April 2021. FLAG: Vernon opened a review of this plan in early 2026, so it may be superseded shortly.",Municipal context for OC Vernon. Watch for the refreshed version before citing targets.
CT04,policy,Public,Vernon GHG Emissions Modelling and Reduction Targets Report,City of Vernon,Okanagan and Shuswap cities,Municipal Climate Planning,"Studies, surveys and data",Study,2020,file,True,False,Operations; Engagement,Carbon Zero; Performance Measurement,,False,Source fetched and confirmed,https://sustainoc.github.io/Docs3/05_City_Plans/Vernon/CITY_Vernon_Emissions_Modelling_Actions_Targets_2020.pdf,https://sustainoc.github.io/Docs3/05_City_Plans/Vernon/CITY_Vernon_Emissions_Modelling_Actions_Targets_2020.pdf,https://www.vernon.ca/sites/default/files/docs/Sustainability/Climate-Action/20_02_12_modelling_actions_targets_report.pdf,05_City_Plans/Vernon/CITY_Vernon_Emissions_Modelling_Actions_Targets_2020.pdf,,,"February 2020. 2017 baseline of 309,407 tCO2e, split 63 percent transport, 26 percent natural gas, 7 percent waste. ORPHANED SOURCE: no longer linked from any current City page, found by search only.","A worked municipal modelling method, and a cautionary case for why the library copy matters. The source could disappear without notice."
R0349,peers,Public (peer publication),BCIT Electric Vehicles program area,BCIT,BC College Sector,Transportation,Curriculum and programs,Curriculum,Current,link,False,False,Academics,Curriculum,Trades for the Transition,False,Seen in search,https://www.bcit.ca/transportation/areas-of-study/automotive/electric-vehicles/,,https://www.bcit.ca/transportation/areas-of-study/automotive/electric-vehicles/,,2026-08-18,LINK-SAVED,"BCIT was the 2019 pilot site for BC's EV Maintenance Training before expansion to three more colleges, one of which was Okanagan College.",The origin institution to approach on EV technician curriculum sharing.
R0348,peers,Public (peer publication),BCIT ZEB microcredential catalogue,BCIT,BC College Sector,Curriculum and Research,Curriculum and programs,Curriculum,Current,link,False,True,Academics,Curriculum,Trades for the Transition,False,Fetched,https://www.bcit.ca/zero-energy-building/programs/,,https://www.bcit.ca/zero-energy-building/programs/,,2026-08-18,LINK-SAVED,"Wind Turbine Essentials, Renewable Energy Electrical Systems, Renewable Energy Fundamentals for Electricians, Intro to Photovoltaics, Net-Zero and Passive House Construction, Mass Timber Construction.","A ready curriculum menu OC could license, partner on, or mirror rather than build from zero."
R0347,peers,Public (peer publication),Zero Energy Emissions Buildings Learning Centre ZEBLC,BCIT,BC College Sector,Energy and Buildings,Curriculum and programs,Program,Ongoing,link,False,True,Academics; Operations,Curriculum; Infrastructure (Energy/Water),Trades for the Transition,False,Fetched,https://www.bcit.ca/zero-energy-building/,,https://www.bcit.ca/zero-energy-building/,,2026-08-18,LINK-SAVED,"Microcredential hub training trades professionals in net-zero design, retrofits, BC Energy Step Code and Passive House. Flagship: a Residential Air-to-Air Heat Pump Specialist microcredential, 90-100% tuition-subsidized through Mar 2027. Funded by BC Housing, BC Hydro, Vancity, REFBC and FortisBC.",The single closest existing BC blueprint for OC's flagship initiative. A utility-funded heat-pump installer microcredential with a living-lab facility.
R0346,peers,Public (peer publication),BCIT STARS Report Silver,BCIT,BC College Sector,STARS,STARS,STARS,2024,link,False,False,Planning and Administration,Policy / Planning,,False,Fetched,https://reports.aashe.org/institutions/british-columbia-institute-of-technology-bc/report/2024-08-20/,,https://reports.aashe.org/institutions/british-columbia-institute-of-technology-bc/report/2024-08-20/,,2026-08-18,LINK-SAVED,"Silver, valid to Oct 2027. The large polytechnic with the trades focus most comparable to OC's mandate.",The closest STARS peer for a trades-heavy institution's scoring pattern.
R0383,peers,Public (peer publication),Envisioning 2030 strategic plan,Capilano University,BC College Sector,Plans and Strategies,Plans and strategies,Strategic plan,Current,link,False,False,Planning and Administration,Policy / Planning,,False,Landing page only,https://www.capilanou.ca/about-capu/governance/presidents-office/strategic-initiatives/envisioning-2030/,,https://www.capilanou.ca/about-capu/governance/presidents-office/strategic-initiatives/envisioning-2030/,,2026-08-18,LINK-SAVED,Institutional renewal vision referencing sustainability. No numeric targets found and no PDF located.,Limited use as found. Would need a direct request to CapU for the underlying document.
R0379,peers,Public (peer publication),Illuminating 2030 Academic Plan Summary,Capilano University,BC College Sector,Curriculum and Research,Plans and strategies,Academic plan,Current,file,False,False,Academics,Curriculum,Indigenous relationality,False,Fetched,https://www.capilanou.ca/media/capilanouca/about-capu/governance/presidentx27s-office/reports-amp-initiatives/illuminating-2030/Illuminating-2030-Summary-Document.pdf,https://sustainoc.github.io/Docs2/07_BC-College-Sector/Capilano-University/07_Curriculum-and-Research/2024_CapU_Illuminating-2030-Academic-Plan-Summary.pdf,https://www.capilanou.ca/media/capilanouca/about-capu/governance/presidentx27s-office/reports-amp-initiatives/illuminating-2030/Illuminating-2030-Summary-Document.pdf,07_BC-College-Sector/Capilano-University/07_Curriculum-and-Research/2024_CapU_Illuminating-2030-Academic-Plan-Summary.pdf,2026-08-18,OK,"A 10-year academic plan that explicitly names climate in crisis as a challenge the university must address, alongside land and place-based learning and Indigenous reconciliation.",Model for embedding sustainability into an academic plan rather than only an operational one. Relevant to OC's Academics focus area.
R0378,peers,Public (peer publication),Climate Change Accountability Report 2025,Capilano University,BC College Sector,Climate and GHG Reporting,Statutory and climate reporting,Statutory report,2025,file,False,False,Operations,Carbon Zero; Infrastructure (Energy/Water),,False,Fetched,https://www2.gov.bc.ca/assets/gov/environment/climate-change/cnar/2025/ps/capilano_university_2025_ccar.pdf,https://sustainoc.github.io/Docs2/07_BC-College-Sector/Capilano-University/02_Climate-and-GHG-Reporting/2025_CapU_Climate-Change-Accountability-Report-2025.pdf,https://www2.gov.bc.ca/assets/gov/environment/climate-change/cnar/2025/ps/capilano_university_2025_ccar.pdf,07_BC-College-Sector/Capilano-University/02_Climate-and-GHG-Reporting/2025_CapU_Climate-Change-Accountability-Report-2025.pdf,2026-08-18,OK,"1,889 tCO2e, 13.4% below the 2010 baseline but up 17.1% year over year. 94% of emissions are stationary building energy. Offsets cost $45,348. The new Fulmer Family Centre targets LEED Gold and is fully electric.","A cautionary data point: a Silver-STARS institution with an active energy plan still posted a year-over-year emissions increase. Useful for setting non-linear, honest OC targets."
R0381,peers,Public (peer publication),Sustainability Goals Are We On Track progress review,Capilano University,BC College Sector,Plans and Strategies,Reports and progress updates,Progress review,2025,link,False,False,Operations; Academics,Transportation; Carbon Zero; Curriculum,,False,Fetched,https://www.capilanocourier.com/2025/03/01/capus-sustainability-goals-are-we-on-track/,,https://www.capilanocourier.com/2025/03/01/capus-sustainability-goals-are-we-on-track/,,2026-08-18,LINK-SAVED,"Reports a 10-year Campus Energy and Emissions Plan target of 50% below 2007 by 2030, delayed by COVID. 73% of students use sustainable commuting per a 2024 survey. U-Pass BC and carpool incentives in place. A $1.5M NSERC Mobilize climate-research grant in 2023.",The 73% sustainable-commute figure is a strong TDM benchmark. Also a model of public accountability tracking against stated targets.
R0380,peers,Public (peer publication),STARS Report Silver 55.02,Capilano University,BC College Sector,STARS,STARS,STARS,2024,link,False,True,,,,True,Fetched,https://reports.aashe.org/institutions/capilano-university-bc/report/2024-07-02/,,https://reports.aashe.org/institutions/capilano-university-bc/report/2024-07-02/,,2026-08-18,LINK-SAVED,"STARS Silver, 55.02 points, submitted 2 July 2024, valid to 8 Aug 2027.",An active Silver rating at a teaching-focused multi-campus peer. A realistic first-target benchmark alongside UFV and UNBC.
R0382,peers,Public (peer publication),Squamish MOU 13 Collaboration Areas,Capilano University,BC College Sector,Governance and Policy,Policy and governance,Agreement,2023,link,False,False,Planning and Administration,Policy / Planning; Investment,Indigenous relationality,False,Fetched,https://www.squamishreporter.com/2023/10/20/13-things-capilano-university-and-squamish-plan-to-work-on/,,https://www.squamishreporter.com/2023/10/20/13-things-capilano-university-and-squamish-plan-to-work-on/,,2026-08-18,LINK-SAVED,"A multi-campus town-gown MOU including a dedicated climate-action commitment, a circular-economy commitment with 1.25 FTE faculty time and about $16,500, and an Indigenous partnership tied to the Atl'ka7tsem/Howe Sound Biosphere Region Society.","Template for formalizing sustainability MOUs with Kelowna, Vernon, Salmon Arm and Penticton. Directly analogous multi-campus town-gown structure."
R0368,peers,Public (peer publication),Applied Coastal Ecology Environmental Geoscience diplomas,Coast Mountain College,BC College Sector,Curriculum and Research,Curriculum and programs,Curriculum,Current,link,False,False,Academics,Curriculum; Applied Research,,False,Fetched,https://www.coastmountaincollege.ca/programs/study/science/coast-mountain-ecology,,https://www.coastmountaincollege.ca/programs/study/science/coast-mountain-ecology,,2026-08-18,LINK-SAVED,"Place-based environmental science diplomas. No institution-wide sustainability plan, STARS rating or climate targets found.",A curriculum-only sustainability posture. A useful contrast to OC's integrated four-pillar approach.
R0369,peers,Public (peer publication),CNC Strategic Plan #CNCNext50,College of New Caledonia,BC College Sector,Plans and Strategies,Plans and strategies,Plan,Current,link,False,False,Planning and Administration,Policy / Planning,,False,Fetched,https://cnc.bc.ca/docs/default-source/about/initiatives-reports/strategic-plan/strategic-plan,,https://cnc.bc.ca/docs/default-source/about/initiatives-reports/strategic-plan/strategic-plan,,2026-08-18,LINK-SAVED,"No sustainability, climate or environmental goals surfaced in the institutional strategic plan. A CNC CCAR exists via the provincial index.",A negative benchmark showing how far ahead a published four-pillar plan already puts OC.
R0385,peers,Public (peer publication),Sustainability and Climate Action Plan townhall draft,Emily Carr University,BC College Sector,Plans and Strategies,Plans and strategies,Plan in development,Current,link,False,False,Planning and Administration; Engagement,Policy / Planning; Communications,,False,Fetched,https://www.ecuad.ca/events/sustainability-climate-action-plan-community-townhall,,https://www.ecuad.ca/events/sustainability-climate-action-plan-community-townhall,,2026-08-18,LINK-SAVED,A Climate Action Task Force established Fall 2020 presented a draft Sustainability and Climate Action Plan after more than two years of consultation. No finalized plan was locatable.,A stakeholder-townhall consultation format OC could mirror. Note the plan itself is not confirmed published.
R0384,peers,Public (peer publication),Climate Change Accountability Report 2025,Emily Carr University,BC College Sector,Climate and GHG Reporting,Statutory and climate reporting,Statutory report,2025,file,False,False,Operations,Carbon Zero; Infrastructure (Energy/Water),,False,Fetched,https://www2.gov.bc.ca/assets/gov/environment/climate-change/cnar/2025/ps/emily_carr_2025_ccar.pdf,https://sustainoc.github.io/Docs2/07_BC-College-Sector/Emily-Carr-University/02_Climate-and-GHG-Reporting/2025_ECU_Climate-Change-Accountability-Report-2025.pdf,https://www2.gov.bc.ca/assets/gov/environment/climate-change/cnar/2025/ps/emily_carr_2025_ccar.pdf,07_BC-College-Sector/Emily-Carr-University/02_Climate-and-GHG-Reporting/2025_ECU_Climate-Change-Accountability-Report-2025.pdf,2026-08-18,OK,"176 tCO2e, fully offset at $4,400. Actions include lighting and HVAC scheduling optimization, metering recalibration, EV charging, and a planned 2026 propane-to-electric forklift swap.","A minimum-viable CCAR at single-campus scale. Least transferable to OC's 45 buildings, useful mainly as a floor comparator."
R0386,peers,Public (peer publication),Climate Action at ECU update,Emily Carr University,BC College Sector,Plans and Strategies,Reports and progress updates,Update,2021,link,False,False,Engagement,Communications,Climate Resilience,False,Fetched,https://www.ecuad.ca/updates/climate-action-at-ecu,,https://www.ecuad.ca/updates/climate-action-at-ecu,,2026-08-18,LINK-SAVED,Task force formed Fall 2020 in response to student activism and Senate discussion. Student Climate Action Network established 2019. No numeric targets.,A governance-process example only. Advocacy-oriented rather than metrics-driven.
R0389,peers,Public (peer publication),Emergency and Disaster Management programs,JIBC,BC College Sector,Curriculum and Research,Curriculum and programs,Curriculum,Current,link,False,False,Academics,Curriculum,Climate Resilience,False,Seen in search,https://www.jibc.ca/areas-of-study/emergency-management,,https://www.jibc.ca/areas-of-study/emergency-management,,2026-08-18,LINK-SAVED,Formal disaster and emergency management credentials. Institutional capacity directly relevant to climate-resilience training.,A potential curriculum partner if OC ever builds climate-emergency content into trades or general education.
R0387,peers,Public (peer publication),Climate Change Accountability Report 2025,JIBC,BC College Sector,Climate Risk and Resilience,Statutory and climate reporting,Statutory report,2025,file,False,True,Operations,Infrastructure (Energy/Water); Carbon Zero,Climate Resilience,False,Fetched,https://www2.gov.bc.ca/assets/gov/environment/climate-change/cnar/2025/ps/justice_institue_of_bc_2025_ccar.pdf,https://sustainoc.github.io/Docs2/07_BC-College-Sector/Justice-Institute-of-BC/11_Climate-Risk-and-Resilience/2025_JIBC_Climate-Change-Accountability-Report-2025.pdf,https://www2.gov.bc.ca/assets/gov/environment/climate-change/cnar/2025/ps/justice_institue_of_bc_2025_ccar.pdf,07_BC-College-Sector/Justice-Institute-of-BC/11_Climate-Risk-and-Resilience/2025_JIBC_Climate-Change-Accountability-Report-2025.pdf,2026-08-18,OK,"742 tCO2e, up 4% year over year. A Strategic Energy Management Plan targets a 44% energy-use cut by 2029/30 against 2008/09. Critically, JIBC conducts wildfire-smoke and extreme-heat vulnerability and HVAC-filtration assessments, with a full climate vulnerability assessment planned for 2026.",The best physical-climate-adaptation model found anywhere in this project. A direct template for a wildfire-smoke and extreme-heat HVAC resilience assessment across OC's four Interior campuses. Serves target T4.
R0388,peers,Public (peer publication),STARS Report Bronze 32.33,JIBC,BC College Sector,STARS,STARS,STARS,2025,link,False,False,,,,True,Fetched,https://reports.aashe.org/institutions/justice-institute-of-british-columbia-bc/report/,,https://reports.aashe.org/institutions/justice-institute-of-british-columbia-bc/report/,,2026-08-18,LINK-SAVED,"STARS Bronze, 32.33 points, submitted 25 Sept 2025, valid to 20 Oct 2028. Strongest category was Air and Climate at 9.98 of 11.","The lowest active rating in the BC set. Useful as the realistic floor for a first scored submission, and shows a resilience focus scores well in Air and Climate."
R0360,peers,Public (peer publication),KPU Electric Vehicle Maintenance Training,KPU,BC College Sector,Transportation,Curriculum and programs,Curriculum,Current,link,False,False,Academics,Curriculum,Trades for the Transition,False,Seen in search,https://www.kpu.ca/trades/auto/electric-vehicle-maintenance-training,,https://www.kpu.ca/trades/auto/electric-vehicle-maintenance-training,,2026-08-18,LINK-SAVED,Another BC EV technician offering in automotive trades.,Third data point confirming EV-tech training is now standard in BC. Benchmark curriculum hours and cost against all three.
R0361,peers,Public (peer publication),KPU Sustainable Food Systems and Security programs,KPU,BC College Sector,Waste and Procurement,Curriculum and programs,Curriculum,Current,link,False,False,Operations; Academics,Supply Chain; Curriculum,,False,Seen in search,https://www.kpu.ca/arts/sustainable-food-systems-security,,https://www.kpu.ca/arts/sustainable-food-systems-security,,2026-08-18,LINK-SAVED,Signature sustainable agriculture and food security programming.,The clear BC academic partner if OC builds a food-systems or local-procurement angle.
R0122,peers,Public (peer publication),KPU Sustainability Report 2023 2024,KPU,BC College Sector,Plans and Strategies,Reports and progress updates,Report,2024,file,True,False,Engagement,Performance Measurement; Communications,,False,Landing page only,https://sustainoc.github.io/Docs2/07_BC-College-Sector/KPU/01_Plans-and-Strategies/2024_KPU_KPU-Sustainability-Report-2023-2024.pdf,https://sustainoc.github.io/Docs2/07_BC-College-Sector/KPU/01_Plans-and-Strategies/2024_KPU_KPU-Sustainability-Report-2023-2024.pdf,https://www.kpu.ca/sites/default/files/Campus%20and%20Community%20Planning/Sustainability%20Report_2023-2024.pdf,07_BC-College-Sector/KPU/01_Plans-and-Strategies/2024_KPU_KPU-Sustainability-Report-2023-2024.pdf,2026-08-14,SKIPPED,Annual public report separate from STARS and CCAR filings.,Template for an annual public report distinct from the regulatory filing.
R0121,peers,Public (peer publication),KPU Sustainability Framework KPU2050,KPU,BC College Sector,Plans and Strategies,Plans and strategies,Plan,2019,file,True,False,Planning and Administration,Policy / Planning; Organizational Structure,,False,Landing page seen,https://sustainoc.github.io/Docs2/07_BC-College-Sector/KPU/01_Plans-and-Strategies/2019_KPU_KPU-Sustainability-Framework-KPU2050.pdf,https://sustainoc.github.io/Docs2/07_BC-College-Sector/KPU/01_Plans-and-Strategies/2019_KPU_KPU-Sustainability-Framework-KPU2050.pdf,https://www.kpu.ca/sites/default/files/KPU%20Sustainability%20Plan.pdf,07_BC-College-Sector/KPU/01_Plans-and-Strategies/2019_KPU_KPU-Sustainability-Framework-KPU2050.pdf,2026-08-14,SKIPPED,Sustainability as one of five institutional strategic goals. An Office of Sustainability plus a cross-departmental Sustainability Hub. SDG Accord and Race to Zero signatory. Silver STARS (2024).,"The Sustainability Hub cross-departmental model is a strong Operational Dependencies template, mirroring OC's Procurement/IT/Facilities coordination need."
R0392,peers,Public (peer publication),Indigenous Leading Practices Community Based Assessment,NVIT,BC College Sector,Indigenous and Engagement,"Studies, surveys and data",Case study,2026,link,False,False,Engagement,Training,Indigenous relationality,False,Fetched,https://www2.gov.bc.ca/gov/content/education-training/post-secondary-education/aboriginal-education-training/indigenous-leading-practices/case-study-nvit,,https://www2.gov.bc.ca/gov/content/education-training/post-secondary-education/aboriginal-education-training/indigenous-leading-practices/case-study-nvit,,2026-08-18,LINK-SAVED,"NVIT's culturally responsive Community Based Assessment service, Elder-led openings, strength-based feedback and individualized plans, serving 900+ students across 50+ communities since 2011.",A governance and process model for embedding Indigenous protocols into institutional service delivery. Relevant to OC's Layer 0 even though it is not an environmental document.
R0390,peers,Public (peer publication),Climate Change Accountability Report 2025,NVIT,BC College Sector,Climate and GHG Reporting,Statutory and climate reporting,Statutory report,2025,file,False,False,Operations,Carbon Zero; Infrastructure (Energy/Water); Transportation,,False,Fetched,https://www2.gov.bc.ca/assets/gov/environment/climate-change/cnar/2025/ps/nicola_valley_institute_of_technology_2025_ccar.pdf,https://sustainoc.github.io/Docs2/07_BC-College-Sector/Nicola-Valley-Institute-of-Technology/02_Climate-and-GHG-Reporting/2025_NVIT_Climate-Change-Accountability-Report-2025.pdf,https://www2.gov.bc.ca/assets/gov/environment/climate-change/cnar/2025/ps/nicola_valley_institute_of_technology_2025_ccar.pdf,07_BC-College-Sector/Nicola-Valley-Institute-of-Technology/02_Climate-and-GHG-Reporting/2025_NVIT_Climate-Change-Accountability-Report-2025.pdf,2026-08-18,OK,"274 tCO2e plus 534 t biogenic reported separately, offsets $6,700. Geothermal serves six buildings, a heat pump serves a 900 sq ft academic building, six Level 2 EV chargers installed, a Clean Fleet Plan in development, and plans to electrify Mobile Training Labs to eliminate diesel generators.","Geothermal and heat-pump portfolio model, plus the idea of electrifying mobile training labs. Directly applicable to OC's own mobile trades assets."
R0391,peers,Public (peer publication),Centre of Excellence in Sustainability building,NVIT,BC College Sector,Energy and Buildings,Projects and announcements,Capital project,2018,link,False,True,Operations; Academics,Infrastructure (Energy/Water); Curriculum; Applied Research,,False,Fetched,https://meiklejohn.ca/projects/education/nvit-centre-of-excellence-in-sustainability/,,https://meiklejohn.ca/projects/education/nvit-centre-of-excellence-in-sustainability/,,2026-08-18,LINK-SAVED,"A 19,500 sq ft purpose-built teaching building with a live geothermal system, rooftop PV, and an educational solar array with three tilt and orientation configurations for hands-on student testing. Houses trades labs, gym, greenhouse and commercial kitchen.","The strongest living-lab building model found. Instrumented, visible building systems used as teaching tools. Directly transferable to an OC trades building retrofit and to the Four-Campus Living Lab initiative."
R0367,peers,Public (peer publication),NIC SPARK initiative unverified,North Island College,BC College Sector,Plans and Strategies,Curriculum and programs,Program lead,Recent,link,False,False,,,Trades for the Transition,False,Seen in search only,https://www.linkedin.com/,,https://www.linkedin.com/,,2026-08-18,LINK-SAVED,"NIC joins a SPARK initiative for renewable energy, tagged with skilled trades. Details unverified.",Flagged as a lead only. Follow up directly with NIC before citing.
R0366,peers,Public (peer publication),NIC Comox campus solar installation,North Island College,BC College Sector,Energy and Buildings,Projects and announcements,Project,2025,link,False,False,Operations,Infrastructure (Energy/Water),,False,Fetched,https://smallplanetenergy.ca/north-island-college-solar-installation-complete/,,https://smallplanetenergy.ca/north-island-college-solar-installation-complete/,,2026-08-18,LINK-SAVED,"160-panel, 87.2 kW rooftop array powering new student residences, offsetting roughly 8 average regional homes' annual electricity.","A concrete, quotable CAPEX-scale reference point for OC's Infrastructure baseline framing."
R0365,peers,Public (peer publication),Centre for Applied Energy and Environmental Sustainability CAEES,Northern Lights College,BC College Sector,Energy and Buildings,Curriculum and programs,Program,2025,link,False,True,Academics,Curriculum; Applied Research,Trades for the Transition,False,Fetched,https://www.nlc.bc.ca/college-news/northern-lights-college-launches-centre-for-applied-energy-and-environmental-sustainability-to-drive-energy-innovation-in-northeast-bc/,,https://www.nlc.bc.ca/college-news/northern-lights-college-launches-centre-for-applied-energy-and-environmental-sustainability-to-drive-energy-innovation-in-northeast-bc/,,2026-08-18,LINK-SAVED,"New centre blending traditional hydrocarbon training with emerging clean-energy training, funded by the NLC Foundation and industry donors. Framed explicitly as a workforce transition response.",The closest direct sibling to Trades for the Transition in the whole scan. A rural BC college building a dual traditional/clean-energy workforce centre. Worth a peer call.
R0362,peers,Public (peer publication),Royal Roads Climate Action Plan 2022 2027,Royal Roads University,BC College Sector,Plans and Strategies,Plans and strategies,Plan,2022,link,False,True,Operations,Carbon Zero,Climate Resilience,False,Fetched,https://www.royalroads.ca/ClimateActionPlan,,https://www.royalroads.ca/ClimateActionPlan,,2026-08-18,LINK-SAVED,"Net-zero campus by 2050 with 65% cut by 2025 and 80% by 2030. Four commitments: community engagement and living labs, climate resilience, mitigation/adaptation pilots, curriculum integration. Race to Zero participant.",A clean staged-percentage GHG target ladder (65% to 80% to net zero) directly reusable for OC's Carbon Zero roadmap.
R0118,peers,Public (peer publication),Selkirk College Sustainability Plan 2023 2027,Selkirk College,BC College Sector,Plans and Strategies,Plans and strategies,Plan,2023,file,False,True,Planning and Administration,Policy / Planning,,True,Fetched,https://selkirk.ca/sites/default/files/documents/selkirk-college-sustainability-plan-2023.pdf,https://sustainoc.github.io/Docs2/07_BC-College-Sector/Selkirk-College/01_Plans-and-Strategies/2023_Selkirk_Selkirk-College-Sustainability-Plan-2023-2027.pdf,https://selkirk.ca/sites/default/files/documents/selkirk-college-sustainability-plan-2023.pdf,07_BC-College-Sector/Selkirk-College/01_Plans-and-Strategies/2023_Selkirk_Selkirk-College-Sustainability-Plan-2023-2027.pdf,2026-08-14,SKIPPED,"Four-pillar plan (Academics/Research, Engagement, Operations, Planning & Admin), near-identical to OC's four focus areas. 60% building GHG cut below 2010 by 2027, net-zero by 2030 pledge, 20% increase in sustainability-defined courses.",The closest structural mirror to OC's own framework in the college sector. Benchmark pillar definitions and KPI style almost 1:1.
R0363,peers,Public (peer publication),UNBC AASHE STARS Reports Gold 68.83,UNBC,BC College Sector,STARS,STARS,STARS,2026,link,False,True,Planning and Administration,Policy / Planning,,False,Fetched,https://www.unbc.ca/sustainability/aashe-stars-reports,,https://www.unbc.ca/sustainability/aashe-stars-reports,,2026-08-18,LINK-SAVED,"Gold, 68.83, achieved Mar 6 2026, valid to Apr 2029. Up from Silver (56.09) in 2011. The best currently-active rating in the cohort.",The best-in-cohort active benchmark. A 15-year Silver-to-Gold trajectory is a realistic curve for OC's T3.
R0123,peers,Public (peer publication),UNBC Sustainability Strategic Plan 2025 2035 draft v5.1,UNBC,BC College Sector,Plans and Strategies,Plans and strategies,Plan,2025,file,True,True,Planning and Administration; Engagement,Policy / Planning; Performance Measurement,,False,Landing page seen,https://sustainoc.github.io/Docs2/07_BC-College-Sector/UNBC/01_Plans-and-Strategies/2025_UNBC_UNBC-Sustainability-Strategic-Plan-2025-2035-draft-v5.1.pdf,https://sustainoc.github.io/Docs2/07_BC-College-Sector/UNBC/01_Plans-and-Strategies/2025_UNBC_UNBC-Sustainability-Strategic-Plan-2025-2035-draft-v5.1.pdf,https://www.unbc.ca/sites/default/files/sections/sustainability/unbcsustainabilityplan2025-2035draftv5_1.pdf,07_BC-College-Sector/UNBC/01_Plans-and-Strategies/2025_UNBC_UNBC-Sustainability-Strategic-Plan-2025-2035-draft-v5.1.pdf,2026-08-14,SKIPPED,"New 10-year plan, explicitly a living document with annual progress reporting. Sustainability Office relaunched Jan 2024.",The newest full sustainability strategic plan in the BC non-research-university cohort. Worth a deep read given OC is drafting in the same window.
R0364,peers,Public (peer publication),UNBC Bioenergy Plant Canada's Green University,UNBC,BC College Sector,Energy and Buildings,Projects and announcements,Infrastructure,Since ~2011,link,False,False,Operations,Infrastructure (Energy/Water),,False,Seen in search,https://www.unbc.ca/sustainability/bioenergy-plant-image-gallery,,https://www.unbc.ca/sustainability/bioenergy-plant-image-gallery,,2026-08-18,LINK-SAVED,"Wood-pellet bioenergy plant heating campus, anchoring a trademarked green-university brand position.",Branding lesson: one flagship asset can anchor an entire external identity. A model for elevating Trades for the Transition the same way.
R0351,peers,Public (peer publication),VIU Sustainability Initiatives,VIU,BC College Sector,Plans and Strategies,Curriculum and programs,Program,Current,link,False,False,Engagement,Communications; Training,,False,Fetched,https://adm.viu.ca/sustainability/viu-sustainability-initiatives,,https://adm.viu.ca/sustainability/viu-sustainability-initiatives,,2026-08-18,LINK-SAVED,"Gamified behaviour-change campaigns: Space Heater Defeaters, Active Transportation Bingo, Energy Dance.","Low-cost, high-visibility campaign formats for OC's Engagement focus area."
R0350,peers,Public (peer publication),VIU Position Statement on Climate Action and Sustainability,VIU,BC College Sector,Plans and Strategies,Plans and strategies,Statement,2022,link,False,False,Planning and Administration,Policy / Planning; Organizational Structure,,False,Fetched,https://news.viu.ca/vancouver-island-universitys-position-statement-climate-action-and-sustainability,,https://news.viu.ca/vancouver-island-universitys-position-statement-climate-action-and-sustainability,,2026-08-18,LINK-SAVED,"Commits to BC-mandated targets: 50% building emissions and 40% fleet emissions cuts by 2030. Governed by a President's Taskforce with working groups on engagement, environmental scanning, impact assessment and adaptation/risk.",A clean four-working-group governance pattern for OC's cross-departmental structure.
R0120,peers,Public (peer publication),Camosun Climate Pathways V4,Camosun College,Comparator Institutions,Plans and Strategies,Plans and strategies,Plan,2025,file,True,False,Operations,Carbon Zero,,False,Seen in search,https://sustainoc.github.io/Docs2/10_OC_Competitors/Camosun-College/01_Plans-and-Strategies/2025_Camosun_Camosun-Climate-Pathways-V4.pdf,https://sustainoc.github.io/Docs2/10_OC_Competitors/Camosun-College/01_Plans-and-Strategies/2025_Camosun_Camosun-Climate-Pathways-V4.pdf,https://camosun.ca/sites/default/files/2025-09/ClimatePathwaysV4.pdf,10_OC_Competitors/Camosun-College/01_Plans-and-Strategies/2025_Camosun_Camosun-Climate-Pathways-V4.pdf,2026-08-14,SKIPPED,Later-generation climate pathways document succeeding the 2018 plan.,Pathway/scenario modelling format for OC's own 6-year decarbonization mapping.
R0119,peers,Public (peer publication),Camosun Sustainability Plan 201819 202122,Camosun College,Comparator Institutions,Plans and Strategies,Plans and strategies,Plan,2018,file,True,False,Operations,Infrastructure (Energy/Water); Supply Chain; Transportation,,False,Fetched,https://sustainoc.github.io/Docs2/10_OC_Competitors/Camosun-College/01_Plans-and-Strategies/2018_Camosun_Camosun-Sustainability-Plan-201819-202122.pdf,https://sustainoc.github.io/Docs2/10_OC_Competitors/Camosun-College/01_Plans-and-Strategies/2018_Camosun_Camosun-Sustainability-Plan-201819-202122.pdf,https://camosun.ca/sites/default/files/2022-07/Camosun-Sustainability-Plan-2018-2022.pdf,10_OC_Competitors/Camosun-College/01_Plans-and-Strategies/2018_Camosun_Camosun-Sustainability-Plan-201819-202122.pdf,2026-08-14,SKIPPED,"Four action pillars (Energy & Emissions, Waste & Recycling, Food, Transportation) plus cross-cutting Indigenization, EDI and Wellness. 80% below 2007 by 2050.",The Energy Savings Revolving Fund plus smart-metering rollout is a concrete OPEX mechanism OC could adopt.
R0345,peers,Public (peer publication),Camosun STARS Report page,Camosun College,Comparator Institutions,STARS,STARS,STARS,2015,link,False,False,Planning and Administration,Policy / Planning,,False,Fetched,https://camosun.ca/about/sustainability/sustainability-plan/stars-report,,https://camosun.ca/about/sustainability/sustainability-plan/stars-report,,2026-08-18,LINK-SAVED,"Silver, Nov 2015, expired. No resubmission in a decade.",Cautionary example: a rating earned once and left to lapse loses comparative value.
R0355,peers,Public (peer publication),College of the Rockies Sustainability SDG Progress Reports,College of the Rockies,Comparator Institutions,Plans and Strategies,Reports and progress updates,Report,2022-23,link,False,False,Operations,UNSDG's; Infrastructure (Energy/Water),,False,Fetched,https://cotr.bc.ca/about-us/sustainability/,,https://cotr.bc.ca/about-us/sustainability/,,2026-08-18,LINK-SAVED,"SDG Accord signatory, SDSN and AASHE member. Solar (109,000 kWh/yr), composting funded by Columbia Basin Trust, and a BBA in Sustainable Business Practices. No STARS rating.",A small-institution SDG progress-report cadence without full STARS overhead. Useful if OC wants an interim public product.
R0354,peers,Public (peer publication),Electric Vehicle Maintenance Technology certificate,College of the Rockies,Comparator Institutions,Transportation,Curriculum and programs,Curriculum,2021-ongoing,link,False,False,Academics,Curriculum,Trades for the Transition,False,Fetched,https://cotr.bc.ca/programs/electric-vehicle-training/,,https://cotr.bc.ca/programs/electric-vehicle-training/,,2026-08-18,LINK-SAVED,"Blended 8-module associate certificate for Red Seal automotive technicians and AST L3-4 apprentices. $1,199 tuition, eligible for the StrongerBC Future Skills Grant.",A turnkey pricing and delivery model OC can copy almost verbatim.
R0357,peers,Public (peer publication),Climate Action and Environmental Sustainability page,Douglas College,Comparator Institutions,Plans and Strategies,Dashboards and tools,Web page,Current,link,False,False,Planning and Administration,Policy / Planning,,False,Fetched,https://www.douglascollege.ca/about-douglas/college-initiatives/climate-action-and-environmental-sustainability,,https://www.douglascollege.ca/about-douglas/college-initiatives/climate-action-and-environmental-sustainability,,2026-08-18,LINK-SAVED,Thin public content. States the Strategic Plan includes initiatives toward a zero-carbon future but publishes no targets or plan document.,A negative benchmark showing the risk of aspirational language without metrics. Reinforces OC's own guardrail against buzzwords.
R0356,peers,Public (peer publication),Douglas College STARS Report Silver 46.21,Douglas College,Comparator Institutions,STARS,STARS,STARS,2022,link,False,False,Planning and Administration,Policy / Planning,,False,Fetched,https://reports.aashe.org/institutions/douglas-college-bc/report/2022-08-23/,,https://reports.aashe.org/institutions/douglas-college-bc/report/2022-08-23/,,2026-08-18,LINK-SAVED,"Silver, 46.21, expired Sept 2025, not renewed.",Comparator score band for OC's first scored submission.
R0359,peers,Public (peer publication),Langara Planning and Reporting + 2025 CCAR,Langara College,Comparator Institutions,Climate and GHG Reporting,Reports and progress updates,Report,2026,link,False,False,Engagement; Operations,Performance Measurement; UNSDG's,,False,Fetched,https://langara.ca/media/16679/download?inline,,https://langara.ca/media/16679/download?inline,,2026-08-18,LINK-SAVED,"Ties CCAR reporting directly to its lapsed STARS metrics and its 2023 UN SDG Accord signature, presenting one coherent narrative.","Narrative bridging: presenting STARS, CCAR and SDG data as one story even between STARS cycles."
R0358,peers,Public (peer publication),Langara STARS Report Silver 51.63,Langara College,Comparator Institutions,STARS,STARS,STARS,2021,link,False,False,Planning and Administration,Policy / Planning,,False,Fetched,https://reports.aashe.org/institutions/langara-college-bc/report/2021-06-24/,,https://reports.aashe.org/institutions/langara-college-bc/report/2021-06-24/,,2026-08-18,LINK-SAVED,"Silver, 51.63, expired Aug 2024, not renewed.",Comparator score.
R0376,peers,Public (peer publication),Clean Energy Technology Diploma and Wind Turbine Technician,VCC,Comparator Institutions,Curriculum and Research,Projects and announcements,News,2025,link,False,True,Academics,Curriculum,Trades for the Transition,False,Fetched,https://educationnewscanada.com/article/education/level/colleges/2/1167635/how-vcc-is-evolving-to-meet-future-clean-energy-labour-market-demands.html,,https://educationnewscanada.com/article/education/level/colleges/2/1167635/how-vcc-is-evolving-to-meet-future-clean-energy-labour-market-demands.html,,2026-08-18,LINK-SAVED,"VCC is launching at least five new clean-energy programs from 2026, starting with a Clean Energy Technology Diploma and a Wind Turbine Maintenance Technician program, framed as a labour-market response to CleanBC.",Evidence a trades-mandate peer has already moved from strategy to enrolled programs. De-risks OC's own green-trades curriculum proposals.
R0372,peers,Public (peer publication),Climate Change Accountability Report 2025,VCC,Comparator Institutions,Climate and GHG Reporting,Statutory and climate reporting,Statutory report,2025,file,False,True,Operations; Academics,Carbon Zero; Infrastructure (Energy/Water); Curriculum,,False,Fetched,https://www2.gov.bc.ca/assets/gov/environment/climate-change/cnar/2025/ps/vancouver_community_college_2025_ccar.pdf,https://sustainoc.github.io/Docs2/10_OC_Competitors/Vancouver-Community-College/02_Climate-and-GHG-Reporting/2025_VCC_Climate-Change-Accountability-Report-2025.pdf,https://www2.gov.bc.ca/assets/gov/environment/climate-change/cnar/2025/ps/vancouver_community_college_2025_ccar.pdf,10_OC_Competitors/Vancouver-Community-College/02_Climate-and-GHG-Reporting/2025_VCC_Climate-Change-Accountability-Report-2025.pdf,2026-08-18,OK,"1,253 tCO2e, 58% below the 2007 baseline and a 51% energy-intensity cut since 2007. 2025 actions include 12 heat pumps at Downtown Campus, an LED retrofit, a Kitchen Electrification Project, and an instructional fleet with electric semis and hydrogen fuel-cell vehicles.",Closest mandate-match CCAR in BC. Also the clearest example of framing a trades teaching fleet as both an emissions line and a curriculum asset.
R0377,peers,Public (peer publication),Top 5 Sustainability Initiatives,VCC,Comparator Institutions,Plans and Strategies,Projects and announcements,News,2025,link,False,False,Operations; Engagement,Infrastructure (Energy/Water); UNSDG's; Communications,,False,Fetched,https://www.vcc.ca/about/college-information/news/article/vccs-top-5-sustainability-initiatives.html,,https://www.vcc.ca/about/college-information/news/article/vccs-top-5-sustainability-initiatives.html,,2026-08-18,LINK-SAVED,"$8M in energy savings since 2007, 47% energy reduction and 61% GHG reduction against 2007, exceeding BC's 2040 target. Also a Zero Waste Eco Heroes office-supply recycling program launched Sept 2024.","A low-cost, high-visibility waste and engagement program replicable across OC's four campuses."
R0375,peers,Public (peer publication),CCEAI Province of BC announcement,VCC,Comparator Institutions,Curriculum and Research,Projects and announcements,News,2023,link,False,False,Academics,Curriculum,Trades for the Transition,False,Seen in search,https://news.gov.bc.ca/releases/2023PREM0044-001195,,https://news.gov.bc.ca/releases/2023PREM0044-001195,,2026-08-18,LINK-SAVED,Province of BC announcement of the Centre for Clean Energy and Automotive Innovation.,"The provincial framing and funding rationale, useful for a business case written for government readers."
R0374,peers,Public (peer publication),Centre for Clean Energy and Automotive Innovation,VCC,Comparator Institutions,Curriculum and Research,Projects and announcements,Capital project,2023-2025,link,False,True,Academics; Operations,Curriculum; Applied Research; Infrastructure (Energy/Water),Trades for the Transition,False,Seen in search,https://www.vcc.ca/about/college-information/news/article/new-centre-for-clean-energy-and-automotive-innovation-coming-to-great-northern-w.html,,https://www.vcc.ca/about/college-information/news/article/new-centre-for-clean-energy-and-automotive-innovation-coming-to-great-northern-w.html,,2026-08-18,LINK-SAVED,"$291.3M expansion at Broadway Campus for 700+ new FTE, completion targeted 2027, purpose-built for zero-emission vehicle and clean-energy trades training and explicitly tied to CleanBC's 40%-by-2030 target.",The flagship BC precedent for Trades for the Transition. Cite this when building the capital and curriculum case.
R0373,peers,Public (peer publication),Environmental Sustainability Strategy 2014 2017,VCC,Comparator Institutions,Plans and Strategies,Plans and strategies,Strategy,2014,file,False,False,Planning and Administration; Engagement; Academics,Policy / Planning; Training; Curriculum,,False,Fetched,https://www.vcc.ca/media/vancouver-community-college/content-assets/documents/news-events/Enviro_Strat_Plan_14-17_FINAL.pdf,https://sustainoc.github.io/Docs2/10_OC_Competitors/Vancouver-Community-College/01_Plans-and-Strategies/2014_VCC_Environmental-Sustainability-Strategy-2014-2017.pdf,https://www.vcc.ca/media/vancouver-community-college/content-assets/documents/news-events/Enviro_Strat_Plan_14-17_FINAL.pdf,10_OC_Competitors/Vancouver-Community-College/01_Plans-and-Strategies/2014_VCC_Environmental-Sustainability-Strategy-2014-2017.pdf,2026-08-18,OK,"Pre-2015 but retained: this is the last standalone environmental strategy VCC published and no successor was found. Lead / Live / Learn pillars, a 20% GHG reduction target 2010-17, green-trades training research, and sustainability competencies for graduates.","A three-pillar plan architecture, plus a decade-long throughline: green trades training was set as an aspiration in 2014 and the 2027 CCEAI now delivers it."
R0125,peers,Public (peer publication),Demand for Green Skills Apprentices Future Skills Centre,Labour market research,Labour Market Research,Curriculum and Research,"Studies, surveys and data",Research,2026,file,True,True,Academics,Curriculum; Applied Research,Trades for the Transition,False,Fetched,https://sustainoc.github.io/Docs2/09_Labour-Market-Research/07_Curriculum-and-Research/2026_Research_Demand-for-Green-Skills-Apprentices-Future-Skills-Centre.pdf,https://sustainoc.github.io/Docs2/09_Labour-Market-Research/07_Curriculum-and-Research/2026_Research_Demand-for-Green-Skills-Apprentices-Future-Skills-Centre.pdf,https://fsc-ccf.ca/wp-content/uploads/2026/03/FSC_Green-economy-report-EN.pdf,09_Labour-Market-Research/07_Curriculum-and-Research/2026_Research_Demand-for-Green-Skills-Apprentices-Future-Skills-Centre.pdf,,,"264,000 apprentices must be trained by 2034, a 49% increase, under a green-transition scenario. Refrigeration/AC mechanics and construction electricians account for nearly half of new demand. Core finding: existing trades, not new ones, drive the green economy.",The highest-value labour-market citation for OC's flagship initiative. A defensible national demand figure naming the exact trades to prioritize.
R0126,peers,Public (peer publication),Sustainable Jobs in BC ACET Pembina synthesis,Labour market research,Labour Market Research,Curriculum and Research,"Studies, surveys and data",Research,2026,file,True,True,Academics,Curriculum,Trades for the Transition,False,Fetched,https://sustainoc.github.io/Docs2/09_Labour-Market-Research/07_Curriculum-and-Research/2026_Research_Sustainable-Jobs-in-BC-ACET-Pembina-synthesis.pdf,https://sustainoc.github.io/Docs2/09_Labour-Market-Research/07_Curriculum-and-Research/2026_Research_Sustainable-Jobs-in-BC-ACET-Pembina-synthesis.pdf,https://www.pembina.org/sites/default/files/2026-04/ACET-Pembina_Sustainable_Jobs_Workshop_Synthesis_report_Final_0.pdf,09_Labour-Market-Research/07_Curriculum-and-Research/2026_Research_Sustainable-Jobs-in-BC-ACET-Pembina-synthesis.pdf,2026-08-14,SKIPPED,BC skilled-trades vacancies up ~47% over the decade. 6.7% overall vs 15.6% youth unemployment. Identifies a structural imbalance between demand and skilled-worker supply and calls for post-secondary coordination.,The clearest BC-specific justification for Trades for the Transition. Cite alongside the FSC report for a national plus provincial evidence base.
R0319,peers,Public (peer publication),Alternative Transportation Parking Sustainable Mobility,SFU,SFU,Transportation,Curriculum and programs,Program,Ongoing,link,False,False,Operations,Transportation,,False,Fetched,https://www.sfu.ca/parking/alternative-transport.html,,https://www.sfu.ca/parking/alternative-transport.html,,2026-08-18,LINK-SAVED,"U-Pass, RapidBus, a 30-minute shuttle, a 30-unit Evolve e-bike share, EVO/Modo carshare, carpooling and EV charging.",An e-bike share partnership and dual-carshare-operator model OC could pursue for Kelowna.
R0323,peers,Public (peer publication),Analyzing travel patterns to SFU Steer Group,SFU,SFU,Plans and Strategies,"Studies, surveys and data",Study,Recent,link,False,False,Operations,Transportation,,False,Seen in search,https://steergroup.com/projects/analyzing-travel-patterns-simon-fraser-university,,https://steergroup.com/projects/analyzing-travel-patterns-simon-fraser-university,,2026-08-18,LINK-SAVED,Third-party consultancy study of multi-campus commute patterns. Content blocked by robots.txt.,"Precedent for commissioning an external commute study, comparable to OC's Urban Systems work."
R0329,peers,Public (peer publication),EV Charging Alliance resource hub,SFU,SFU,Transportation,Dashboards and tools,Tool hub,Current,link,False,True,Operations,Transportation; Infrastructure (Energy/Water),,False,Fetched,https://foresightcac.com/report/electric-vehicle-charging-alliance,,https://foresightcac.com/report/electric-vehicle-charging-alliance,,2026-08-18,LINK-SAVED,"Landing page for the Roadmap, Business Case, BC Hydro bulletin, Fleet Survey Results (100+ fleets), Carbon Credit Workshop Learnings, an EV Charger Investment Calculator (Excel) and an interactive Asset Map.",The investment calculator and asset map exist but are gated. Request via the research-requests channel.
R0321,peers,Public (peer publication),EV Charging Stations page,SFU,SFU,Transportation,Curriculum and programs,Program,Ongoing,link,False,False,Operations,Transportation,,False,Seen in search,https://www.sfu.ca/parking/alternative-transport/ev-charging-stations.html,,https://www.sfu.ca/parking/alternative-transport/ev-charging-stations.html,,2026-08-18,LINK-SAVED,Campus EV charger locations and policy.,Charger-count and policy disclosure format.
R0316,peers,Public (peer publication),Ethical Procurement Policy AD 11.21,SFU,SFU,Waste and Procurement,Policy and governance,Policy,Current,link,False,False,Operations,Supply Chain,,False,Seen in search,https://www.sfu.ca/policies/gazette/administrative/ad11-21.html,,https://www.sfu.ca/policies/gazette/administrative/ad11-21.html,,2026-08-18,LINK-SAVED,Companion ethical-sourcing policy.,Adds a labour/ethics dimension OC's framework does not yet separately name.
R0331,peers,Public (peer publication),Foresight Canada infrastructure clean energy hub,SFU,SFU,Energy and Buildings,Dashboards and tools,Web page,Current,link,False,False,Operations,Transportation; Carbon Zero,,False,Landing page only,https://foresightcac.com/infrastructure#clean-energy,,https://foresightcac.com/infrastructure#clean-energy,,2026-08-18,LINK-SAVED,References an eMHDV charging infrastructure working group with BC Hydro. A charging-hub Design Guide is noted as coming soon.,A forthcoming design guide OC's fleet team should watch for.
R0330,peers,Public (peer publication),Foresight Canada research requests contact,SFU,SFU,Curriculum and Research,Projects and announcements,Contact,Current,link,False,False,Operations,Transportation,,False,Seen in search,https://foresightcac.com/research-requests,,https://foresightcac.com/research-requests,,2026-08-18,LINK-SAVED,The intake channel for Alliance tools and materials not published openly.,"The actual entry point for OC to request the calculator, map access and membership details."
R0322,peers,Public (peer publication),New EV Charger Additions Support Emissions Goals,SFU,SFU,Transportation,Projects and announcements,News,Recent,link,False,False,Operations,Transportation; Carbon Zero,,False,Seen in search,https://www.sfu.ca/vpfa/news-events/news/ev-charging.html,,https://www.sfu.ca/vpfa/news-events/news/ev-charging.html,,2026-08-18,LINK-SAVED,Ties charger installations explicitly to emissions targets.,How to tie infrastructure announcements to a numeric GHG target in communications.
R0315,peers,Public (peer publication),Purchasing Policy AD 11.01,SFU,SFU,Waste and Procurement,Policy and governance,Policy,Current,link,False,False,Operations,Supply Chain,,False,Seen in search,https://www.sfu.ca/policies/gazette/administrative/ad11-01.html,,https://www.sfu.ca/policies/gazette/administrative/ad11-01.html,,2026-08-18,LINK-SAVED,Base procurement policy referenced by the sustainable procurement program.,Policy to program to compliance-report linkage model.
R0311,peers,Public (peer publication),Responsible Investment Policy Board Policy B10.16,SFU,SFU,Governance and Policy,Policy and governance,Policy,Current,link,False,False,Planning and Administration,Investment,,False,Fetched,https://www.sfu.ca/policies/gazette/board/B10-16.html,,https://www.sfu.ca/policies/gazette/board/B10-16.html,,2026-08-18,LINK-SAVED,"Defines responsible investing via ESG integration and active ownership, with divestment as a last resort.","Engagement-first, divestment-as-last-resort language. A defensible middle path if OC isn't ready for a hard mandate."
R0332,peers,Public (peer publication),SFU Facilities Sustainable Development,SFU,SFU,Plans and Strategies,Dashboards and tools,Web page,Ongoing,link,False,False,Operations,Infrastructure (Energy/Water),,False,Seen in search,https://www.sfu.ca/fs/projects-initiatives/sustainable-initiatives/sustainable-development.html,,https://www.sfu.ca/fs/projects-initiatives/sustainable-initiatives/sustainable-development.html,,2026-08-18,LINK-SAVED,Green building practices and standards for new construction and retrofits.,Building-standards comparator against OC's Capital Master Plan and VFA data.
R0313,peers,Public (peer publication),SFU completes fossil fuel divestment news release,SFU,SFU,Governance and Policy,Projects and announcements,News,2026,link,False,False,Planning and Administration,Investment,,False,Seen in search,https://www.sfu.ca/sfunews/stories/2026/01/sfu-completes-fossil-fuel-divestment--reinforcing-commitment-to-.html,,https://www.sfu.ca/sfunews/stories/2026/01/sfu-completes-fossil-fuel-divestment--reinforcing-commitment-to-.html,,2026-08-18,LINK-SAVED,"Confirms zero direct fossil fuel investments, ~5% residual indirect exposure.",Numbers to benchmark against: 74% carbon-intensity reduction vs a 45% target.
R0328,peers,Public (peer publication),Sustainability Impact Measurement Initiative SIMI,SFU,SFU,Plans and Strategies,Dashboards and tools,Tool,Current,link,False,True,Engagement,Performance Measurement,,False,Fetched,https://www.sfu.ca/sustainability/commitments-initiatives.html,,https://www.sfu.ca/sustainability/commitments-initiatives.html,,2026-08-18,LINK-SAVED,A centralized internal database feeding both internal tracking and THE Impact Rankings submissions.,One data pipeline feeding multiple external frameworks (STARS + CCAR + THE) instead of re-collecting per report.
R0325,peers,Public (peer publication),Sustainability Policy GP 38,SFU,SFU,Governance and Policy,Policy and governance,Policy,Current,link,False,False,Planning and Administration,Policy / Planning,,False,Seen in search,https://www.sfu.ca/policies/gazette/general/gp38.html,,https://www.sfu.ca/policies/gazette/general/gp38.html,,2026-08-18,LINK-SAVED,"Board-level policy establishing sustainability as an institutional accountability, underpinning ESCA.",Template board policy language for OC's top-level anchor.
R0326,peers,Public (peer publication),Sustainability and Climate Office About,SFU,SFU,Plans and Strategies,Dashboards and tools,Web page,Current,link,False,False,Planning and Administration,Organizational Structure,,False,Seen in search,https://www.sfu.ca/sustainability/about/sfu-sustainability.html,,https://www.sfu.ca/sustainability/about/sfu-sustainability.html,,2026-08-18,LINK-SAVED,"Describes the central office's role, staffing and relationship to the ESCA pods.",Staffing comparator for right-sizing OC's central function.
R0327,peers,Public (peer publication),Sustainable Development Goals hub,SFU,SFU,Plans and Strategies,Dashboards and tools,Web page,Current,link,False,False,Operations,UNSDG's,,False,Seen in search,https://www.sfu.ca/sustainable-development-goals.html,,https://www.sfu.ca/sustainable-development-goals.html,,2026-08-18,LINK-SAVED,SFU ranked #1 globally for SDG 11 and #5 for SDG 13 in THE Impact Rankings 2023.,Using THE Impact Rankings as a second benchmark alongside STARS.
R0314,peers,Public (peer publication),Sustainable Procurement program,SFU,SFU,Waste and Procurement,Curriculum and programs,Program,Current,link,False,False,Operations,Supply Chain,,False,Fetched,https://www.sfu.ca/finance/services/procurement/sustainable-procurement.html,,https://www.sfu.ca/finance/services/procurement/sustainable-procurement.html,,2026-08-18,LINK-SAVED,"Built on Purchasing Policy AD11.01, covering environmental impact, social procurement, supply-chain diversity, poverty reduction and inclusive growth.",A 5-criteria sustainable-procurement rubric OC can adapt directly.
R0320,peers,Public (peer publication),U Pass BC general info,SFU,SFU,Transportation,Curriculum and programs,Program,Ongoing,link,False,False,Operations,Transportation,,False,Seen in search,https://www.sfu.ca/students/enrolment-services/upass/general-info.html,,https://www.sfu.ca/students/enrolment-services/upass/general-info.html,,2026-08-18,LINK-SAVED,Standard U-Pass BC program information.,Comparator for OC's open U-Pass question.
R0318,peers,Public (peer publication),Waste Reduction Four Stream Waste System,SFU,SFU,Waste and Procurement,Curriculum and programs,Program,Ongoing,link,False,False,Operations,Supply Chain,,False,Fetched,https://www.sfu.ca/fs/projects-initiatives/sustainable-initiatives/waste-reduction.html,,https://www.sfu.ca/fs/projects-initiatives/sustainable-initiatives/waste-reduction.html,,2026-08-18,LINK-SAVED,"Four-stream system with named downstream processors. The Bin Buddies desk-side program removed ~200,000 plastic liners/year.","Bin Buddies is a low-cost, high-visibility win replicable across four campuses."
R0309,peers,Public (peer publication),2020 2025 Sustainability and Climate Action Report,SFU,SFU,Plans and Strategies,Reports and progress updates,Report,2025,link,False,True,Operations; Planning and Administration; Engagement,Carbon Zero; Investment; Performance Measurement,,False,Fetched,https://www.sfu.ca/sustainability/reports/24-25.html,,https://www.sfu.ca/sustainability/reports/24-25.html,,2026-08-18,LINK-SAVED,"End-of-plan report: 50% GHG cut vs 2007, ~95% renewable energy on Burnaby campus, full fossil-fuel divestment, 74% investment carbon-intensity cut, 18 to 150+ initiatives, $50.8M raised, 563 sustainability courses.",Template for a capstone year-6 report card. Exact KPI language OC can adapt.
R0307,peers,Public (peer publication),2030 Sustainability Climate and Resilience Strategy,SFU,SFU,Climate Risk and Resilience,Plans and strategies,Strategy,2025-2030,link,False,True,Planning and Administration,Policy / Planning,Climate Resilience; Indigenous relationality,False,Fetched,https://www.sfu.ca/sustainability/sustainability-plan/sustainability-strategy.html,,https://www.sfu.ca/sustainability/sustainability-plan/sustainability-strategy.html,,2026-08-18,LINK-SAVED,"Current 6-year strategy built on 3 cross-cutting goals rather than siloed pillars, aligned to the SDGs, Race to Zero, the BC Climate Accountability Act and UNDRIP.",A materiality-driven design process OC can replicate when finalizing its own plan.
R0099,peers,Public (peer publication),BC EV Charging Alliance Roadmap Phase 1 Report,SFU,SFU,Transportation,Plans and strategies,Roadmap,2025,file,True,True,Operations,Transportation; Infrastructure (Energy/Water); Carbon Zero,,False,Fetched,https://sustainoc.github.io/Docs2/04_SFU/04_Transportation/2025_SFU_BC-EV-Charging-Alliance-Roadmap-Phase-1-Report.pdf,https://sustainoc.github.io/Docs2/04_SFU/04_Transportation/2025_SFU_BC-EV-Charging-Alliance-Roadmap-Phase-1-Report.pdf,https://a.iscdn.net/foresight/2025/04/3641_foresight-canada-electric-vehicle-charging-alliance-roadmap.pdf,04_SFU/04_Transportation/2025_SFU_BC-EV-Charging-Alliance-Roadmap-Phase-1-Report.pdf,2026-08-14,SKIPPED,"Foundational roadmap for a 36-institution BC post-secondary coalition (11 universities, 11 colleges, 3 polytechnics) co-founded by SFU and Foresight Canada. Covers barriers, financial models and 3 governance options.","Real cost figures ($12-20K/port), a working carbon-credit revenue model, and payback math. OC can join an existing coalition instead of building an EV strategy alone."
R0090,peers,Public (peer publication),Climate Change Accountability Report 2025,SFU,SFU,Climate and GHG Reporting,Statutory and climate reporting,Statutory report,2025,file,True,False,Operations; Engagement,Carbon Zero; Performance Measurement,,False,Seen in search,https://sustainoc.github.io/Docs2/04_SFU/02_Climate-and-GHG-Reporting/2025_SFU_Climate-Change-Accountability-Report-2025.pdf,https://sustainoc.github.io/Docs2/04_SFU/02_Climate-and-GHG-Reporting/2025_SFU_Climate-Change-Accountability-Report-2025.pdf,https://www.sfu.ca/content/dam/sfu/fs/files/SustainableInitiatives/2025_SFU_CCAR.pdf,04_SFU/02_Climate-and-GHG-Reporting/2025_SFU_Climate-Change-Accountability-Report-2025.pdf,2026-08-14,SKIPPED,Latest in an unbroken annual BC-mandated filing series.,The BC PSO template OC must also follow.
R0308,peers,Public (peer publication),Design and Definitions strategy methodology,SFU,SFU,Plans and Strategies,Audits and assessments,Methodology,2025,link,False,False,Planning and Administration,Policy / Planning,,False,Fetched,https://www.sfu.ca/sustainability/sustainability-plan/sustainability-strategy/design-and-definitions.html,,https://www.sfu.ca/sustainability/sustainability-plan/sustainability-strategy/design-and-definitions.html,,2026-08-18,LINK-SAVED,"Documents a 5-stage design process (consultation, materiality study, internal alignment, framework selection, validation) and anchors definitions in the Brundtland Report.",Reusable definitional language and a defensible process narrative for board approval.
R0098,peers,Public (peer publication),Supply Chains Act Report 2025,SFU,SFU,Waste and Procurement,Statutory and climate reporting,Compliance,2025,file,True,True,Operations,Supply Chain,,False,Fetched,https://sustainoc.github.io/Docs2/04_SFU/06_Waste-and-Procurement/2025_SFU_Supply-Chains-Act-Report-2025.pdf,https://sustainoc.github.io/Docs2/04_SFU/06_Waste-and-Procurement/2025_SFU_Supply-Chains-Act-Report-2025.pdf,https://www.sfu.ca/content/dam/sfu/finance/services/procurement/Supply-Chains-Act-Report-2025-Signed.pdf,04_SFU/06_Waste-and-Procurement/2025_SFU_Supply-Chains-Act-Report-2025.pdf,2026-08-14,SKIPPED,Federal Fighting Against Forced Labour and Child Labour in Supply Chains Act compliance report.,"Template for OC's own mandatory federal filing. This is a compliance obligation, not optional."
R0091,peers,Public (peer publication),Climate Change Accountability Report 2024,SFU,SFU,Climate and GHG Reporting,Statutory and climate reporting,Statutory report,2024,file,True,False,Operations,Carbon Zero,,False,Seen in search,https://sustainoc.github.io/Docs2/04_SFU/02_Climate-and-GHG-Reporting/2024_SFU_Climate-Change-Accountability-Report-2024.pdf,https://sustainoc.github.io/Docs2/04_SFU/02_Climate-and-GHG-Reporting/2024_SFU_Climate-Change-Accountability-Report-2024.pdf,https://www.sfu.ca/content/dam/sfu/fs/files/SustainableInitiatives/2024_SFU_CCAR.pdf,04_SFU/02_Climate-and-GHG-Reporting/2024_SFU_Climate-Change-Accountability-Report-2024.pdf,2026-08-14,SKIPPED,Same series.,Year-over-year comparator for OC's own filings.
R0092,peers,Public (peer publication),Climate Change Accountability Report 2023,SFU,SFU,Climate and GHG Reporting,Statutory and climate reporting,Statutory report,2023,file,True,False,Operations,Carbon Zero,,False,Seen in search,https://sustainoc.github.io/Docs2/04_SFU/02_Climate-and-GHG-Reporting/2023_SFU_Climate-Change-Accountability-Report-2023.pdf,https://sustainoc.github.io/Docs2/04_SFU/02_Climate-and-GHG-Reporting/2023_SFU_Climate-Change-Accountability-Report-2023.pdf,https://www.sfu.ca/content/dam/sfu/fs/files/SustainableInitiatives/CCAR%202023%20-%20SFU.pdf,04_SFU/02_Climate-and-GHG-Reporting/2023_SFU_Climate-Change-Accountability-Report-2023.pdf,2026-08-14,SKIPPED,Same series.,Comparator.
R0087,peers,Public (peer publication),2020 2022 Annual Sustainability Report,SFU,SFU,Plans and Strategies,Reports and progress updates,Report,2022,file,True,False,Engagement,Communications; Performance Measurement,,False,Seen in search,https://sustainoc.github.io/Docs2/04_SFU/01_Plans-and-Strategies/2022_SFU_2020-2022-Annual-Sustainability-Report.pdf,https://sustainoc.github.io/Docs2/04_SFU/01_Plans-and-Strategies/2022_SFU_2020-2022-Annual-Sustainability-Report.pdf,https://www.sfu.ca/content/dam/sfu/sustainability/About/Publications/ASR_2020_2022.pdf,04_SFU/01_Plans-and-Strategies/2022_SFU_2020-2022-Annual-Sustainability-Report.pdf,2026-08-14,SKIPPED,Two-year combined report.,How to consolidate two cycles into one report when priorities shift.
R0093,peers,Public (peer publication),Climate Change Accountability Report 2022,SFU,SFU,Climate and GHG Reporting,Statutory and climate reporting,Statutory report,2022,file,True,False,Operations,Carbon Zero,,False,Seen in search,https://sustainoc.github.io/Docs2/04_SFU/02_Climate-and-GHG-Reporting/2022_SFU_Climate-Change-Accountability-Report-2022.pdf,https://sustainoc.github.io/Docs2/04_SFU/02_Climate-and-GHG-Reporting/2022_SFU_Climate-Change-Accountability-Report-2022.pdf,https://www.sfu.ca/content/dam/sfu/fs/files/SustainableInitiatives/2022%20Climate%20Change%20Accountability%20Report.pdf,04_SFU/02_Climate-and-GHG-Reporting/2022_SFU_Climate-Change-Accountability-Report-2022.pdf,2026-08-14,SKIPPED,"Same series, when the name changed from CNAR to CCAR.",Comparator.
R0324,peers,Public (peer publication),Embedding Sustainability and Climate Action ESCA Framework,SFU,SFU,Governance and Policy,Policy and governance,Governance,2022-present,link,False,True,Planning and Administration,Organizational Structure; Policy / Planning,,False,Fetched,https://www.sfu.ca/sustainability/about/our-approach/esca.html,,https://www.sfu.ca/sustainability/about/our-approach/esca.html,,2026-08-18,LINK-SAVED,Provost and VPs set goals; ESCA leads per VP portfolio form Pods with dedicated communicators; a cross-portfolio Community of Practice links them to the central office.,"The single most transferable governance artifact found. A lightweight, low-headcount coordination model across multiple sites and portfolios."
R0088,peers,Public (peer publication),SFU Greenhouse Gas Inventory 2019 2022,SFU,SFU,Climate and GHG Reporting,"Studies, surveys and data",Dataset,2022,file,True,False,Operations,Carbon Zero; Infrastructure (Energy/Water),,False,Seen in search,https://sustainoc.github.io/Docs2/04_SFU/02_Climate-and-GHG-Reporting/2022_SFU_SFU-Greenhouse-Gas-Inventory-2019-2022.pdf,https://sustainoc.github.io/Docs2/04_SFU/02_Climate-and-GHG-Reporting/2022_SFU_SFU-Greenhouse-Gas-Inventory-2019-2022.pdf,https://www.sfu.ca/content/dam/sfu/sustainability/About/Publications/GHG_inventory_2019-2022.pdf,04_SFU/02_Climate-and-GHG-Reporting/2022_SFU_SFU-Greenhouse-Gas-Inventory-2019-2022.pdf,2026-08-14,SKIPPED,Multi-year Scope 1/2/3 GHG inventory.,GHG Protocol-aligned inventory structure for a multi-campus institution.
R0082,peers,Public (peer publication),Strategic Sustainability and Climate Action Plan 2022 2025,SFU,SFU,Plans and Strategies,Plans and strategies,Plan,2022,file,True,False,Planning and Administration,Policy / Planning; Organizational Structure,,False,Seen in search,https://sustainoc.github.io/Docs2/04_SFU/01_Plans-and-Strategies/2022_SFU_Strategic-Sustainability-and-Climate-Action-Plan-2022-2025.pdf,https://sustainoc.github.io/Docs2/04_SFU/01_Plans-and-Strategies/2022_SFU_Strategic-Sustainability-and-Climate-Action-Plan-2022-2025.pdf,https://www.sfu.ca/content/dam/sfu/sustainability/Reports/SFUS_SFU2025-2023_V1-Nov2022.pdf,04_SFU/01_Plans-and-Strategies/2022_SFU_Strategic-Sustainability-and-Climate-Action-Plan-2022-2025.pdf,2026-08-14,SKIPPED,Predecessor plan organizing action around each VP portfolio to drive systems change.,Portfolio-based (not just topic-based) action planning. A second axis OC could map alongside its 4 focus areas.
R0205,peers,Public (peer publication),SFU Climate Change Accountability Report 2021,SFU,SFU,Climate and GHG Reporting,Statutory and climate reporting,CCAR,2021,file,True,False,,,,False,Link seen on index page,https://sustainoc.github.io/Docs2/04_SFU/02_Climate-and-GHG-Reporting/2021_SFU_SFU-Climate-Change-Accountability-Report-2021.pdf,https://sustainoc.github.io/Docs2/04_SFU/02_Climate-and-GHG-Reporting/2021_SFU_SFU-Climate-Change-Accountability-Report-2021.pdf,https://www.sfu.ca/content/dam/sfu/fs/files/SustainableInitiatives/2021%20Climate%20Change%20Accountability%20Report.pdf,04_SFU/02_Climate-and-GHG-Reporting/2021_SFU_SFU-Climate-Change-Accountability-Report-2021.pdf,2026-08-14,SKIPPED,"CCAR series, 2021.",Part of the CCAR time series. Multi-year trend data for benchmarking.
R0089,peers,Public (peer publication),SFU Climate Change Risk Assessment Report,SFU,SFU,Climate Risk and Resilience,Audits and assessments,Assessment,2021,file,True,True,,,Climate Resilience,False,Seen in search,https://sustainoc.github.io/Docs2/04_SFU/11_Climate-Risk-and-Resilience/2021_SFU_SFU-Climate-Change-Risk-Assessment-Report.pdf,https://sustainoc.github.io/Docs2/04_SFU/11_Climate-Risk-and-Resilience/2021_SFU_SFU-Climate-Change-Risk-Assessment-Report.pdf,https://www.sfu.ca/content/dam/sfu/sustainability/Reports/2021_SFUClimateRiskAssessmentReport.pdf,04_SFU/11_Climate-Risk-and-Resilience/2021_SFU_SFU-Climate-Change-Risk-Assessment-Report.pdf,2026-08-14,SKIPPED,Formal climate risk and vulnerability assessment.,Methodology template for OC's four campuses in different micro-climates. Serves target T4.
R0312,peers,Public (peer publication),SFU commits to full fossil fuel divestment President's statement,SFU,SFU,Governance and Policy,Plans and strategies,Statement,2021,link,False,False,Planning and Administration,Investment,,False,Seen in search,https://www.sfu.ca/president/statements/community-messages/2021/sfu-commits-to-full-divestment-from-fossil-fuels.html,,https://www.sfu.ca/president/statements/community-messages/2021/sfu-commits-to-full-divestment-from-fossil-fuels.html,,2026-08-18,LINK-SAVED,Public commitment to divest fully by 2025.,Public commitment statement and timeline structure.
R0086,peers,Public (peer publication),2020 Annual Sustainability Report,SFU,SFU,Plans and Strategies,Reports and progress updates,Report,2020,file,True,False,Engagement,Communications,,False,Seen in search,https://sustainoc.github.io/Docs2/04_SFU/01_Plans-and-Strategies/2020_SFU_2020-Annual-Sustainability-Report.pdf,https://sustainoc.github.io/Docs2/04_SFU/01_Plans-and-Strategies/2020_SFU_2020-Annual-Sustainability-Report.pdf,https://www.sfu.ca/content/dam/sfu/sustainability/Reports/annual_sustainability_report_2020.pdf,04_SFU/01_Plans-and-Strategies/2020_SFU_2020-Annual-Sustainability-Report.pdf,2026-08-14,SKIPPED,Annual report format predating the biennial cadence.,Annual-report layout and voice for public comms.
R0085,peers,Public (peer publication),5 Year Plan Spring 2020 Quarterly Report,SFU,SFU,Plans and Strategies,Reports and progress updates,Report,2020,file,True,False,Engagement,Performance Measurement,,False,Seen in search,https://sustainoc.github.io/Docs2/04_SFU/01_Plans-and-Strategies/2020_SFU_5-Year-Plan-Spring-2020-Quarterly-Report.pdf,https://sustainoc.github.io/Docs2/04_SFU/01_Plans-and-Strategies/2020_SFU_5-Year-Plan-Spring-2020-Quarterly-Report.pdf,https://www.sfu.ca/content/dam/sfu/sustainability/Reports/5YP_QuarterlyReport_Spring2020_05.22.2020.pdf,04_SFU/01_Plans-and-Strategies/2020_SFU_5-Year-Plan-Spring-2020-Quarterly-Report.pdf,2026-08-14,SKIPPED,Earlier quarterly report in the same cadence.,Repeatable quarterly template.
R0084,peers,Public (peer publication),5 Year Plan Summer 2020 Progress Report,SFU,SFU,Plans and Strategies,Reports and progress updates,Report,2020,file,True,False,Engagement,Performance Measurement,,False,Seen in search,https://sustainoc.github.io/Docs2/04_SFU/01_Plans-and-Strategies/2020_SFU_5-Year-Plan-Summer-2020-Progress-Report.pdf,https://sustainoc.github.io/Docs2/04_SFU/01_Plans-and-Strategies/2020_SFU_5-Year-Plan-Summer-2020-Progress-Report.pdf,https://www.sfu.ca/content/dam/sfu/sustainability/Reports/5YP_Summer2020Report_09212020FINAL.pdf,04_SFU/01_Plans-and-Strategies/2020_SFU_5-Year-Plan-Summer-2020-Progress-Report.pdf,2026-08-14,SKIPPED,Quarterly-style progress report.,Lightweight interim tracking format versus a full annual report.
R0083,peers,Public (peer publication),SFU 2020 2025 Sustainability Plan,SFU,SFU,Plans and Strategies,Plans and strategies,Plan,2020,file,True,False,Planning and Administration,Policy / Planning,,False,Seen in search,https://sustainoc.github.io/Docs2/04_SFU/01_Plans-and-Strategies/2020_SFU_SFU-2020-2025-Sustainability-Plan.pdf,https://sustainoc.github.io/Docs2/04_SFU/01_Plans-and-Strategies/2020_SFU_SFU-2020-2025-Sustainability-Plan.pdf,https://www.sfu.ca/content/dam/sfu/sustainability/Reports/SFU%20Sustainability%20Plan%202025_v1.0_date02282020_digital.pdf,04_SFU/01_Plans-and-Strategies/2020_SFU_SFU-2020-2025-Sustainability-Plan.pdf,2026-08-14,SKIPPED,Full 5-year plan document.,Direct comparator for a 5-6 year horizon plan format.
R0206,peers,Public (peer publication),SFU Climate Change Accountability Report 2020,SFU,SFU,Climate and GHG Reporting,Statutory and climate reporting,CCAR,2020,file,True,False,,,,False,Link seen on index page,https://sustainoc.github.io/Docs2/04_SFU/02_Climate-and-GHG-Reporting/2020_SFU_SFU-Climate-Change-Accountability-Report-2020.pdf,https://sustainoc.github.io/Docs2/04_SFU/02_Climate-and-GHG-Reporting/2020_SFU_SFU-Climate-Change-Accountability-Report-2020.pdf,https://www.sfu.ca/content/dam/sfu/fs/files/SustainableInitiatives/2020%20Climate%20Change%20Accountability%20Report.pdf,04_SFU/02_Climate-and-GHG-Reporting/2020_SFU_SFU-Climate-Change-Accountability-Report-2020.pdf,2026-08-14,SKIPPED,"CCAR series, 2020.",Part of the CCAR time series. Multi-year trend data for benchmarking.
R0333,peers,Public (peer publication),Sustainable Energy and Engineering Building SE3P Surrey,SFU,SFU,Energy and Buildings,"Studies, surveys and data",Case study,2020s,link,False,False,Operations; Academics,Infrastructure (Energy/Water); Curriculum,,False,Seen in search,https://reveryarchitecture.com/projects/sfu-sustainable-energy-and-engineering-building/,,https://reveryarchitecture.com/projects/sfu-sustainable-energy-and-engineering-building/,,2026-08-18,LINK-SAVED,Flagship high-performance building used in SFU's STARS sustainable-building credit.,"A living-lab building combining research, teaching and high-performance design."
R0207,peers,Public (peer publication),SFU Carbon Neutral Action Report 2019,SFU,SFU,Climate and GHG Reporting,Statutory and climate reporting,CNAR,2019,file,True,False,,,,False,Link seen on index page,https://sustainoc.github.io/Docs2/04_SFU/02_Climate-and-GHG-Reporting/2019_SFU_SFU-Carbon-Neutral-Action-Report-2019.pdf,https://sustainoc.github.io/Docs2/04_SFU/02_Climate-and-GHG-Reporting/2019_SFU_SFU-Carbon-Neutral-Action-Report-2019.pdf,https://www.sfu.ca/content/dam/sfu/fs/files/SustainableInitiatives/SFU%202019%20Carbon%20Neutral%20Action%20Report.pdf,04_SFU/02_Climate-and-GHG-Reporting/2019_SFU_SFU-Carbon-Neutral-Action-Report-2019.pdf,2026-08-14,SKIPPED,"CNAR series, 2019.",Part of the CNAR time series. Multi-year trend data for benchmarking.
R0208,peers,Public (peer publication),SFU Carbon Neutral Action Report 2018,SFU,SFU,Climate and GHG Reporting,Statutory and climate reporting,CNAR,2018,file,True,False,,,,False,Link seen on index page,https://sustainoc.github.io/Docs2/04_SFU/02_Climate-and-GHG-Reporting/2018_SFU_SFU-Carbon-Neutral-Action-Report-2018.pdf,https://sustainoc.github.io/Docs2/04_SFU/02_Climate-and-GHG-Reporting/2018_SFU_SFU-Carbon-Neutral-Action-Report-2018.pdf,https://www.sfu.ca/content/dam/sfu/fs/files/carbon%20neutral%20action%20report/2018%20Carbon%20Neutral%20Action%20Report.pdf,04_SFU/02_Climate-and-GHG-Reporting/2018_SFU_SFU-Carbon-Neutral-Action-Report-2018.pdf,2026-08-14,SKIPPED,"CNAR series, 2018.",Part of the CNAR time series. Multi-year trend data for benchmarking.
R0310,peers,Public (peer publication),STARS Report 2018 v2.1 Gold 73.90 expired 2021,SFU,SFU,STARS,STARS,STARS,2018,link,False,False,,,,True,Fetched,https://reports.aashe.org/institutions/simon-fraser-university-bc/report/2018-10-05/,,https://reports.aashe.org/institutions/simon-fraser-university-bc/report/2018-10-05/,,2026-08-18,LINK-SAVED,"Gold, 73.90/100. SFU's most recent submission. No renewal since, so the rating lapsed in 2021.","Credit-by-credit checklist, plus a cautionary example of letting a rating lapse."
R0097,peers,Public (peer publication),Social Procurement Guide 4 institution BC collaboration,SFU,SFU,Waste and Procurement,Curriculum and programs,Guide,~2018-2022,file,True,True,Operations,Supply Chain,,False,Fetched,https://sustainoc.github.io/Docs2/04_SFU/06_Waste-and-Procurement/2018_SFU_Social-Procurement-Guide-4-institution-BC-collaboration.pdf,https://sustainoc.github.io/Docs2/04_SFU/06_Waste-and-Procurement/2018_SFU_Social-Procurement-Guide-4-institution-BC-collaboration.pdf,https://www.sfu.ca/content/dam/sfu/finance/services/procurement/SocialProcurementGuide_web.pdf,04_SFU/06_Waste-and-Procurement/2018_SFU_Social-Procurement-Guide-4-institution-BC-collaboration.pdf,2026-08-14,SKIPPED,Co-developed by four BC post-secondary institutions with the BC Collaborative for Social Innovation and the McConnell Foundation.,A pre-built BC-specific guide OC could adopt by reference rather than draft from scratch.
R0094,peers,Public (peer publication),SFU 20 Year Sustainability Vision and Goals,SFU,SFU,Plans and Strategies,Plans and strategies,Vision,2017,file,True,True,Planning and Administration; Engagement,Policy / Planning; Communications,,False,Fetched,https://sustainoc.github.io/Docs2/04_SFU/01_Plans-and-Strategies/2017_SFU_SFU-20-Year-Sustainability-Vision-and-Goals.pdf,https://sustainoc.github.io/Docs2/04_SFU/01_Plans-and-Strategies/2017_SFU_SFU-20-Year-Sustainability-Vision-and-Goals.pdf,https://hub.aashe.org/media/SFU%2020-Year%20Sustainability%20Vision%20and%20Goals%20(Feb%2028).pdf,04_SFU/01_Plans-and-Strategies/2017_SFU_SFU-20-Year-Sustainability-Vision-and-Goals.pdf,2026-08-14,SKIPPED,"Long-horizon vision built from 4,000+ community members via IAP2 engagement. 5 themes and 20 goals.","How to pair a 6-year plan with a longer vision, plus the IAP2 engagement methodology."
R0209,peers,Public (peer publication),SFU Carbon Neutral Action Report 2017,SFU,SFU,Climate and GHG Reporting,Statutory and climate reporting,CNAR,2017,file,True,False,,,,False,Link seen on index page,https://sustainoc.github.io/Docs2/04_SFU/02_Climate-and-GHG-Reporting/2017_SFU_SFU-Carbon-Neutral-Action-Report-2017.pdf,https://sustainoc.github.io/Docs2/04_SFU/02_Climate-and-GHG-Reporting/2017_SFU_SFU-Carbon-Neutral-Action-Report-2017.pdf,https://www.sfu.ca/content/dam/sfu/fs/files/carbon%20neutral%20action%20report/2017%20Carbon%20Neutral%20Action%20Report.pdf,04_SFU/02_Climate-and-GHG-Reporting/2017_SFU_SFU-Carbon-Neutral-Action-Report-2017.pdf,2026-08-14,SKIPPED,"CNAR series, 2017.",Part of the CNAR time series. Multi-year trend data for benchmarking.
R0210,peers,Public (peer publication),SFU Carbon Neutral Action Report 2016,SFU,SFU,Climate and GHG Reporting,Statutory and climate reporting,CNAR,2016,file,True,False,,,,False,Link seen on index page,https://sustainoc.github.io/Docs2/04_SFU/02_Climate-and-GHG-Reporting/2016_SFU_SFU-Carbon-Neutral-Action-Report-2016.pdf,https://sustainoc.github.io/Docs2/04_SFU/02_Climate-and-GHG-Reporting/2016_SFU_SFU-Carbon-Neutral-Action-Report-2016.pdf,https://www.sfu.ca/content/dam/sfu/fs/files/carbon%20neutral%20action%20report/2016%20Carbon%20Neutral%20Action%20Report.pdf,04_SFU/02_Climate-and-GHG-Reporting/2016_SFU_SFU-Carbon-Neutral-Action-Report-2016.pdf,2026-08-14,SKIPPED,"CNAR series, 2016.",Part of the CNAR time series. Multi-year trend data for benchmarking.
R0095,peers,Public (peer publication),SFU Community Conversations Booklet,SFU,SFU,Plans and Strategies,Dashboards and tools,Toolkit,~2016,file,True,False,Engagement,Communications; Training,,False,Fetched,https://sustainoc.github.io/Docs2/04_SFU/01_Plans-and-Strategies/2016_SFU_SFU-Community-Conversations-Booklet.pdf,https://sustainoc.github.io/Docs2/04_SFU/01_Plans-and-Strategies/2016_SFU_SFU-Community-Conversations-Booklet.pdf,https://hub.aashe.org/media/SFU2021%20Community%20Conversations%20booklet.pdf,04_SFU/01_Plans-and-Strategies/2016_SFU_SFU-Community-Conversations-Booklet.pdf,2026-08-14,SKIPPED,Public engagement and consultation handbook supporting the 20-year vision process.,Reusable facilitation format for consultations across OC's four campuses.
R0096,peers,Public (peer publication),SFU Sustainability Information Sheets,SFU,SFU,Plans and Strategies,Reports and progress updates,Comms,~2016,file,True,False,Engagement,Communications,,False,Fetched,https://sustainoc.github.io/Docs2/04_SFU/01_Plans-and-Strategies/2016_SFU_SFU-Sustainability-Information-Sheets.pdf,https://sustainoc.github.io/Docs2/04_SFU/01_Plans-and-Strategies/2016_SFU_SFU-Sustainability-Information-Sheets.pdf,https://hub.aashe.org/media/SFU%20Sustainability%20Info%20Sheets.pdf,04_SFU/01_Plans-and-Strategies/2016_SFU_SFU-Sustainability-Information-Sheets.pdf,2026-08-14,SKIPPED,One-page info sheets summarizing sustainability topics for community engagement.,Format template for one-pagers per impact area. Echoes OC's manager brief one-pager.
R0211,peers,Public (peer publication),SFU Carbon Neutral Action Report 2015,SFU,SFU,Climate and GHG Reporting,Statutory and climate reporting,CNAR,2015,file,True,False,,,,False,Link seen on index page,https://sustainoc.github.io/Docs2/04_SFU/02_Climate-and-GHG-Reporting/2015_SFU_SFU-Carbon-Neutral-Action-Report-2015.pdf,https://sustainoc.github.io/Docs2/04_SFU/02_Climate-and-GHG-Reporting/2015_SFU_SFU-Carbon-Neutral-Action-Report-2015.pdf,https://www.sfu.ca/content/dam/sfu/fs/files/carbon%20neutral%20action%20report/2015%20Carbon%20Neutral%20Action%20Report.pdf,04_SFU/02_Climate-and-GHG-Reporting/2015_SFU_SFU-Carbon-Neutral-Action-Report-2015.pdf,2026-08-14,SKIPPED,"CNAR series, 2015.",Part of the CNAR time series. Multi-year trend data for benchmarking.
R0317,peers,Public (peer publication),Green Labs Program,SFU,SFU,Energy and Buildings,Curriculum and programs,Program,Since 2010,link,False,False,Operations; Academics,Infrastructure (Energy/Water); Applied Research,,False,Fetched,https://www.sfu.ca/fs/projects-initiatives/sustainable-initiatives/energy-conservation/green-labs.html,,https://www.sfu.ca/fs/projects-initiatives/sustainable-initiatives/energy-conservation/green-labs.html,,2026-08-18,LINK-SAVED,"Targets 2%/yr energy reduction and ~$25,000/yr savings using a Pulse Energy dashboard and lab Energy Committees.","A building-level Energy Committee plus dashboard plus curriculum tie-in model, transferable to OC science and trades labs. Good year-1 quick win."
R0371,peers,Public (peer publication),AASHE Rated Institutions directory,BC Government / Sector,Sector and Government,Plans and Strategies,"Studies, surveys and data",Database,Live,link,False,False,Planning and Administration,Policy / Planning,,False,Fetched,https://reports.aashe.org/institutions/rated/,,https://reports.aashe.org/institutions/rated/,,2026-08-18,LINK-SAVED,Live registry confirming current versus expired ratings for every institution.,Standing tool for OC to re-check sector rating status rather than relying on stale press coverage.
R0370,peers,Public (peer publication),Carbon Neutral Government program overview,BC Government / Sector,Sector and Government,Climate and GHG Reporting,Statutory and climate reporting,Regulation,Current,link,False,True,Operations; Planning and Administration,Carbon Zero; Investment,,False,Fetched,https://www2.gov.bc.ca/gov/content/environment/climate-change/public-sector/carbon-neutral,,https://www2.gov.bc.ca/gov/content/environment/climate-change/public-sector/carbon-neutral,,2026-08-18,LINK-SAVED,"Legislated 5-step process for all public sector organizations: measure, reduce, offset with BC offsets, report, verify. 2025 cycle: data by Apr 30 2026, CCAR due May 31 2026.",Confirms OC's mandatory offset-purchase obligation and reporting calendar. Belongs in Carbon Zero's Financial & Risk Realities.
R0353,peers,Public (peer publication),CICan ImpAct Climate program,Sector / CICan,Sector and Government,Plans and Strategies,Projects and announcements,Funding program,Ongoing,link,False,True,Academics,Curriculum; Applied Research,,False,Fetched,https://www.collegesinstitutes.ca/news-release/green-training-modules-for-trades-educators-to-support-sustainable-housing-construction/,,https://www.collegesinstitutes.ca/news-release/green-training-modules-for-trades-educators-to-support-sustainable-housing-construction/,,2026-08-18,LINK-SAVED,"Federally funded (ECCC) program running green-skills curriculum initiatives across the CICan member network, which includes Okanagan College.",OC is very likely already eligible for this funding stream. A concrete near-term lead for Trades for the Transition.
R0352,peers,Public (peer publication),Green Training Modules for Trades Educators CICan ImpAct Climate,Sector / CICan,Sector and Government,Curriculum and Research,Curriculum and programs,OER curriculum,2025-26,link,False,True,Academics,Curriculum,Trades for the Transition; Indigenous relationality,False,Fetched,https://www.collegesinstitutes.ca/news-release/green-training-modules-for-trades-educators-to-support-sustainable-housing-construction/,,https://www.collegesinstitutes.ca/news-release/green-training-modules-for-trades-educators-to-support-sustainable-housing-construction/,,2026-08-18,LINK-SAVED,"Open-access modules for Carpentry, Electrical, Landscaping and HVACR educators, integrating sustainability and Indigenous perspectives. Built by 8 institutions including Selkirk and VIU, funded by Environment and Climate Change Canada.","Free, ready-to-adopt trades curriculum matching OC's flagship initiative, with Indigenous content already built in. OC is a CICan member."
R0105,peers,Public (peer publication),List of Sustainability Focused Courses,TRU,TRU,Curriculum and Research,Curriculum and programs,Curriculum inventory,Recent,file,True,False,Academics,Curriculum,,False,Seen in search,https://sustainoc.github.io/Docs2/05_TRU/07_Curriculum-and-Research/nd_TRU_List-of-Sustainability-Focused-Courses.pdf,https://sustainoc.github.io/Docs2/05_TRU/07_Curriculum-and-Research/nd_TRU_List-of-Sustainability-Focused-Courses.pdf,https://www.tru.ca/__shared/assets/List_of_Sustainability_Focused_Courses33174.pdf,05_TRU/07_Curriculum-and-Research/nd_TRU_List-of-Sustainability-Focused-Courses.pdf,2026-08-14,SKIPPED,Approved-course list backing a Certificate in Leadership in Environmental Sustainability.,Template for OC's own sustainability-course tagging for STARS academic credits.
R0109,peers,Public (peer publication),Sustainability Literacy Assessment Report 2026,TRU,TRU,Curriculum and Research,"Studies, surveys and data",Survey,2026,file,True,True,Engagement,Training; Performance Measurement,,False,Seen in search,https://sustainoc.github.io/Docs2/05_TRU/07_Curriculum-and-Research/2026_TRU_Sustainability-Literacy-Assessment-Report-2026.pdf,https://sustainoc.github.io/Docs2/05_TRU/07_Curriculum-and-Research/2026_TRU_Sustainability-Literacy-Assessment-Report-2026.pdf,https://www.tru.ca/__shared/assets/2026-literacy-assessment-report65173.pdf,05_TRU/07_Curriculum-and-Research/2026_TRU_Sustainability-Literacy-Assessment-Report-2026.pdf,2026-08-14,SKIPPED,Recurring campus-wide sustainability-literacy survey of students and employees.,"A ready-made KPI instrument for OC's Training baseline, which currently reads 'no specific training program developed yet'."
R0104,peers,Public (peer publication),Campus Master Plan Refresh,TRU,TRU,Campus Master Plans,Plans and strategies,Master plan,2025,file,True,False,Operations,Infrastructure (Energy/Water); Transportation,,False,Seen in search,https://sustainoc.github.io/Docs2/05_TRU/10_Campus-Master-Plans/2025_TRU_Campus-Master-Plan-Refresh.pdf,https://sustainoc.github.io/Docs2/05_TRU/10_Campus-Master-Plans/2025_TRU_Campus-Master-Plan-Refresh.pdf,https://www.tru.ca/__shared/assets/2025-campus-master-plan-refresh.pdf,05_TRU/10_Campus-Master-Plans/2025_TRU_Campus-Master-Plan-Refresh.pdf,2026-08-14,SKIPPED,"Updates the 2013 plan for active transportation, land acquisitions and allocations.",How to refresh rather than rebuild a master plan mid-cycle. Relevant to OC's Capital Master Plan update.
R0101,peers,Public (peer publication),Climate Change Accountability Report 2025,TRU,TRU,Climate and GHG Reporting,Statutory and climate reporting,Statutory report,2025,file,True,False,Operations,Carbon Zero; UNSDG's,,False,Fetched,https://sustainoc.github.io/Docs2/05_TRU/02_Climate-and-GHG-Reporting/2025_TRU_Climate-Change-Accountability-Report-2025.pdf,https://sustainoc.github.io/Docs2/05_TRU/02_Climate-and-GHG-Reporting/2025_TRU_Climate-Change-Accountability-Report-2025.pdf,https://www.tru.ca/__shared/assets/climate-change-accountability-report-202565391.pdf,05_TRU/02_Climate-and-GHG-Reporting/2025_TRU_Climate-Change-Accountability-Report-2025.pdf,2026-08-14,SKIPPED,"4,721 tCO2e total; 51% stationary-source reduction vs baseline; 1,436 tCO2e offset at ~$25/t ($35,900).",GHG accounting category breakdown (stationary/mobile/paper/fugitive) OC's own CNAR must follow.
R0103,peers,Public (peer publication),Strategic Energy Management Plan 2025,TRU,TRU,Energy and Buildings,Plans and strategies,Plan,2025,file,True,True,Operations,Infrastructure (Energy/Water),,False,Seen in search,https://sustainoc.github.io/Docs2/05_TRU/05_Energy-and-Buildings/2025_TRU_Strategic-Energy-Management-Plan-2025.pdf,https://sustainoc.github.io/Docs2/05_TRU/05_Energy-and-Buildings/2025_TRU_Strategic-Energy-Management-Plan-2025.pdf,https://www.tru.ca/__shared/assets/strategic-energy-management-plan64312.pdf,05_TRU/05_Energy-and-Buildings/2025_TRU_Strategic-Energy-Management-Plan-2025.pdf,2026-08-14,SKIPPED,Energy-reduction roadmap tied to BC Hydro's SEMP program.,Directly reusable format. BC Hydro SEMP is the same program available to OC.
R0276,peers,Public (peer publication),TRU Sustainability Literacy Assessment Report 2025,TRU,TRU,Curriculum and Research,Audits and assessments,Sustainability Literacy Assessment,2025,file,True,False,,,,False,Link seen on index page,https://sustainoc.github.io/Docs2/05_TRU/07_Curriculum-and-Research/2025_TRU_TRU-Sustainability-Literacy-Assessment-Report-2025.pdf,https://sustainoc.github.io/Docs2/05_TRU/07_Curriculum-and-Research/2025_TRU_TRU-Sustainability-Literacy-Assessment-Report-2025.pdf,https://www.tru.ca/__shared/assets/2025-literacy-assessment-report65172.pdf,05_TRU/07_Curriculum-and-Research/2025_TRU_TRU-Sustainability-Literacy-Assessment-Report-2025.pdf,2026-08-14,SKIPPED,"Sustainability Literacy Assessment series, 2025.",Part of the Sustainability Literacy Assessment time series. Multi-year trend data for benchmarking.
R0107,peers,Public (peer publication),TRU Sustainability Research Grant for Faculty 2025 26,TRU,TRU,Curriculum and Research,Curriculum and programs,Program,2025,file,True,False,Academics,Applied Research,,False,Seen in search,https://sustainoc.github.io/Docs2/05_TRU/07_Curriculum-and-Research/2025_TRU_TRU-Sustainability-Research-Grant-for-Faculty-2025-26.pdf,https://sustainoc.github.io/Docs2/05_TRU/07_Curriculum-and-Research/2025_TRU_TRU-Sustainability-Research-Grant-for-Faculty-2025-26.pdf,http://www.tru.ca/__shared/assets/Sustainability_Research_Grant_for_Faculty_2025-202664878.pdf,05_TRU/07_Curriculum-and-Research/2025_TRU_TRU-Sustainability-Research-Grant-for-Faculty-2025-26.pdf,2026-08-14,SKIPPED,Faculty-facing applied-research micro-grant program.,Direct funding-mechanism model for OC's Applied Research impact area.
R0334,peers,Public (peer publication),Low Carbon District Energy System LCDES,TRU,TRU,Energy and Buildings,Projects and announcements,Capital project,2024-2030,link,False,True,Operations,Infrastructure (Energy/Water); Carbon Zero,,False,Fetched,https://www.tru.ca/sustainability/lcdes.html,,https://www.tru.ca/sustainability/lcdes.html,,2026-08-18,LINK-SAVED,"Electrifies heating across 13 buildings with Creative Energy and BC Hydro. Targets a 95% heating-emissions cut by 2030 and >100,000 tCO2e offset over 30 years.",A real costed decarbonization capital project with a utility + district-energy partner structure. Directly transferable to OC.
R0231,peers,Public (peer publication),TRU Climate Change Accountability Report 2023,TRU,TRU,Climate and GHG Reporting,Statutory and climate reporting,CCAR,2023,file,True,False,,,,False,Link seen on index page,https://sustainoc.github.io/Docs2/05_TRU/02_Climate-and-GHG-Reporting/2023_TRU_TRU-Climate-Change-Accountability-Report-2023.pdf,https://sustainoc.github.io/Docs2/05_TRU/02_Climate-and-GHG-Reporting/2023_TRU_TRU-Climate-Change-Accountability-Report-2023.pdf,https://www.tru.ca/__shared/assets/climate-change-accountability-report-202360797.pdf,05_TRU/02_Climate-and-GHG-Reporting/2023_TRU_TRU-Climate-Change-Accountability-Report-2023.pdf,2026-08-14,SKIPPED,"CCAR series, 2023.",Part of the CCAR time series. Multi-year trend data for benchmarking.
R0106,peers,Public (peer publication),TRU Sustainability Grant Fund Terms of Reference 2023 24,TRU,TRU,Governance and Policy,Policy and governance,Governance,2023,file,True,True,Planning and Administration; Engagement; Academics,Investment; Training; Applied Research,,False,Seen in search,https://sustainoc.github.io/Docs2/05_TRU/08_Governance-and-Policy/2023_TRU_TRU-Sustainability-Grant-Fund-Terms-of-Reference-2023-24.pdf,https://sustainoc.github.io/Docs2/05_TRU/08_Governance-and-Policy/2023_TRU_TRU-Sustainability-Grant-Fund-Terms-of-Reference-2023-24.pdf,https://www.tru.ca/__shared/assets/TRU_Sustainability_Grant_Fund_Terms_of_Reference_-_2023_-_202458190.pdf,05_TRU/08_Governance-and-Policy/2023_TRU_TRU-Sustainability-Grant-Fund-Terms-of-Reference-2023-24.pdf,2026-08-14,SKIPPED,Governs a faculty/staff/student sustainability micro-grant program of roughly $100K/yr.,A ready-made ToR for an OC internal sustainability grant fund.
R0266,peers,Public (peer publication),Level 1 Energy Study 2022 Animal Health,TRU,TRU,Energy and Buildings,Audits and assessments,Level 1 Energy Study,2022,file,True,False,,,,False,Link seen on index page,https://sustainoc.github.io/Docs2/05_TRU/05_Energy-and-Buildings/2022_TRU_Level-1-Energy-Study-2022-Animal-Health.pdf,https://sustainoc.github.io/Docs2/05_TRU/05_Energy-and-Buildings/2022_TRU_Level-1-Energy-Study-2022-Animal-Health.pdf,https://www.tru.ca/__shared/assets/level-1-energy-study-2022-animal-health64241.pdf,05_TRU/05_Energy-and-Buildings/2022_TRU_Level-1-Energy-Study-2022-Animal-Health.pdf,2026-08-14,SKIPPED,"Level 1 Energy Study series, 2022.",Part of the Level 1 Energy Study time series. Multi-year trend data for benchmarking.
R0255,peers,Public (peer publication),Level 1 Energy Study 2022 Arts and Education,TRU,TRU,Energy and Buildings,Audits and assessments,Level 1 Energy Study,2022,file,True,False,,,,False,Link seen on index page,https://sustainoc.github.io/Docs2/05_TRU/05_Energy-and-Buildings/2022_TRU_Level-1-Energy-Study-2022-Arts-and-Education.pdf,https://sustainoc.github.io/Docs2/05_TRU/05_Energy-and-Buildings/2022_TRU_Level-1-Energy-Study-2022-Arts-and-Education.pdf,https://www.tru.ca/__shared/assets/level-1-energy-study-2022-arts-education64230.pdf,05_TRU/05_Energy-and-Buildings/2022_TRU_Level-1-Energy-Study-2022-Arts-and-Education.pdf,2026-08-14,SKIPPED,"Level 1 Energy Study series, 2022.",Part of the Level 1 Energy Study time series. Multi-year trend data for benchmarking.
R0256,peers,Public (peer publication),Level 1 Energy Study 2022 Campus Activity Centre,TRU,TRU,Energy and Buildings,Audits and assessments,Level 1 Energy Study,2022,file,True,False,,,,False,Link seen on index page,https://sustainoc.github.io/Docs2/05_TRU/05_Energy-and-Buildings/2022_TRU_Level-1-Energy-Study-2022-Campus-Activity-Centre.pdf,https://sustainoc.github.io/Docs2/05_TRU/05_Energy-and-Buildings/2022_TRU_Level-1-Energy-Study-2022-Campus-Activity-Centre.pdf,https://www.tru.ca/__shared/assets/level-1-energy-study-2022-cac64231.pdf,05_TRU/05_Energy-and-Buildings/2022_TRU_Level-1-Energy-Study-2022-Campus-Activity-Centre.pdf,2026-08-14,SKIPPED,"Level 1 Energy Study series, 2022.",Part of the Level 1 Energy Study time series. Multi-year trend data for benchmarking.
R0267,peers,Public (peer publication),Level 1 Energy Study 2022 Clock Tower,TRU,TRU,Energy and Buildings,Audits and assessments,Level 1 Energy Study,2022,file,True,False,,,,False,Link seen on index page,https://sustainoc.github.io/Docs2/05_TRU/05_Energy-and-Buildings/2022_TRU_Level-1-Energy-Study-2022-Clock-Tower.pdf,https://sustainoc.github.io/Docs2/05_TRU/05_Energy-and-Buildings/2022_TRU_Level-1-Energy-Study-2022-Clock-Tower.pdf,https://www.tru.ca/__shared/assets/level-1-energy-study-2022-clock-tower64242.pdf,05_TRU/05_Energy-and-Buildings/2022_TRU_Level-1-Energy-Study-2022-Clock-Tower.pdf,2026-08-14,SKIPPED,"Level 1 Energy Study series, 2022.",Part of the Level 1 Energy Study time series. Multi-year trend data for benchmarking.
R0248,peers,Public (peer publication),Level 1 Energy Study 2022 Culinary Arts,TRU,TRU,Energy and Buildings,Audits and assessments,Level 1 Energy Study,2022,file,True,False,,,,False,Link seen on index page,https://sustainoc.github.io/Docs2/05_TRU/05_Energy-and-Buildings/2022_TRU_Level-1-Energy-Study-2022-Culinary-Arts.pdf,https://sustainoc.github.io/Docs2/05_TRU/05_Energy-and-Buildings/2022_TRU_Level-1-Energy-Study-2022-Culinary-Arts.pdf,https://www.tru.ca/__shared/assets/level-1-energy-study-2022-culinary-arts64222.pdf,05_TRU/05_Energy-and-Buildings/2022_TRU_Level-1-Energy-Study-2022-Culinary-Arts.pdf,2026-08-14,SKIPPED,"Level 1 Energy Study series, 2022.",Part of the Level 1 Energy Study time series. Multi-year trend data for benchmarking.
R0257,peers,Public (peer publication),Level 1 Energy Study 2022 Daycare,TRU,TRU,Energy and Buildings,Audits and assessments,Level 1 Energy Study,2022,file,True,False,,,,False,Link seen on index page,https://sustainoc.github.io/Docs2/05_TRU/05_Energy-and-Buildings/2022_TRU_Level-1-Energy-Study-2022-Daycare.pdf,https://sustainoc.github.io/Docs2/05_TRU/05_Energy-and-Buildings/2022_TRU_Level-1-Energy-Study-2022-Daycare.pdf,https://www.tru.ca/__shared/assets/level-1-energy-study-2022-daycare64232.pdf,05_TRU/05_Energy-and-Buildings/2022_TRU_Level-1-Energy-Study-2022-Daycare.pdf,2026-08-14,SKIPPED,"Level 1 Energy Study series, 2022.",Part of the Level 1 Energy Study time series. Multi-year trend data for benchmarking.
R0268,peers,Public (peer publication),Level 1 Energy Study 2022 Gymnasium,TRU,TRU,Energy and Buildings,Audits and assessments,Level 1 Energy Study,2022,file,True,False,,,,False,Link seen on index page,https://sustainoc.github.io/Docs2/05_TRU/05_Energy-and-Buildings/2022_TRU_Level-1-Energy-Study-2022-Gymnasium.pdf,https://sustainoc.github.io/Docs2/05_TRU/05_Energy-and-Buildings/2022_TRU_Level-1-Energy-Study-2022-Gymnasium.pdf,https://www.tru.ca/__shared/assets/level-1-energy-study-2022-gymnasium64243.pdf,05_TRU/05_Energy-and-Buildings/2022_TRU_Level-1-Energy-Study-2022-Gymnasium.pdf,2026-08-14,SKIPPED,"Level 1 Energy Study series, 2022.",Part of the Level 1 Energy Study time series. Multi-year trend data for benchmarking.
R0258,peers,Public (peer publication),Level 1 Energy Study 2022 House 1 Faculty Association,TRU,TRU,Energy and Buildings,Audits and assessments,Level 1 Energy Study,2022,file,True,False,,,,False,Link seen on index page,https://sustainoc.github.io/Docs2/05_TRU/05_Energy-and-Buildings/2022_TRU_Level-1-Energy-Study-2022-House-1-Faculty-Association.pdf,https://sustainoc.github.io/Docs2/05_TRU/05_Energy-and-Buildings/2022_TRU_Level-1-Energy-Study-2022-House-1-Faculty-Association.pdf,https://www.tru.ca/__shared/assets/level-1-energy-study-2022-house-1-faculty-association64233.pdf,05_TRU/05_Energy-and-Buildings/2022_TRU_Level-1-Energy-Study-2022-House-1-Faculty-Association.pdf,2026-08-14,SKIPPED,"Level 1 Energy Study series, 2022.",Part of the Level 1 Energy Study time series. Multi-year trend data for benchmarking.
R0261,peers,Public (peer publication),Level 1 Energy Study 2022 House 10 Horticulture,TRU,TRU,Energy and Buildings,Audits and assessments,Level 1 Energy Study,2022,file,True,False,,,,False,Link seen on index page,https://sustainoc.github.io/Docs2/05_TRU/05_Energy-and-Buildings/2022_TRU_Level-1-Energy-Study-2022-House-10-Horticulture.pdf,https://sustainoc.github.io/Docs2/05_TRU/05_Energy-and-Buildings/2022_TRU_Level-1-Energy-Study-2022-House-10-Horticulture.pdf,https://www.tru.ca/__shared/assets/level-1-energy-study-2022-house-10-horticulture64236.pdf,05_TRU/05_Energy-and-Buildings/2022_TRU_Level-1-Energy-Study-2022-House-10-Horticulture.pdf,2026-08-14,SKIPPED,"Level 1 Energy Study series, 2022.",Part of the Level 1 Energy Study time series. Multi-year trend data for benchmarking.
R0250,peers,Public (peer publication),Level 1 Energy Study 2022 House 4 Sustainability,TRU,TRU,Energy and Buildings,Audits and assessments,Level 1 Energy Study,2022,file,True,False,,,,False,Link seen on index page,https://sustainoc.github.io/Docs2/05_TRU/05_Energy-and-Buildings/2022_TRU_Level-1-Energy-Study-2022-House-4-Sustainability.pdf,https://sustainoc.github.io/Docs2/05_TRU/05_Energy-and-Buildings/2022_TRU_Level-1-Energy-Study-2022-House-4-Sustainability.pdf,https://www.tru.ca/__shared/assets/level-1-energy-study-2022-house-4-sustainability64224.pdf,05_TRU/05_Energy-and-Buildings/2022_TRU_Level-1-Energy-Study-2022-House-4-Sustainability.pdf,2026-08-14,SKIPPED,"Level 1 Energy Study series, 2022.",Part of the Level 1 Energy Study time series. Multi-year trend data for benchmarking.
R0251,peers,Public (peer publication),Level 1 Energy Study 2022 House 5 Indigenous,TRU,TRU,Energy and Buildings,Audits and assessments,Level 1 Energy Study,2022,file,True,False,,,,False,Link seen on index page,https://sustainoc.github.io/Docs2/05_TRU/05_Energy-and-Buildings/2022_TRU_Level-1-Energy-Study-2022-House-5-Indigenous.pdf,https://sustainoc.github.io/Docs2/05_TRU/05_Energy-and-Buildings/2022_TRU_Level-1-Energy-Study-2022-House-5-Indigenous.pdf,https://www.tru.ca/__shared/assets/level-1-energy-study-2022-house-5-aboriginal64225.pdf,05_TRU/05_Energy-and-Buildings/2022_TRU_Level-1-Energy-Study-2022-House-5-Indigenous.pdf,2026-08-14,SKIPPED,"Level 1 Energy Study series, 2022.",Part of the Level 1 Energy Study time series. Multi-year trend data for benchmarking.
R0259,peers,Public (peer publication),Level 1 Energy Study 2022 House 6 7 Research Centre,TRU,TRU,Energy and Buildings,Audits and assessments,Level 1 Energy Study,2022,file,True,False,,,,False,Link seen on index page,https://sustainoc.github.io/Docs2/05_TRU/05_Energy-and-Buildings/2022_TRU_Level-1-Energy-Study-2022-House-6-7-Research-Centre.pdf,https://sustainoc.github.io/Docs2/05_TRU/05_Energy-and-Buildings/2022_TRU_Level-1-Energy-Study-2022-House-6-7-Research-Centre.pdf,https://www.tru.ca/__shared/assets/level-1-energy-study-2022-house-6-7-research-centre64234.pdf,05_TRU/05_Energy-and-Buildings/2022_TRU_Level-1-Energy-Study-2022-House-6-7-Research-Centre.pdf,2026-08-14,SKIPPED,"Level 1 Energy Study series, 2022.",Part of the Level 1 Energy Study time series. Multi-year trend data for benchmarking.
R0252,peers,Public (peer publication),Level 1 Energy Study 2022 House 8 Radio,TRU,TRU,Energy and Buildings,Audits and assessments,Level 1 Energy Study,2022,file,True,False,,,,False,Link seen on index page,https://sustainoc.github.io/Docs2/05_TRU/05_Energy-and-Buildings/2022_TRU_Level-1-Energy-Study-2022-House-8-Radio.pdf,https://sustainoc.github.io/Docs2/05_TRU/05_Energy-and-Buildings/2022_TRU_Level-1-Energy-Study-2022-House-8-Radio.pdf,https://www.tru.ca/__shared/assets/level-1-energy-study-2022-house-8-radio64226.pdf,05_TRU/05_Energy-and-Buildings/2022_TRU_Level-1-Energy-Study-2022-House-8-Radio.pdf,2026-08-14,SKIPPED,"Level 1 Energy Study series, 2022.",Part of the Level 1 Energy Study time series. Multi-year trend data for benchmarking.
R0260,peers,Public (peer publication),Level 1 Energy Study 2022 House 9 Welcome Centre,TRU,TRU,Energy and Buildings,Audits and assessments,Level 1 Energy Study,2022,file,True,False,,,,False,Link seen on index page,https://sustainoc.github.io/Docs2/05_TRU/05_Energy-and-Buildings/2022_TRU_Level-1-Energy-Study-2022-House-9-Welcome-Centre.pdf,https://sustainoc.github.io/Docs2/05_TRU/05_Energy-and-Buildings/2022_TRU_Level-1-Energy-Study-2022-House-9-Welcome-Centre.pdf,https://www.tru.ca/__shared/assets/level-1-energy-study-2022-house-9-welcome-centre64235.pdf,05_TRU/05_Energy-and-Buildings/2022_TRU_Level-1-Energy-Study-2022-House-9-Welcome-Centre.pdf,2026-08-14,SKIPPED,"Level 1 Energy Study series, 2022.",Part of the Level 1 Energy Study time series. Multi-year trend data for benchmarking.
R0262,peers,Public (peer publication),Level 1 Energy Study 2022 House of Learning,TRU,TRU,Energy and Buildings,Audits and assessments,Level 1 Energy Study,2022,file,True,False,,,,False,Link seen on index page,https://sustainoc.github.io/Docs2/05_TRU/05_Energy-and-Buildings/2022_TRU_Level-1-Energy-Study-2022-House-of-Learning.pdf,https://sustainoc.github.io/Docs2/05_TRU/05_Energy-and-Buildings/2022_TRU_Level-1-Energy-Study-2022-House-of-Learning.pdf,https://www.tru.ca/__shared/assets/level-1-energy-study-2022-house-of-learning64237.pdf,05_TRU/05_Energy-and-Buildings/2022_TRU_Level-1-Energy-Study-2022-House-of-Learning.pdf,2026-08-14,SKIPPED,"Level 1 Energy Study series, 2022.",Part of the Level 1 Energy Study time series. Multi-year trend data for benchmarking.
R0264,peers,Public (peer publication),Level 1 Energy Study 2022 International Building,TRU,TRU,Energy and Buildings,Audits and assessments,Level 1 Energy Study,2022,file,True,False,,,,False,Link seen on index page,https://sustainoc.github.io/Docs2/05_TRU/05_Energy-and-Buildings/2022_TRU_Level-1-Energy-Study-2022-International-Building.pdf,https://sustainoc.github.io/Docs2/05_TRU/05_Energy-and-Buildings/2022_TRU_Level-1-Energy-Study-2022-International-Building.pdf,https://www.tru.ca/__shared/assets/level-1-energy-study-2022-international-building64239.pdf,05_TRU/05_Energy-and-Buildings/2022_TRU_Level-1-Energy-Study-2022-International-Building.pdf,2026-08-14,SKIPPED,"Level 1 Energy Study series, 2022.",Part of the Level 1 Energy Study time series. Multi-year trend data for benchmarking.
R0269,peers,Public (peer publication),Level 1 Energy Study 2022 Materials Distribution Centre,TRU,TRU,Energy and Buildings,Audits and assessments,Level 1 Energy Study,2022,file,True,False,,,,False,Link seen on index page,https://sustainoc.github.io/Docs2/05_TRU/05_Energy-and-Buildings/2022_TRU_Level-1-Energy-Study-2022-Materials-Distribution-Centre.pdf,https://sustainoc.github.io/Docs2/05_TRU/05_Energy-and-Buildings/2022_TRU_Level-1-Energy-Study-2022-Materials-Distribution-Centre.pdf,https://www.tru.ca/__shared/assets/level-1-energy-study-2022-materials-distribution-centre64244.pdf,05_TRU/05_Energy-and-Buildings/2022_TRU_Level-1-Energy-Study-2022-Materials-Distribution-Centre.pdf,2026-08-14,SKIPPED,"Level 1 Energy Study series, 2022.",Part of the Level 1 Energy Study time series. Multi-year trend data for benchmarking.
R0263,peers,Public (peer publication),Level 1 Energy Study 2022 Multi Use Annex Human Resources,TRU,TRU,Energy and Buildings,Audits and assessments,Level 1 Energy Study,2022,file,True,False,,,,False,Link seen on index page,https://sustainoc.github.io/Docs2/05_TRU/05_Energy-and-Buildings/2022_TRU_Level-1-Energy-Study-2022-Multi-Use-Annex-Human-Resources.pdf,https://sustainoc.github.io/Docs2/05_TRU/05_Energy-and-Buildings/2022_TRU_Level-1-Energy-Study-2022-Multi-Use-Annex-Human-Resources.pdf,https://www.tru.ca/__shared/assets/level-1-energy-study-2022-human-resources-building64238.pdf,05_TRU/05_Energy-and-Buildings/2022_TRU_Level-1-Energy-Study-2022-Multi-Use-Annex-Human-Resources.pdf,2026-08-14,SKIPPED,"Level 1 Energy Study series, 2022.",Part of the Level 1 Energy Study time series. Multi-year trend data for benchmarking.
R0249,peers,Public (peer publication),Level 1 Energy Study 2022 Old Main,TRU,TRU,Energy and Buildings,Audits and assessments,Level 1 Energy Study,2022,file,True,False,,,,False,Link seen on index page,https://sustainoc.github.io/Docs2/05_TRU/05_Energy-and-Buildings/2022_TRU_Level-1-Energy-Study-2022-Old-Main.pdf,https://sustainoc.github.io/Docs2/05_TRU/05_Energy-and-Buildings/2022_TRU_Level-1-Energy-Study-2022-Old-Main.pdf,https://www.tru.ca/__shared/assets/level-1-energy-study-2022-old-main64223.pdf,05_TRU/05_Energy-and-Buildings/2022_TRU_Level-1-Energy-Study-2022-Old-Main.pdf,2026-08-14,SKIPPED,"Level 1 Energy Study series, 2022.",Part of the Level 1 Energy Study time series. Multi-year trend data for benchmarking.
R0254,peers,Public (peer publication),Level 1 Energy Study 2022 Open Learning,TRU,TRU,Energy and Buildings,Audits and assessments,Level 1 Energy Study,2022,file,True,False,,,,False,Link seen on index page,https://sustainoc.github.io/Docs2/05_TRU/05_Energy-and-Buildings/2022_TRU_Level-1-Energy-Study-2022-Open-Learning.pdf,https://sustainoc.github.io/Docs2/05_TRU/05_Energy-and-Buildings/2022_TRU_Level-1-Energy-Study-2022-Open-Learning.pdf,https://www.tru.ca/__shared/assets/level-1-energy-study-2022-open-learning64229.pdf,05_TRU/05_Energy-and-Buildings/2022_TRU_Level-1-Energy-Study-2022-Open-Learning.pdf,2026-08-14,SKIPPED,"Level 1 Energy Study series, 2022.",Part of the Level 1 Energy Study time series. Multi-year trend data for benchmarking.
R0253,peers,Public (peer publication),Level 1 Energy Study 2022 Sciences,TRU,TRU,Energy and Buildings,Audits and assessments,Level 1 Energy Study,2022,file,True,False,,,,False,Link seen on index page,https://sustainoc.github.io/Docs2/05_TRU/05_Energy-and-Buildings/2022_TRU_Level-1-Energy-Study-2022-Sciences.pdf,https://sustainoc.github.io/Docs2/05_TRU/05_Energy-and-Buildings/2022_TRU_Level-1-Energy-Study-2022-Sciences.pdf,https://www.tru.ca/__shared/assets/level-1-energy-study-2022-sciences64228.pdf,05_TRU/05_Energy-and-Buildings/2022_TRU_Level-1-Energy-Study-2022-Sciences.pdf,2026-08-14,SKIPPED,"Level 1 Energy Study series, 2022.",Part of the Level 1 Energy Study time series. Multi-year trend data for benchmarking.
R0265,peers,Public (peer publication),Level 1 Energy Study 2022 Trades and Technology,TRU,TRU,Energy and Buildings,Audits and assessments,Level 1 Energy Study,2022,file,True,False,,,,False,Link seen on index page,https://sustainoc.github.io/Docs2/05_TRU/05_Energy-and-Buildings/2022_TRU_Level-1-Energy-Study-2022-Trades-and-Technology.pdf,https://sustainoc.github.io/Docs2/05_TRU/05_Energy-and-Buildings/2022_TRU_Level-1-Energy-Study-2022-Trades-and-Technology.pdf,https://www.tru.ca/__shared/assets/level-1-energy-study-2022-trades64240.pdf,05_TRU/05_Energy-and-Buildings/2022_TRU_Level-1-Energy-Study-2022-Trades-and-Technology.pdf,2026-08-14,SKIPPED,"Level 1 Energy Study series, 2022.",Part of the Level 1 Energy Study time series. Multi-year trend data for benchmarking.
R0232,peers,Public (peer publication),TRU Climate Change Accountability Report 2022,TRU,TRU,Climate and GHG Reporting,Statutory and climate reporting,CCAR,2022,file,True,False,,,,False,Link seen on index page,https://sustainoc.github.io/Docs2/05_TRU/02_Climate-and-GHG-Reporting/2022_TRU_TRU-Climate-Change-Accountability-Report-2022.pdf,https://sustainoc.github.io/Docs2/05_TRU/02_Climate-and-GHG-Reporting/2022_TRU_TRU-Climate-Change-Accountability-Report-2022.pdf,https://www.tru.ca/__shared/assets/climate-change-accountability-report-202257804.pdf,05_TRU/02_Climate-and-GHG-Reporting/2022_TRU_TRU-Climate-Change-Accountability-Report-2022.pdf,2026-08-14,SKIPPED,"CCAR series, 2022.",Part of the CCAR time series. Multi-year trend data for benchmarking.
R0280,peers,Public (peer publication),TRU STARS Report 2022 Platinum self hosted full submission,TRU,TRU,STARS,STARS,STARS,2022,file,True,False,,,,False,Link seen on index page,https://sustainoc.github.io/Docs2/05_TRU/03_STARS/2022_TRU_TRU-STARS-Report-2022-Platinum-self-hosted-full-submission.pdf,https://sustainoc.github.io/Docs2/05_TRU/03_STARS/2022_TRU_TRU-STARS-Report-2022-Platinum-self-hosted-full-submission.pdf,https://www.tru.ca/__shared/assets/tru-stars-report56740.pdf,05_TRU/03_STARS/2022_TRU_TRU-STARS-Report-2022-Platinum-self-hosted-full-submission.pdf,2026-08-14,SKIPPED,"STARS series, 2022.",Part of the STARS time series. Multi-year trend data for benchmarking.
R0335,peers,Public (peer publication),TRU STARS Report v2.2 Platinum 86.17,TRU,TRU,STARS,STARS,STARS,2022,link,False,True,,,,True,Fetched,https://reports.aashe.org/institutions/thompson-rivers-university-bc/report/2022-05-31/,,https://reports.aashe.org/institutions/thompson-rivers-university-bc/report/2022-05-31/,,2026-08-18,LINK-SAVED,"86.17/100, Platinum, expired Oct 31 2025. The highest-scoring BC teaching institution on record.",The master credit crosswalk for an institution at OC's scale and mandate.
R0277,peers,Public (peer publication),TRU Sustainability Post Literacy Assessment Survey Student Report 2022,TRU,TRU,Curriculum and Research,Audits and assessments,Sustainability Literacy Assessment,2022,file,True,False,,,,False,Link seen on index page,https://sustainoc.github.io/Docs2/05_TRU/07_Curriculum-and-Research/2022_TRU_TRU-Sustainability-Post-Literacy-Assessment-Survey-Student-Report-2022.pdf,https://sustainoc.github.io/Docs2/05_TRU/07_Curriculum-and-Research/2022_TRU_TRU-Sustainability-Post-Literacy-Assessment-Survey-Student-Report-2022.pdf,https://www.tru.ca/__shared/assets/student-report-2022-sustainability-post-literacy-assessment-survey55959.pdf,05_TRU/07_Curriculum-and-Research/2022_TRU_TRU-Sustainability-Post-Literacy-Assessment-Survey-Student-Report-2022.pdf,2026-08-14,SKIPPED,"Sustainability Literacy Assessment series, 2022.",Part of the Sustainability Literacy Assessment time series. Multi-year trend data for benchmarking.
R0102,peers,Public (peer publication),TRU Zero Waste Plan 2022 2027,TRU,TRU,Waste and Procurement,Plans and strategies,Plan,2022,file,True,False,Operations,Supply Chain,,False,Seen in search,https://sustainoc.github.io/Docs2/05_TRU/06_Waste-and-Procurement/2022_TRU_TRU-Zero-Waste-Plan-2022-2027.pdf,https://sustainoc.github.io/Docs2/05_TRU/06_Waste-and-Procurement/2022_TRU_TRU-Zero-Waste-Plan-2022-2027.pdf,https://www.tru.ca/__shared/assets/tru-zero-waste-plan-2022-202755989.pdf,05_TRU/06_Waste-and-Procurement/2022_TRU_TRU-Zero-Waste-Plan-2022-2027.pdf,2026-08-14,SKIPPED,5-year waste diversion and circular-economy roadmap.,"Model for an OC waste sub-plan under Supply Chain, building on the Mar 2026 trash audit."
R0233,peers,Public (peer publication),TRU Climate Change Accountability Report 2021,TRU,TRU,Climate and GHG Reporting,Statutory and climate reporting,CCAR,2021,file,True,False,,,,False,Link seen on index page,https://sustainoc.github.io/Docs2/05_TRU/02_Climate-and-GHG-Reporting/2021_TRU_TRU-Climate-Change-Accountability-Report-2021.pdf,https://sustainoc.github.io/Docs2/05_TRU/02_Climate-and-GHG-Reporting/2021_TRU_TRU-Climate-Change-Accountability-Report-2021.pdf,https://www.tru.ca/__shared/assets/Climate_Change_Accountability_Report_-_202156891.pdf,05_TRU/02_Climate-and-GHG-Reporting/2021_TRU_TRU-Climate-Change-Accountability-Report-2021.pdf,2026-08-14,SKIPPED,"CCAR series, 2021.",Part of the CCAR time series. Multi-year trend data for benchmarking.
R0278,peers,Public (peer publication),TRU SLAS 2021 Employee Report,TRU,TRU,Curriculum and Research,Audits and assessments,Sustainability Literacy Assessment,2021,file,True,False,,,,False,Link seen on index page,https://sustainoc.github.io/Docs2/05_TRU/07_Curriculum-and-Research/2021_TRU_TRU-SLAS-2021-Employee-Report.pdf,https://sustainoc.github.io/Docs2/05_TRU/07_Curriculum-and-Research/2021_TRU_TRU-SLAS-2021-Employee-Report.pdf,https://www.tru.ca/__shared/assets/slas-2021-tru-employee-report53380.pdf,05_TRU/07_Curriculum-and-Research/2021_TRU_TRU-SLAS-2021-Employee-Report.pdf,2026-08-14,SKIPPED,"Sustainability Literacy Assessment series, 2021.",Part of the Sustainability Literacy Assessment time series. Multi-year trend data for benchmarking.
R0279,peers,Public (peer publication),TRU SLAS 2021 Student Report,TRU,TRU,Curriculum and Research,Audits and assessments,Sustainability Literacy Assessment,2021,file,True,False,,,,False,Link seen on index page,https://sustainoc.github.io/Docs2/05_TRU/07_Curriculum-and-Research/2021_TRU_TRU-SLAS-2021-Student-Report.pdf,https://sustainoc.github.io/Docs2/05_TRU/07_Curriculum-and-Research/2021_TRU_TRU-SLAS-2021-Student-Report.pdf,https://www.tru.ca/__shared/assets/slas-2021-tru-student-report53379.pdf,05_TRU/07_Curriculum-and-Research/2021_TRU_TRU-SLAS-2021-Student-Report.pdf,2026-08-14,SKIPPED,"Sustainability Literacy Assessment series, 2021.",Part of the Sustainability Literacy Assessment time series. Multi-year trend data for benchmarking.
R0234,peers,Public (peer publication),TRU Climate Change Accountability Report 2020,TRU,TRU,Climate and GHG Reporting,Statutory and climate reporting,CCAR,2020,file,True,False,,,,False,Link seen on index page,https://sustainoc.github.io/Docs2/05_TRU/02_Climate-and-GHG-Reporting/2020_TRU_TRU-Climate-Change-Accountability-Report-2020.pdf,https://sustainoc.github.io/Docs2/05_TRU/02_Climate-and-GHG-Reporting/2020_TRU_TRU-Climate-Change-Accountability-Report-2020.pdf,https://www.tru.ca/__shared/assets/climate-change-accountability-report-202057968.pdf,05_TRU/02_Climate-and-GHG-Reporting/2020_TRU_TRU-Climate-Change-Accountability-Report-2020.pdf,2026-08-14,SKIPPED,"CCAR series, 2020.",Part of the CCAR time series. Multi-year trend data for benchmarking.
R0240,peers,Public (peer publication),TRU Waste and Recyclable Materials Report 2020 Q1,TRU,TRU,Waste and Procurement,Audits and assessments,Waste Audit,2020,file,True,False,,,,False,Link seen on index page,https://sustainoc.github.io/Docs2/05_TRU/06_Waste-and-Procurement/2020_TRU_TRU-Waste-and-Recyclable-Materials-Report-2020-Q1.pdf,https://sustainoc.github.io/Docs2/05_TRU/06_Waste-and-Procurement/2020_TRU_TRU-Waste-and-Recyclable-Materials-Report-2020-Q1.pdf,https://www.tru.ca/__shared/assets/waste-recyclable-materials-report-2020q153517.pdf,05_TRU/06_Waste-and-Procurement/2020_TRU_TRU-Waste-and-Recyclable-Materials-Report-2020-Q1.pdf,2026-08-14,SKIPPED,"Waste Audit series, 2020.",Part of the Waste Audit time series. Multi-year trend data for benchmarking.
R0100,peers,Public (peer publication),Campus Strategic Sustainability Plan 2020 2025,TRU,TRU,Plans and Strategies,Plans and strategies,Plan,2019,file,True,True,Planning and Administration,Policy / Planning,,True,Fetched,https://sustainoc.github.io/Docs2/05_TRU/01_Plans-and-Strategies/2019_TRU_Campus-Strategic-Sustainability-Plan-2020-2025.pdf,https://sustainoc.github.io/Docs2/05_TRU/01_Plans-and-Strategies/2019_TRU_Campus-Strategic-Sustainability-Plan-2020-2025.pdf,https://www.tru.ca/__shared/assets/campus-strategic-sustainability-plan-2020-202547354.pdf,05_TRU/01_Plans-and-Strategies/2019_TRU_Campus-Strategic-Sustainability-Plan-2020-2025.pdf,2026-08-14,SKIPPED,"Four STARS-aligned goals broken into 17 thematic areas and 117+ strategies, tagged ongoing/short/medium/long-term, with numeric 2025 and 2030 targets.","The closest structural precedent anywhere to OC's 4-focus / 13-impact-area framework. Steal the structure, not just reference it."
R0235,peers,Public (peer publication),TRU Carbon Neutral Action Report 2019,TRU,TRU,Climate and GHG Reporting,Statutory and climate reporting,CNAR,2019,file,True,False,,,,False,Link seen on index page,https://sustainoc.github.io/Docs2/05_TRU/02_Climate-and-GHG-Reporting/2019_TRU_TRU-Carbon-Neutral-Action-Report-2019.pdf,https://sustainoc.github.io/Docs2/05_TRU/02_Climate-and-GHG-Reporting/2019_TRU_TRU-Carbon-Neutral-Action-Report-2019.pdf,https://www.tru.ca/__shared/assets/carbon-neutral-action-report-201952832.pdf,05_TRU/02_Climate-and-GHG-Reporting/2019_TRU_TRU-Carbon-Neutral-Action-Report-2019.pdf,2026-08-14,SKIPPED,"CNAR series, 2019.",Part of the CNAR time series. Multi-year trend data for benchmarking.
R0110,peers,Public (peer publication),TRU Investment Asset Breakdown,TRU,TRU,Governance and Policy,Statutory and climate reporting,Disclosure,2019,file,True,False,Planning and Administration,Investment,,False,Seen in search,https://sustainoc.github.io/Docs2/05_TRU/08_Governance-and-Policy/2019_TRU_TRU-Investment-Asset-Breakdown.pdf,https://sustainoc.github.io/Docs2/05_TRU/08_Governance-and-Policy/2019_TRU_TRU-Investment-Asset-Breakdown.pdf,https://www.tru.ca/__shared/assets/Asset_Breakdown_201949110.pdf,05_TRU/08_Governance-and-Policy/2019_TRU_TRU-Investment-Asset-Breakdown.pdf,2026-08-14,SKIPPED,Investment portfolio composition disclosure. No formal ESG/divestment policy was found.,Transparency-reporting template for OC's Investment impact area.
R0243,peers,Public (peer publication),TRU Waste Audit Report 2019 Q1 and Q2,TRU,TRU,Waste and Procurement,Audits and assessments,Waste Audit,2019,file,True,False,,,,False,Link seen on index page,https://sustainoc.github.io/Docs2/05_TRU/06_Waste-and-Procurement/2019_TRU_TRU-Waste-Audit-Report-2019-Q1-and-Q2.pdf,https://sustainoc.github.io/Docs2/05_TRU/06_Waste-and-Procurement/2019_TRU_TRU-Waste-Audit-Report-2019-Q1-and-Q2.pdf,https://www.tru.ca/__shared/assets/waste-audit-2019q253515.pdf,05_TRU/06_Waste-and-Procurement/2019_TRU_TRU-Waste-Audit-Report-2019-Q1-and-Q2.pdf,2026-08-14,SKIPPED,"Waste Audit series, 2019.",Part of the Waste Audit time series. Multi-year trend data for benchmarking.
R0242,peers,Public (peer publication),TRU Waste Audit Report 2019 Q3,TRU,TRU,Waste and Procurement,Audits and assessments,Waste Audit,2019,file,True,False,,,,False,Link seen on index page,https://sustainoc.github.io/Docs2/05_TRU/06_Waste-and-Procurement/2019_TRU_TRU-Waste-Audit-Report-2019-Q3.pdf,https://sustainoc.github.io/Docs2/05_TRU/06_Waste-and-Procurement/2019_TRU_TRU-Waste-Audit-Report-2019-Q3.pdf,https://www.tru.ca/__shared/assets/waste-audit-2019q353513.pdf,05_TRU/06_Waste-and-Procurement/2019_TRU_TRU-Waste-Audit-Report-2019-Q3.pdf,2026-08-14,SKIPPED,"Waste Audit series, 2019.",Part of the Waste Audit time series. Multi-year trend data for benchmarking.
R0241,peers,Public (peer publication),TRU Waste Audit Report 2019 Q4,TRU,TRU,Waste and Procurement,Audits and assessments,Waste Audit,2019,file,True,False,,,,False,Link seen on index page,https://sustainoc.github.io/Docs2/05_TRU/06_Waste-and-Procurement/2019_TRU_TRU-Waste-Audit-Report-2019-Q4.pdf,https://sustainoc.github.io/Docs2/05_TRU/06_Waste-and-Procurement/2019_TRU_TRU-Waste-Audit-Report-2019-Q4.pdf,https://www.tru.ca/__shared/assets/waste-audit-2019q453514.pdf,05_TRU/06_Waste-and-Procurement/2019_TRU_TRU-Waste-Audit-Report-2019-Q4.pdf,2026-08-14,SKIPPED,"Waste Audit series, 2019.",Part of the Waste Audit time series. Multi-year trend data for benchmarking.
R0236,peers,Public (peer publication),TRU Carbon Neutral Action Report 2018,TRU,TRU,Climate and GHG Reporting,Statutory and climate reporting,CNAR,2018,file,True,False,,,,False,Link seen on index page,https://sustainoc.github.io/Docs2/05_TRU/02_Climate-and-GHG-Reporting/2018_TRU_TRU-Carbon-Neutral-Action-Report-2018.pdf,https://sustainoc.github.io/Docs2/05_TRU/02_Climate-and-GHG-Reporting/2018_TRU_TRU-Carbon-Neutral-Action-Report-2018.pdf,https://www.tru.ca/__shared/assets/carbon-neutral-action-report-201852831.pdf,05_TRU/02_Climate-and-GHG-Reporting/2018_TRU_TRU-Carbon-Neutral-Action-Report-2018.pdf,2026-08-14,SKIPPED,"CNAR series, 2018.",Part of the CNAR time series. Multi-year trend data for benchmarking.
R0336,peers,Public (peer publication),TRU STARS Report v2.1 Platinum,TRU,TRU,STARS,STARS,STARS,2018,link,False,False,,,,True,Verified (list),https://reports.aashe.org/institutions/thompson-rivers-university-bc/report/2018-05-31/,,https://reports.aashe.org/institutions/thompson-rivers-university-bc/report/2018-05-31/,,2026-08-18,LINK-SAVED,Also Platinum. TRU claims to be the first Canadian institution to reach double platinum.,"Confirms top-tier performance at this scale is sustainable over time, not a one-off."
R0244,peers,Public (peer publication),TRU Waste Audit Report 2018,TRU,TRU,Waste and Procurement,Audits and assessments,Waste Audit,2018,file,True,False,,,,False,Link seen on index page,https://sustainoc.github.io/Docs2/05_TRU/06_Waste-and-Procurement/2018_TRU_TRU-Waste-Audit-Report-2018.pdf,https://sustainoc.github.io/Docs2/05_TRU/06_Waste-and-Procurement/2018_TRU_TRU-Waste-Audit-Report-2018.pdf,https://www.tru.ca/__shared/assets/waste-audit-201853516.pdf,05_TRU/06_Waste-and-Procurement/2018_TRU_TRU-Waste-Audit-Report-2018.pdf,2026-08-14,SKIPPED,"Waste Audit series, 2018.",Part of the Waste Audit time series. Multi-year trend data for benchmarking.
R0237,peers,Public (peer publication),TRU Carbon Neutral Action Report 2017,TRU,TRU,Climate and GHG Reporting,Statutory and climate reporting,CNAR,2017,file,True,False,,,,False,Link seen on index page,https://sustainoc.github.io/Docs2/05_TRU/02_Climate-and-GHG-Reporting/2017_TRU_TRU-Carbon-Neutral-Action-Report-2017.pdf,https://sustainoc.github.io/Docs2/05_TRU/02_Climate-and-GHG-Reporting/2017_TRU_TRU-Carbon-Neutral-Action-Report-2017.pdf,https://www.tru.ca/__shared/assets/carbon-neutral-action-report-201752830.pdf,05_TRU/02_Climate-and-GHG-Reporting/2017_TRU_TRU-Carbon-Neutral-Action-Report-2017.pdf,2026-08-14,SKIPPED,"CNAR series, 2017.",Part of the CNAR time series. Multi-year trend data for benchmarking.
R0245,peers,Public (peer publication),TRU Waste Audit Report 2017,TRU,TRU,Waste and Procurement,Audits and assessments,Waste Audit,2017,file,True,False,,,,False,Link seen on index page,https://sustainoc.github.io/Docs2/05_TRU/06_Waste-and-Procurement/2017_TRU_TRU-Waste-Audit-Report-2017.pdf,https://sustainoc.github.io/Docs2/05_TRU/06_Waste-and-Procurement/2017_TRU_TRU-Waste-Audit-Report-2017.pdf,https://www.tru.ca/__shared/assets/TRU_Waste_Audit_Report_201740863.pdf,05_TRU/06_Waste-and-Procurement/2017_TRU_TRU-Waste-Audit-Report-2017.pdf,2026-08-14,SKIPPED,"Waste Audit series, 2017.",Part of the Waste Audit time series. Multi-year trend data for benchmarking.
R0281,peers,Public (peer publication),TRU Workplace Conservation Awareness and Zero Waste Quiz Results Fall 2017,TRU,TRU,Waste and Procurement,Audits and assessments,Waste Audit,2017,file,True,False,,,,False,Link seen on index page,https://sustainoc.github.io/Docs2/05_TRU/06_Waste-and-Procurement/2017_TRU_TRU-Workplace-Conservation-Awareness-and-Zero-Waste-Quiz-Results-Fall-2017.pdf,https://sustainoc.github.io/Docs2/05_TRU/06_Waste-and-Procurement/2017_TRU_TRU-Workplace-Conservation-Awareness-and-Zero-Waste-Quiz-Results-Fall-2017.pdf,https://www.tru.ca/__shared/assets/TRU_Zero_Waste_201733146.pdf,05_TRU/06_Waste-and-Procurement/2017_TRU_TRU-Workplace-Conservation-Awareness-and-Zero-Waste-Quiz-Results-Fall-2017.pdf,2026-08-14,SKIPPED,"Waste Audit series, 2017.",Part of the Waste Audit time series. Multi-year trend data for benchmarking.
R0270,peers,Public (peer publication),Fortis Custom Design Animal Health Building Energy Assessment,TRU,TRU,Energy and Buildings,Audits and assessments,Energy Assessment,2016,file,True,False,,,,False,Link seen on index page,https://sustainoc.github.io/Docs2/05_TRU/05_Energy-and-Buildings/2016_TRU_Fortis-Custom-Design-Animal-Health-Building-Energy-Assessment.pdf,https://sustainoc.github.io/Docs2/05_TRU/05_Energy-and-Buildings/2016_TRU_Fortis-Custom-Design-Animal-Health-Building-Energy-Assessment.pdf,https://www.tru.ca/__shared/assets/Animal_Health_Building_Energy_Assessment40766.pdf,05_TRU/05_Energy-and-Buildings/2016_TRU_Fortis-Custom-Design-Animal-Health-Building-Energy-Assessment.pdf,2026-08-14,SKIPPED,"Energy Assessment series, 2016.",Part of the Energy Assessment time series. Multi-year trend data for benchmarking.
R0272,peers,Public (peer publication),Fortis Custom Design Arts and Education Building Energy Assessment,TRU,TRU,Energy and Buildings,Audits and assessments,Energy Assessment,2016,file,True,False,,,,False,Link seen on index page,https://sustainoc.github.io/Docs2/05_TRU/05_Energy-and-Buildings/2016_TRU_Fortis-Custom-Design-Arts-and-Education-Building-Energy-Assessment.pdf,https://sustainoc.github.io/Docs2/05_TRU/05_Energy-and-Buildings/2016_TRU_Fortis-Custom-Design-Arts-and-Education-Building-Energy-Assessment.pdf,https://www.tru.ca/__shared/assets/Arts___Education_Building_Energy_Assessment40768.pdf,05_TRU/05_Energy-and-Buildings/2016_TRU_Fortis-Custom-Design-Arts-and-Education-Building-Energy-Assessment.pdf,2026-08-14,SKIPPED,"Energy Assessment series, 2016.",Part of the Energy Assessment time series. Multi-year trend data for benchmarking.
R0273,peers,Public (peer publication),Fortis Custom Design Clock Tower Building Energy Assessment,TRU,TRU,Energy and Buildings,Audits and assessments,Energy Assessment,2016,file,True,False,,,,False,Link seen on index page,https://sustainoc.github.io/Docs2/05_TRU/05_Energy-and-Buildings/2016_TRU_Fortis-Custom-Design-Clock-Tower-Building-Energy-Assessment.pdf,https://sustainoc.github.io/Docs2/05_TRU/05_Energy-and-Buildings/2016_TRU_Fortis-Custom-Design-Clock-Tower-Building-Energy-Assessment.pdf,https://www.tru.ca/__shared/assets/Clock_Tower_Building_Energy_Assessment40769.pdf,05_TRU/05_Energy-and-Buildings/2016_TRU_Fortis-Custom-Design-Clock-Tower-Building-Energy-Assessment.pdf,2026-08-14,SKIPPED,"Energy Assessment series, 2016.",Part of the Energy Assessment time series. Multi-year trend data for benchmarking.
R0274,peers,Public (peer publication),Fortis Custom Design Culinary Arts Building Energy Assessment,TRU,TRU,Energy and Buildings,Audits and assessments,Energy Assessment,2016,file,True,False,,,,False,Link seen on index page,https://sustainoc.github.io/Docs2/05_TRU/05_Energy-and-Buildings/2016_TRU_Fortis-Custom-Design-Culinary-Arts-Building-Energy-Assessment.pdf,https://sustainoc.github.io/Docs2/05_TRU/05_Energy-and-Buildings/2016_TRU_Fortis-Custom-Design-Culinary-Arts-Building-Energy-Assessment.pdf,https://www.tru.ca/__shared/assets/Culinary_Arts_Building_Energy_Assessment40770.pdf,05_TRU/05_Energy-and-Buildings/2016_TRU_Fortis-Custom-Design-Culinary-Arts-Building-Energy-Assessment.pdf,2026-08-14,SKIPPED,"Energy Assessment series, 2016.",Part of the Energy Assessment time series. Multi-year trend data for benchmarking.
R0271,peers,Public (peer publication),Fortis Custom Design Gym and CAC Domestic Hot Water Energy Assessment,TRU,TRU,Energy and Buildings,Audits and assessments,Energy Assessment,2016,file,True,False,,,,False,Link seen on index page,https://sustainoc.github.io/Docs2/05_TRU/05_Energy-and-Buildings/2016_TRU_Fortis-Custom-Design-Gym-and-CAC-Domestic-Hot-Water-Energy-Assessment.pdf,https://sustainoc.github.io/Docs2/05_TRU/05_Energy-and-Buildings/2016_TRU_Fortis-Custom-Design-Gym-and-CAC-Domestic-Hot-Water-Energy-Assessment.pdf,https://www.tru.ca/__shared/assets/Gym___CAC_Domestic_Hot_Water_Energy_Assessment40767.pdf,05_TRU/05_Energy-and-Buildings/2016_TRU_Fortis-Custom-Design-Gym-and-CAC-Domestic-Hot-Water-Energy-Assessment.pdf,2026-08-14,SKIPPED,"Energy Assessment series, 2016.",Part of the Energy Assessment time series. Multi-year trend data for benchmarking.
R0275,peers,Public (peer publication),Fortis Custom Design Science Building Energy Assessment,TRU,TRU,Energy and Buildings,Audits and assessments,Energy Assessment,2016,file,True,False,,,,False,Link seen on index page,https://sustainoc.github.io/Docs2/05_TRU/05_Energy-and-Buildings/2016_TRU_Fortis-Custom-Design-Science-Building-Energy-Assessment.pdf,https://sustainoc.github.io/Docs2/05_TRU/05_Energy-and-Buildings/2016_TRU_Fortis-Custom-Design-Science-Building-Energy-Assessment.pdf,https://www.tru.ca/__shared/assets/Science_Building_Energy_Assessment40771.pdf,05_TRU/05_Energy-and-Buildings/2016_TRU_Fortis-Custom-Design-Science-Building-Energy-Assessment.pdf,2026-08-14,SKIPPED,"Energy Assessment series, 2016.",Part of the Energy Assessment time series. Multi-year trend data for benchmarking.
R0238,peers,Public (peer publication),TRU Carbon Neutral Action Report 2016,TRU,TRU,Climate and GHG Reporting,Statutory and climate reporting,CNAR,2016,file,True,False,,,,False,Link seen on index page,https://sustainoc.github.io/Docs2/05_TRU/02_Climate-and-GHG-Reporting/2016_TRU_TRU-Carbon-Neutral-Action-Report-2016.pdf,https://sustainoc.github.io/Docs2/05_TRU/02_Climate-and-GHG-Reporting/2016_TRU_TRU-Carbon-Neutral-Action-Report-2016.pdf,https://www.tru.ca/__shared/assets/TRU_Carbon_Neutral_Action_Report_201640649.pdf,05_TRU/02_Climate-and-GHG-Reporting/2016_TRU_TRU-Carbon-Neutral-Action-Report-2016.pdf,2026-08-14,SKIPPED,"CNAR series, 2016.",Part of the CNAR time series. Multi-year trend data for benchmarking.
R0246,peers,Public (peer publication),TRU Waste Audit Report 2016,TRU,TRU,Waste and Procurement,Audits and assessments,Waste Audit,2016,file,True,False,,,,False,Link seen on index page,https://sustainoc.github.io/Docs2/05_TRU/06_Waste-and-Procurement/2016_TRU_TRU-Waste-Audit-Report-2016.pdf,https://sustainoc.github.io/Docs2/05_TRU/06_Waste-and-Procurement/2016_TRU_TRU-Waste-Audit-Report-2016.pdf,https://www.tru.ca/__shared/assets/TRU_Waste_Audit_Report_201640378.pdf,05_TRU/06_Waste-and-Procurement/2016_TRU_TRU-Waste-Audit-Report-2016.pdf,2026-08-14,SKIPPED,"Waste Audit series, 2016.",Part of the Waste Audit time series. Multi-year trend data for benchmarking.
R0239,peers,Public (peer publication),TRU Carbon Neutral Action Report 2015,TRU,TRU,Climate and GHG Reporting,Statutory and climate reporting,CNAR,2015,file,True,False,,,,False,Link seen on index page,https://sustainoc.github.io/Docs2/05_TRU/02_Climate-and-GHG-Reporting/2015_TRU_TRU-Carbon-Neutral-Action-Report-2015.pdf,https://sustainoc.github.io/Docs2/05_TRU/02_Climate-and-GHG-Reporting/2015_TRU_TRU-Carbon-Neutral-Action-Report-2015.pdf,https://www.tru.ca/__shared/assets/carbon-neutral-action-report-201539469.pdf,05_TRU/02_Climate-and-GHG-Reporting/2015_TRU_TRU-Carbon-Neutral-Action-Report-2015.pdf,2026-08-14,SKIPPED,"CNAR series, 2015.",Part of the CNAR time series. Multi-year trend data for benchmarking.
R0247,peers,Public (peer publication),TRU Waste Audit Report 2015,TRU,TRU,Waste and Procurement,Audits and assessments,Waste Audit,2015,file,True,False,,,,False,Link seen on index page,https://sustainoc.github.io/Docs2/05_TRU/06_Waste-and-Procurement/2015_TRU_TRU-Waste-Audit-Report-2015.pdf,https://sustainoc.github.io/Docs2/05_TRU/06_Waste-and-Procurement/2015_TRU_TRU-Waste-Audit-Report-2015.pdf,https://www.tru.ca/__shared/assets/TRU_Waste_Audit_Report_201540379.pdf,05_TRU/06_Waste-and-Procurement/2015_TRU_TRU-Waste-Audit-Report-2015.pdf,2026-08-14,SKIPPED,"Waste Audit series, 2015.",Part of the Waste Audit time series. Multi-year trend data for benchmarking.
R0337,peers,Public (peer publication),TRU STARS Reports v2.0 2015 Gold and v1.1 2011 Silver,TRU,TRU,STARS,STARS,STARS,"2011, 2015",link,False,True,Planning and Administration,Policy / Planning,,False,Verified (list),https://reports.aashe.org/institutions/thompson-rivers-university-bc/report/2015-03-03/,,https://reports.aashe.org/institutions/thompson-rivers-university-bc/report/2015-03-03/,,2026-08-18,LINK-SAVED,"Silver to Gold to Platinum to Platinum, 2011-2022.",A realistic multi-cycle rating-improvement pathway OC can cite when setting T3.
R0108,peers,Public (peer publication),FleetCarma Electric Vehicle Suitability Assessment,TRU,TRU,Transportation,"Studies, surveys and data",Study,Undated,file,True,True,Operations,Transportation; Carbon Zero,,False,Seen in search,https://sustainoc.github.io/Docs2/05_TRU/04_Transportation/nd_TRU_FleetCarma-Electric-Vehicle-Suitability-Assessment.pdf,https://sustainoc.github.io/Docs2/05_TRU/04_Transportation/nd_TRU_FleetCarma-Electric-Vehicle-Suitability-Assessment.pdf,https://www.tru.ca/__shared/assets/FleetCarma_Electric_Vehicle_Suitability_Assessment41011.pdf,05_TRU/04_Transportation/nd_TRU_FleetCarma-Electric-Vehicle-Suitability-Assessment.pdf,2026-08-14,SKIPPED,Fleet electrification feasibility analysis.,Same assessment methodology applies to OC's 36-vehicle fleet and the open OP13 boundary question.
R0293,peers,Public (peer publication),ProPass employee transit pass program,UBC Okanagan,UBC Okanagan,Transportation,Curriculum and programs,Program,Ongoing,link,False,True,Operations,Transportation,,False,Fetched,https://campusplanning.ok.ubc.ca/transportation/travel-options/transit/propass/,,https://campusplanning.ok.ubc.ca/transportation/travel-options/transit/propass/,,2026-08-18,LINK-SAVED,"Employer-subsidized transit pass: 35% UBCO subsidy + 15% Kelowna Regional Transit discount = 50% off ($40/mo vs $80/mo), via BC Transit's Umo app.","A ready-made staff TDM incentive OC could negotiate directly with BC Transit. Note OC's employee parking is a taxable benefit, so check tax treatment."
R0295,peers,Public (peer publication),UBC Okanagan Indigenous Engagement TRC Commitments,UBC Okanagan,UBC Okanagan,Indigenous and Engagement,Curriculum and programs,Program,Ongoing,link,False,True,Academics; Engagement,Curriculum; Training,Indigenous relationality,False,Fetched,https://ok.ubc.ca/about/indigenous-engagement/,,https://ok.ubc.ca/about/indigenous-engagement/,,2026-08-18,LINK-SAVED,"Five formal 2019 TRC-response commitments including the Bachelor of Nsyilxcn Fluency, a first in Canada.","Concrete, fundable actions OC could scope with the Okanagan Nation Alliance. Serves OC's Layer 0 and open question #9."
R0294,peers,Public (peer publication),UBCO U Pass BC FAQ program terms,UBC Okanagan,UBC Okanagan,Transportation,Curriculum and programs,Program,Ongoing,link,False,True,Operations,Transportation,,False,Fetched,https://trek.sites.olt.ubc.ca/okanagan-campus/ubco-upass-faq/,,https://trek.sites.olt.ubc.ca/okanagan-campus/ubco-upass-faq/,,2026-08-18,LINK-SAVED,"$50/semester nominal, $45 after 10% subsidy; mandatory with defined exemptions; unlimited Kelowna Transit + HandyDART; $3,000/yr Transportation Hardship Fund.",Exemption criteria and hardship-fund language directly reusable for OC's open U-Pass question (#5).
R0047,peers,Public (peer publication),2025 UBCO Bike Infrastructure Audit Report,UBC Okanagan,UBC Okanagan,Transportation,Audits and assessments,Audit,2025,file,True,False,Operations,Transportation; Infrastructure (Energy/Water),,False,Fetched,https://sustainoc.github.io/Docs/02_UBC-Okanagan/04_Transportation/2025_UBCO_2025-UBCO-Bike-Infrastructure-Audit-Report.pdf,https://sustainoc.github.io/Docs/02_UBC-Okanagan/04_Transportation/2025_UBCO_2025-UBCO-Bike-Infrastructure-Audit-Report.pdf,https://campusplanning.ok.ubc.ca/wp-content/uploads/sites/202/2026/02/Final-2025-Bike-Infrastructure-Audit-Report.pdf,02_UBC-Okanagan/04_Transportation/2025_UBCO_2025-UBCO-Bike-Infrastructure-Audit-Report.pdf,2026-08-14,SKIPPED,Current-state audit of cycling infrastructure gaps and quality.,"Method for OC's four-campus end-of-trip and active-transport audit, which is still outstanding."
R0040,peers,Public (peer publication),UBC Okanagan Campus Plan 2025 Update Final,UBC Okanagan,UBC Okanagan,Campus Master Plans,Plans and strategies,Master plan,2025,file,True,False,Operations; Planning and Administration,Infrastructure (Energy/Water); Policy / Planning,,False,Fetched,https://sustainoc.github.io/Docs/02_UBC-Okanagan/10_Campus-Master-Plans/2025_UBCO_UBC-Okanagan-Campus-Plan-2025-Update-Final.pdf,https://sustainoc.github.io/Docs/02_UBC-Okanagan/10_Campus-Master-Plans/2025_UBCO_UBC-Okanagan-Campus-Plan-2025-Update-Final.pdf,https://campusplanning.ok.ubc.ca/wp-content/uploads/sites/202/2025/07/20250520-UBCO-Campus-Plan-Update-Final.pdf,02_UBC-Okanagan/10_Campus-Master-Plans/2025_UBCO_UBC-Okanagan-Campus-Plan-2025-Update-Final.pdf,2026-08-14,SKIPPED,Current campus land-use and growth master plan.,How to tie campus growth planning to sustainability commitments. Comparator for OC's Capital Master Plan.
R0174,peers,Public (peer publication),UBC Okanagan Climate Change Accountability Report 2025,UBC Okanagan,UBC Okanagan,Climate and GHG Reporting,Statutory and climate reporting,CCAR,2025,file,True,False,,,,False,Link seen on index page,https://sustainoc.github.io/Docs/02_UBC-Okanagan/02_Climate-and-GHG-Reporting/2025_UBCO_UBC-Okanagan-Climate-Change-Accountability-Report-2025.pdf,https://sustainoc.github.io/Docs/02_UBC-Okanagan/02_Climate-and-GHG-Reporting/2025_UBCO_UBC-Okanagan-Climate-Change-Accountability-Report-2025.pdf,https://sustain.ok.ubc.ca/wp-content/uploads/sites/207/2026/06/CCAR-Okanagan-2025_FINAL.pdf,02_UBC-Okanagan/02_Climate-and-GHG-Reporting/2025_UBCO_UBC-Okanagan-Climate-Change-Accountability-Report-2025.pdf,2026-08-14,SKIPPED,"CCAR series, 2025.",Part of the CCAR time series. Multi-year trend data for benchmarking.
R0053,peers,Public (peer publication),UBCO Integrated Energy Strategy Update,UBC Okanagan,UBC Okanagan,Energy and Buildings,Plans and strategies,Plan,2025,file,True,False,Operations,Infrastructure (Energy/Water); Carbon Zero,,False,Fetched,https://sustainoc.github.io/Docs/02_UBC-Okanagan/05_Energy-and-Buildings/2025_UBCO_UBCO-Integrated-Energy-Strategy-Update.pdf,https://sustainoc.github.io/Docs/02_UBC-Okanagan/05_Energy-and-Buildings/2025_UBCO_UBCO-Integrated-Energy-Strategy-Update.pdf,https://operations.ok.ubc.ca/wp-content/uploads/sites/200/2025/12/UBCO-Integrated-Energy-Strategy-Update-October-2025.pdf,02_UBC-Okanagan/05_Energy-and-Buildings/2025_UBCO_UBCO-Integrated-Energy-Strategy-Update.pdf,2026-08-14,SKIPPED,Most current energy roadmap.,Latest regional benchmark for a multi-year energy transition roadmap.
R0052,peers,Public (peer publication),UBCO Strategic Energy Management Plan Update,UBC Okanagan,UBC Okanagan,Energy and Buildings,Plans and strategies,Plan,2025,file,True,True,Operations,Infrastructure (Energy/Water),,False,Fetched,https://sustainoc.github.io/Docs/02_UBC-Okanagan/05_Energy-and-Buildings/2025_UBCO_UBCO-Strategic-Energy-Management-Plan-Update.pdf,https://sustainoc.github.io/Docs/02_UBC-Okanagan/05_Energy-and-Buildings/2025_UBCO_UBCO-Strategic-Energy-Management-Plan-Update.pdf,https://operations.ok.ubc.ca/wp-content/uploads/sites/200/2025/11/SEMP-update-Aug-2025-Final.pdf,02_UBC-Okanagan/05_Energy-and-Buildings/2025_UBCO_UBCO-Strategic-Energy-Management-Plan-Update.pdf,2026-08-14,SKIPPED,Current energy strategy with heat-pump and cluster-plant conversion plan.,"Cluster-plant retrofit strategy, directly relevant to OC's aging HVAC stock and pre-1990 quarter of floor area."
R0204,peers,Public (peer publication),UBCO Transportation Status Report 2025,UBC Okanagan,UBC Okanagan,Transportation,"Studies, surveys and data",Transportation Status Report,2025,file,True,False,,,,False,Link seen on index page,https://sustainoc.github.io/Docs/02_UBC-Okanagan/04_Transportation/2025_UBCO_UBCO-Transportation-Status-Report-2025.pdf,https://sustainoc.github.io/Docs/02_UBC-Okanagan/04_Transportation/2025_UBCO_UBCO-Transportation-Status-Report-2025.pdf,https://campusplanning.ok.ubc.ca/wp-content/uploads/sites/202/2026/07/UBCO2025-TransportationStatusReport-FINAL.pdf,02_UBC-Okanagan/04_Transportation/2025_UBCO_UBCO-Transportation-Status-Report-2025.pdf,2026-08-14,SKIPPED,"Transportation Status Report series, 2025.",Part of the Transportation Status Report time series. Multi-year trend data for benchmarking.
R0192,peers,Public (peer publication),CAP 2030 Implementation Updates Vancouver and Okanagan Board of Governors June 2024,UBC Okanagan,UBC Okanagan,Plans and Strategies,Reports and progress updates,CAP Progress Report,2024,file,True,False,,,,False,Link seen on index page,https://sustainoc.github.io/Docs/02_UBC-Okanagan/01_Plans-and-Strategies/2024_UBCO_CAP-2030-Implementation-Updates-Vancouver-and-Okanagan-Board-of-Governors-June-2024.pdf,https://sustainoc.github.io/Docs/02_UBC-Okanagan/01_Plans-and-Strategies/2024_UBCO_CAP-2030-Implementation-Updates-Vancouver-and-Okanagan-Board-of-Governors-June-2024.pdf,https://bog3.sites.olt.ubc.ca/files/2024/06/1.6_2024_06_Climate-Action-Plan-2030-Implementation-Updates-Vancouver-and-Okanagan.pdf,02_UBC-Okanagan/01_Plans-and-Strategies/2024_UBCO_CAP-2030-Implementation-Updates-Vancouver-and-Okanagan-Board-of-Governors-June-2024.pdf,2026-08-14,SKIPPED,"CAP Progress Report series, 2024.",Part of the CAP Progress Report time series. Multi-year trend data for benchmarking.
R0033,peers,Public (peer publication),Intercampus Air Travel SEEDS Study,UBC Okanagan,UBC Okanagan,Curriculum and Research,"Studies, surveys and data",Study,~2024,file,True,False,Operations,Carbon Zero; Transportation,,False,Fetched,https://sustainoc.github.io/Docs/02_UBC-Okanagan/07_Curriculum-and-Research/2024_UBCO_Intercampus-Air-Travel-SEEDS-Study.pdf,https://sustainoc.github.io/Docs/02_UBC-Okanagan/07_Curriculum-and-Research/2024_UBCO_Intercampus-Air-Travel-SEEDS-Study.pdf,https://sustain.ok.ubc.ca/wp-content/uploads/sites/207/2025/01/Reducing-Greenhouse-Gas-Emissions.pdf,02_UBC-Okanagan/07_Curriculum-and-Research/2024_UBCO_Intercampus-Air-Travel-SEEDS-Study.pdf,2026-08-14,SKIPPED,Student study of UBC Vancouver-Okanagan intercampus flight emissions and reduction options.,"Directly transferable to OC's inter-campus travel between Kelowna, Penticton, Vernon and Salmon Arm. Relevant to the open OP15 air-travel question."
R0032,peers,Public (peer publication),Okanagan Food GHG Baseline Project,UBC Okanagan,UBC Okanagan,Waste and Procurement,"Studies, surveys and data",Study,~2024,file,True,False,Operations,Supply Chain; Carbon Zero,,False,Fetched,https://sustainoc.github.io/Docs/02_UBC-Okanagan/06_Waste-and-Procurement/2024_UBCO_Okanagan-Food-GHG-Baseline-Project.pdf,https://sustainoc.github.io/Docs/02_UBC-Okanagan/06_Waste-and-Procurement/2024_UBCO_Okanagan-Food-GHG-Baseline-Project.pdf,https://sustain.ok.ubc.ca/wp-content/uploads/sites/207/2025/01/Okanagan-Food-GHG-Baseline-Project.pdf,02_UBC-Okanagan/06_Waste-and-Procurement/2024_UBCO_Okanagan-Food-GHG-Baseline-Project.pdf,2026-08-14,SKIPPED,Baseline inventory of food-service emissions specific to Okanagan Valley supply chains.,Regional food-emissions factors instead of generic national averages.
R0034,peers,Public (peer publication),Post Pandemic Climate Engagement Report,UBC Okanagan,UBC Okanagan,Plans and Strategies,Reports and progress updates,Report,~2024,file,True,False,Engagement,Communications; Training,,False,Fetched,https://sustainoc.github.io/Docs/02_UBC-Okanagan/01_Plans-and-Strategies/2024_UBCO_Post-Pandemic-Climate-Engagement-Report.pdf,https://sustainoc.github.io/Docs/02_UBC-Okanagan/01_Plans-and-Strategies/2024_UBCO_Post-Pandemic-Climate-Engagement-Report.pdf,https://sustain.ok.ubc.ca/wp-content/uploads/sites/207/2025/01/Community-Engagement-Strategies-for-Climate-Change.pdf,02_UBC-Okanagan/01_Plans-and-Strategies/2024_UBCO_Post-Pandemic-Climate-Engagement-Report.pdf,2026-08-14,SKIPPED,Analysis of engagement strategies for sustaining climate momentum post-COVID.,Engagement tactics for OC's Engagement focus area.
R0175,peers,Public (peer publication),UBC Okanagan Climate Change Accountability Report 2024,UBC Okanagan,UBC Okanagan,Climate and GHG Reporting,Statutory and climate reporting,CCAR,2024,file,True,False,,,,False,Link seen on index page,https://sustainoc.github.io/Docs/02_UBC-Okanagan/02_Climate-and-GHG-Reporting/2024_UBCO_UBC-Okanagan-Climate-Change-Accountability-Report-2024.pdf,https://sustainoc.github.io/Docs/02_UBC-Okanagan/02_Climate-and-GHG-Reporting/2024_UBCO_UBC-Okanagan-Climate-Change-Accountability-Report-2024.pdf,https://sustain.ok.ubc.ca/wp-content/uploads/sites/207/2025/08/CCAR-Okanagan-2024-Final-web.pdf,02_UBC-Okanagan/02_Climate-and-GHG-Reporting/2024_UBCO_UBC-Okanagan-Climate-Change-Accountability-Report-2024.pdf,2026-08-14,SKIPPED,"CCAR series, 2024.",Part of the CCAR time series. Multi-year trend data for benchmarking.
R0185,peers,Public (peer publication),UBC Okanagan GHG Inventory and Consumption Detail Report 2024,UBC Okanagan,UBC Okanagan,Climate and GHG Reporting,Statutory and climate reporting,GHG Inventory,2024,file,True,False,,,,False,Link seen on index page,https://sustainoc.github.io/Docs/02_UBC-Okanagan/02_Climate-and-GHG-Reporting/2024_UBCO_UBC-Okanagan-GHG-Inventory-and-Consumption-Detail-Report-2024.pdf,https://sustainoc.github.io/Docs/02_UBC-Okanagan/02_Climate-and-GHG-Reporting/2024_UBCO_UBC-Okanagan-GHG-Inventory-and-Consumption-Detail-Report-2024.pdf,https://sustain.ok.ubc.ca/wp-content/uploads/sites/207/2026/03/2024-Inventory-and-Consumption-Detail-Report.pdf,02_UBC-Okanagan/02_Climate-and-GHG-Reporting/2024_UBCO_UBC-Okanagan-GHG-Inventory-and-Consumption-Detail-Report-2024.pdf,2026-08-14,SKIPPED,"GHG Inventory series, 2024.",Part of the GHG Inventory time series. Multi-year trend data for benchmarking.
R0051,peers,Public (peer publication),UBCO Energy Operations Annual Report FY2023 24,UBC Okanagan,UBC Okanagan,Energy and Buildings,Reports and progress updates,Report,2024,file,True,False,Operations,Infrastructure (Energy/Water),,False,Fetched,https://sustainoc.github.io/Docs/02_UBC-Okanagan/05_Energy-and-Buildings/2024_UBCO_UBCO-Energy-Operations-Annual-Report-FY2023-24.pdf,https://sustainoc.github.io/Docs/02_UBC-Okanagan/05_Energy-and-Buildings/2024_UBCO_UBCO-Energy-Operations-Annual-Report-FY2023-24.pdf,https://operations.ok.ubc.ca/wp-content/uploads/sites/200/2024/09/FY2023-2024-Report-FINAL.pdf,02_UBC-Okanagan/05_Energy-and-Buildings/2024_UBCO_UBCO-Energy-Operations-Annual-Report-FY2023-24.pdf,2026-08-14,SKIPPED,Annual energy performance with usage and savings figures.,Structure for an OC annual energy performance report by campus.
R0037,peers,Public (peer publication),Joint UBC Climate Change Accountability Report,UBC Okanagan,UBC Okanagan,Climate and GHG Reporting,Statutory and climate reporting,Statutory report,2023 (pub 2024),file,True,False,Operations; Planning and Administration,Carbon Zero; Policy / Planning,,False,Fetched,https://sustainoc.github.io/Docs/02_UBC-Okanagan/02_Climate-and-GHG-Reporting/2023_UBCO_Joint-UBC-Climate-Change-Accountability-Report.pdf,https://sustainoc.github.io/Docs/02_UBC-Okanagan/02_Climate-and-GHG-Reporting/2023_UBCO_Joint-UBC-Climate-Change-Accountability-Report.pdf,https://sustain.ok.ubc.ca/wp-content/uploads/sites/207/2025/01/Joint-UBC-Climate-Change-Accountability-Report.pdf,02_UBC-Okanagan/02_Climate-and-GHG-Reporting/2023_UBCO_Joint-UBC-Climate-Change-Accountability-Report.pdf,2026-08-14,SKIPPED,UBC's mandatory BC provincial climate accountability filing covering both campuses.,Shows how a multi-campus institution files one joint CCAR. Relevant to OC's four-campus reporting decision.
R0038,peers,Public (peer publication),UBC FY2023 TCFD Report,UBC Okanagan,UBC Okanagan,Climate and GHG Reporting,Reports and progress updates,Report,2023,file,True,False,Planning and Administration,Investment,,True,Fetched,https://sustainoc.github.io/Docs/02_UBC-Okanagan/02_Climate-and-GHG-Reporting/2023_UBCO_UBC-FY2023-TCFD-Report.pdf,https://sustainoc.github.io/Docs/02_UBC-Okanagan/02_Climate-and-GHG-Reporting/2023_UBCO_UBC-FY2023-TCFD-Report.pdf,https://sustain.ok.ubc.ca/wp-content/uploads/sites/207/2025/01/2023-Task-Force-on-Climate-Related-Financial-Disclosures-Report-v2.pdf,02_UBC-Okanagan/02_Climate-and-GHG-Reporting/2023_UBCO_UBC-FY2023-TCFD-Report.pdf,2026-08-14,SKIPPED,Physical and transition risk quantification following TCFD.,Closest Canadian public-sector model for OC's Financial & Risk Realities component.
R0176,peers,Public (peer publication),UBC Okanagan Climate Change Accountability Report 2023,UBC Okanagan,UBC Okanagan,Climate and GHG Reporting,Statutory and climate reporting,CCAR,2023,file,True,False,,,,False,Link seen on index page,https://sustainoc.github.io/Docs/02_UBC-Okanagan/02_Climate-and-GHG-Reporting/2023_UBCO_UBC-Okanagan-Climate-Change-Accountability-Report-2023.pdf,https://sustainoc.github.io/Docs/02_UBC-Okanagan/02_Climate-and-GHG-Reporting/2023_UBCO_UBC-Okanagan-Climate-Change-Accountability-Report-2023.pdf,https://sustain.ok.ubc.ca/wp-content/uploads/sites/207/2025/01/2023-Climate-Change-Accountability-Report.pdf,02_UBC-Okanagan/02_Climate-and-GHG-Reporting/2023_UBCO_UBC-Okanagan-Climate-Change-Accountability-Report-2023.pdf,2026-08-14,SKIPPED,"CCAR series, 2023.",Part of the CCAR time series. Multi-year trend data for benchmarking.
R0186,peers,Public (peer publication),UBC Okanagan Greenhouse Gas Emissions Tracking 2023,UBC Okanagan,UBC Okanagan,Climate and GHG Reporting,Statutory and climate reporting,GHG Inventory,2023,file,True,False,,,,False,Link seen on index page,https://sustainoc.github.io/Docs/02_UBC-Okanagan/02_Climate-and-GHG-Reporting/2023_UBCO_UBC-Okanagan-Greenhouse-Gas-Emissions-Tracking-2023.pdf,https://sustainoc.github.io/Docs/02_UBC-Okanagan/02_Climate-and-GHG-Reporting/2023_UBCO_UBC-Okanagan-Greenhouse-Gas-Emissions-Tracking-2023.pdf,https://sustain.ok.ubc.ca/wp-content/uploads/sites/207/2025/01/2023-Green-house-gases-emission-tracking.pdf,02_UBC-Okanagan/02_Climate-and-GHG-Reporting/2023_UBCO_UBC-Okanagan-Greenhouse-Gas-Emissions-Tracking-2023.pdf,2026-08-14,SKIPPED,"GHG Inventory series, 2023.",Part of the GHG Inventory time series. Multi-year trend data for benchmarking.
R0035,peers,Public (peer publication),UBCO CAP 2030 Implementation Progress Report,UBC Okanagan,UBC Okanagan,Plans and Strategies,Reports and progress updates,Report,~2023-24,file,True,False,Engagement; Operations,Performance Measurement; Carbon Zero,,False,Seen in search,https://sustainoc.github.io/Docs/02_UBC-Okanagan/01_Plans-and-Strategies/2023_UBCO_UBCO-CAP-2030-Implementation-Progress-Report.pdf,https://sustainoc.github.io/Docs/02_UBC-Okanagan/01_Plans-and-Strategies/2023_UBCO_UBCO-CAP-2030-Implementation-Progress-Report.pdf,https://sustain.ok.ubc.ca/wp-content/uploads/sites/207/2025/01/UBCO-CAP-2030-Implementation-Progress-Report.pdf,02_UBC-Okanagan/01_Plans-and-Strategies/2023_UBCO_UBCO-CAP-2030-Implementation-Progress-Report.pdf,2026-08-14,SKIPPED,Tracks year-over-year progress against CAP2030 milestones.,KPI reporting cadence for a 6-year roadmap.
R0031,peers,Public (peer publication),UBCO Climate Adaptation Resilience Biodiversity CARB Strategy,UBC Okanagan,UBC Okanagan,Climate Risk and Resilience,Plans and strategies,Strategy,~2023-24,file,True,True,Operations,Infrastructure (Energy/Water),Climate Resilience,False,Fetched,https://sustainoc.github.io/Docs/02_UBC-Okanagan/11_Climate-Risk-and-Resilience/2023_UBCO_UBCO-Climate-Adaptation-Resilience-Biodiversity-CARB-Strategy.pdf,https://sustainoc.github.io/Docs/02_UBC-Okanagan/11_Climate-Risk-and-Resilience/2023_UBCO_UBCO-Climate-Adaptation-Resilience-Biodiversity-CARB-Strategy.pdf,https://sustain.ok.ubc.ca/wp-content/uploads/sites/207/2025/05/UBCO-CARB-Strategy-compressed.pdf,02_UBC-Okanagan/11_Climate-Risk-and-Resilience/2023_UBCO_UBCO-Climate-Adaptation-Resilience-Biodiversity-CARB-Strategy.pdf,2026-08-14,SKIPPED,"Dedicated adaptation strategy layered over the mitigation-focused CAP, covering biodiversity and physical climate risk in the Okanagan.","The single best regional model for OC's Climate Resilience cross-cutting lens. Same climate zone, same hazards."
R0042,peers,Public (peer publication),UBCO Transportation Status Report 2023,UBC Okanagan,UBC Okanagan,Transportation,"Studies, surveys and data",Survey,2023,file,True,True,Operations; Engagement,Transportation; Performance Measurement,,False,Fetched,https://sustainoc.github.io/Docs/02_UBC-Okanagan/04_Transportation/2023_UBCO_UBCO-Transportation-Status-Report-2023.pdf,https://sustainoc.github.io/Docs/02_UBC-Okanagan/04_Transportation/2023_UBCO_UBCO-Transportation-Status-Report-2023.pdf,https://campusplanning.ok.ubc.ca/wp-content/uploads/sites/202/2026/01/UBCO2023-TransportationStatusReport-FINAL.pdf,02_UBC-Okanagan/04_Transportation/2023_UBCO_UBCO-Transportation-Status-Report-2023.pdf,2026-08-14,SKIPPED,Latest completed biennial commuter mode-share survey.,Direct mode-share benchmark on the same transit system as OC's 33% baseline.
R0297,peers,Public (peer publication),Climate Resilient Kelowna Tracker,UBC Okanagan,UBC Okanagan,Climate Risk and Resilience,Dashboards and tools,Dashboard,Ongoing (data to 2022),link,False,False,Engagement; Operations,Performance Measurement; Carbon Zero,,False,Fetched,https://climateresilience.kelowna.ca/,,https://climateresilience.kelowna.ca/,,2026-08-18,LINK-SAVED,"Live public dashboard tracking Kelowna community GHG (730,000 tCO2e in 2007 to 800,000 in 2022) against a 2030 target of 440,900 tCO2e.","UI model for OC's public tracker, and the community inventory boundary OC Kelowna sits inside."
R0057,peers,Public (peer publication),TRC Commitments Annual Report 2022,UBC Okanagan,UBC Okanagan,Indigenous and Engagement,Reports and progress updates,Report,2022,file,True,False,,,Indigenous relationality,False,Fetched,https://sustainoc.github.io/Docs/02_UBC-Okanagan/09_Indigenous-and-Engagement/2022_UBCO_TRC-Commitments-Annual-Report-2022.pdf,https://sustainoc.github.io/Docs/02_UBC-Okanagan/09_Indigenous-and-Engagement/2022_UBCO_TRC-Commitments-Annual-Report-2022.pdf,https://okmain.cms.ok.ubc.ca/wp-content/uploads/sites/26/2023/06/TRC-2022-Annual-Report.pdf,02_UBC-Okanagan/09_Indigenous-and-Engagement/2022_UBCO_TRC-Commitments-Annual-Report-2022.pdf,2026-08-14,SKIPPED,Third annual progress report.,Most recent public update in the series.
R0193,peers,Public (peer publication),UBC Climate Emergency Executive Summary 2021 22,UBC Okanagan,UBC Okanagan,Plans and Strategies,Plans and strategies,Climate Emergency,2022,file,True,False,,,,False,Link seen on index page,https://sustainoc.github.io/Docs/02_UBC-Okanagan/01_Plans-and-Strategies/2022_UBCO_UBC-Climate-Emergency-Executive-Summary-2021-22.pdf,https://sustainoc.github.io/Docs/02_UBC-Okanagan/01_Plans-and-Strategies/2022_UBCO_UBC-Climate-Emergency-Executive-Summary-2021-22.pdf,https://sustain.ok.ubc.ca/wp-content/uploads/sites/207/2025/01/Climate-Emergency-Executive-Summary.pdf,02_UBC-Okanagan/01_Plans-and-Strategies/2022_UBCO_UBC-Climate-Emergency-Executive-Summary-2021-22.pdf,2026-08-14,SKIPPED,"Climate Emergency series, 2022.",Part of the Climate Emergency time series. Multi-year trend data for benchmarking.
R0194,peers,Public (peer publication),UBC Climate Emergency Report on Progress 2021 22,UBC Okanagan,UBC Okanagan,Plans and Strategies,Plans and strategies,Climate Emergency,2022,file,True,False,,,,False,Link seen on index page,https://sustainoc.github.io/Docs/02_UBC-Okanagan/01_Plans-and-Strategies/2022_UBCO_UBC-Climate-Emergency-Report-on-Progress-2021-22.pdf,https://sustainoc.github.io/Docs/02_UBC-Okanagan/01_Plans-and-Strategies/2022_UBCO_UBC-Climate-Emergency-Report-on-Progress-2021-22.pdf,https://sustain.ok.ubc.ca/wp-content/uploads/sites/207/2025/01/2021-22-Climate-Emergency-Report-on-Progress-v2.pdf,02_UBC-Okanagan/01_Plans-and-Strategies/2022_UBCO_UBC-Climate-Emergency-Report-on-Progress-2021-22.pdf,2026-08-14,SKIPPED,"Climate Emergency series, 2022.",Part of the Climate Emergency time series. Multi-year trend data for benchmarking.
R0039,peers,Public (peer publication),UBC FY2022 TCFD Report,UBC Okanagan,UBC Okanagan,Climate and GHG Reporting,Reports and progress updates,Report,2022,file,True,False,Planning and Administration,Investment,,False,Seen in search,https://sustainoc.github.io/Docs/02_UBC-Okanagan/02_Climate-and-GHG-Reporting/2022_UBCO_UBC-FY2022-TCFD-Report.pdf,https://sustainoc.github.io/Docs/02_UBC-Okanagan/02_Climate-and-GHG-Reporting/2022_UBCO_UBC-FY2022-TCFD-Report.pdf,https://sustain.ubc.ca/sites/default/files/files/1122_MASTER_TCFD%20FINAL-%2011%2022%202022.pdf,02_UBC-Okanagan/02_Climate-and-GHG-Reporting/2022_UBCO_UBC-FY2022-TCFD-Report.pdf,2026-08-14,SKIPPED,Prior-year version showing how risk metrics evolved.,Baseline comparator on disclosure maturity.
R0177,peers,Public (peer publication),UBC Okanagan Climate Change Accountability Report 2022,UBC Okanagan,UBC Okanagan,Climate and GHG Reporting,Statutory and climate reporting,CCAR,2022,file,True,False,,,,False,Link seen on index page,https://sustainoc.github.io/Docs/02_UBC-Okanagan/02_Climate-and-GHG-Reporting/2022_UBCO_UBC-Okanagan-Climate-Change-Accountability-Report-2022.pdf,https://sustainoc.github.io/Docs/02_UBC-Okanagan/02_Climate-and-GHG-Reporting/2022_UBCO_UBC-Okanagan-Climate-Change-Accountability-Report-2022.pdf,https://sustain.ok.ubc.ca/wp-content/uploads/sites/207/2025/08/CCAR-Okanagan-2022-web.pdf,02_UBC-Okanagan/02_Climate-and-GHG-Reporting/2022_UBCO_UBC-Okanagan-Climate-Change-Accountability-Report-2022.pdf,2026-08-14,SKIPPED,"CCAR series, 2022.",Part of the CCAR time series. Multi-year trend data for benchmarking.
R0187,peers,Public (peer publication),UBC Okanagan Greenhouse Gas Emissions Tracking 2022,UBC Okanagan,UBC Okanagan,Climate and GHG Reporting,Statutory and climate reporting,GHG Inventory,2022,file,True,False,,,,False,Link seen on index page,https://sustainoc.github.io/Docs/02_UBC-Okanagan/02_Climate-and-GHG-Reporting/2022_UBCO_UBC-Okanagan-Greenhouse-Gas-Emissions-Tracking-2022.pdf,https://sustainoc.github.io/Docs/02_UBC-Okanagan/02_Climate-and-GHG-Reporting/2022_UBCO_UBC-Okanagan-Greenhouse-Gas-Emissions-Tracking-2022.pdf,https://sustain.ok.ubc.ca/wp-content/uploads/sites/207/2025/01/2022-Green-house-gases-emission-tracking.pdf,02_UBC-Okanagan/02_Climate-and-GHG-Reporting/2022_UBCO_UBC-Okanagan-Greenhouse-Gas-Emissions-Tracking-2022.pdf,2026-08-14,SKIPPED,"GHG Inventory series, 2022.",Part of the GHG Inventory time series. Multi-year trend data for benchmarking.
R0195,peers,Public (peer publication),UBC Task Force on Climate Related Financial Disclosures Report 2022,UBC Okanagan,UBC Okanagan,Climate and GHG Reporting,Statutory and climate reporting,TCFD Disclosure,2022,file,True,False,,,,False,Link seen on index page,https://sustainoc.github.io/Docs/02_UBC-Okanagan/02_Climate-and-GHG-Reporting/2022_UBCO_UBC-Task-Force-on-Climate-Related-Financial-Disclosures-Report-2022.pdf,https://sustainoc.github.io/Docs/02_UBC-Okanagan/02_Climate-and-GHG-Reporting/2022_UBCO_UBC-Task-Force-on-Climate-Related-Financial-Disclosures-Report-2022.pdf,https://sustain.ok.ubc.ca/wp-content/uploads/sites/207/2025/01/2022-Task-Force-on-Climate-Report.pdf,02_UBC-Okanagan/02_Climate-and-GHG-Reporting/2022_UBCO_UBC-Task-Force-on-Climate-Related-Financial-Disclosures-Report-2022.pdf,2026-08-14,SKIPPED,"TCFD Disclosure series, 2022.",Part of the TCFD Disclosure time series. Multi-year trend data for benchmarking.
R0036,peers,Public (peer publication),UBCO CAP Implementation Progress Report Oct 2022,UBC Okanagan,UBC Okanagan,Plans and Strategies,Reports and progress updates,Report,2022,file,False,False,Engagement,Performance Measurement,,False,Seen in search,https://sustain.ok.ubc.ca/wp-content/uploads/sites/70/2022/12/UBCO-CAP-Implementation-Progress-Report-2022-Oct-Final.pdf,https://sustainoc.github.io/Docs/02_UBC-Okanagan/01_Plans-and-Strategies/2022_UBCO_UBCO-CAP-Implementation-Progress-Report-Oct-2022.pdf,https://sustain.ok.ubc.ca/wp-content/uploads/sites/70/2022/12/UBCO-CAP-Implementation-Progress-Report-2022-Oct-Final.pdf,02_UBC-Okanagan/01_Plans-and-Strategies/2022_UBCO_UBCO-CAP-Implementation-Progress-Report-Oct-2022.pdf,2026-08-18,FAILED,Earlier progress snapshot showing reporting frequency.,Historical comparator on measurement cadence.
R0050,peers,Public (peer publication),UBCO Integrated Pest Management Plan 2022,UBC Okanagan,UBC Okanagan,Energy and Buildings,Plans and strategies,Plan,2022,file,True,False,Operations,Infrastructure (Energy/Water),,False,Fetched,https://sustainoc.github.io/Docs/02_UBC-Okanagan/05_Energy-and-Buildings/2022_UBCO_UBCO-Integrated-Pest-Management-Plan-2022.pdf,https://sustainoc.github.io/Docs/02_UBC-Okanagan/05_Energy-and-Buildings/2022_UBCO_UBCO-Integrated-Pest-Management-Plan-2022.pdf,https://operations.ok.ubc.ca/wp-content/uploads/sites/200/2024/10/UBCO-IPM-Plan-2022.pdf,02_UBC-Okanagan/05_Energy-and-Buildings/2022_UBCO_UBCO-Integrated-Pest-Management-Plan-2022.pdf,2026-08-14,SKIPPED,Grounds and landscape pest management policy.,"Adjacent grounds-sustainability practice, maps to STARS grounds credits."
R0056,peers,Public (peer publication),TRC Commitments Annual Report 2021,UBC Okanagan,UBC Okanagan,Indigenous and Engagement,Reports and progress updates,Report,2021,file,True,False,,,Indigenous relationality,False,Fetched,https://sustainoc.github.io/Docs/02_UBC-Okanagan/09_Indigenous-and-Engagement/2021_UBCO_TRC-Commitments-Annual-Report-2021.pdf,https://sustainoc.github.io/Docs/02_UBC-Okanagan/09_Indigenous-and-Engagement/2021_UBCO_TRC-Commitments-Annual-Report-2021.pdf,https://okmain.cms.ok.ubc.ca/wp-content/uploads/sites/26/2022/02/TRC-2021-Annual-Report.pdf,02_UBC-Okanagan/09_Indigenous-and-Engagement/2021_UBCO_TRC-Commitments-Annual-Report-2021.pdf,2026-08-14,SKIPPED,Second annual progress report.,Year-over-year comparator.
R0178,peers,Public (peer publication),UBC Okanagan Climate Change Accountability Report 2021,UBC Okanagan,UBC Okanagan,Climate and GHG Reporting,Statutory and climate reporting,CCAR,2021,file,True,False,,,,False,Link seen on index page,https://sustainoc.github.io/Docs/02_UBC-Okanagan/02_Climate-and-GHG-Reporting/2021_UBCO_UBC-Okanagan-Climate-Change-Accountability-Report-2021.pdf,https://sustainoc.github.io/Docs/02_UBC-Okanagan/02_Climate-and-GHG-Reporting/2021_UBCO_UBC-Okanagan-Climate-Change-Accountability-Report-2021.pdf,https://sustain.ok.ubc.ca/wp-content/uploads/sites/207/2025/01/2021-Climate-Change-Accountability-Report.pdf,02_UBC-Okanagan/02_Climate-and-GHG-Reporting/2021_UBCO_UBC-Okanagan-Climate-Change-Accountability-Report-2021.pdf,2026-08-14,SKIPPED,"CCAR series, 2021.",Part of the CCAR time series. Multi-year trend data for benchmarking.
R0188,peers,Public (peer publication),UBC Okanagan Greenhouse Gas Emissions Tracking 2021,UBC Okanagan,UBC Okanagan,Climate and GHG Reporting,Statutory and climate reporting,GHG Inventory,2021,file,True,False,,,,False,Link seen on index page,https://sustainoc.github.io/Docs/02_UBC-Okanagan/02_Climate-and-GHG-Reporting/2021_UBCO_UBC-Okanagan-Greenhouse-Gas-Emissions-Tracking-2021.pdf,https://sustainoc.github.io/Docs/02_UBC-Okanagan/02_Climate-and-GHG-Reporting/2021_UBCO_UBC-Okanagan-Greenhouse-Gas-Emissions-Tracking-2021.pdf,https://sustain.ok.ubc.ca/wp-content/uploads/sites/207/2025/01/2021-Green-house-gases-emission-tracking.pdf,02_UBC-Okanagan/02_Climate-and-GHG-Reporting/2021_UBCO_UBC-Okanagan-Greenhouse-Gas-Emissions-Tracking-2021.pdf,2026-08-14,SKIPPED,"GHG Inventory series, 2021.",Part of the GHG Inventory time series. Multi-year trend data for benchmarking.
R0041,peers,Public (peer publication),UBC Okanagan Transportation Plan,UBC Okanagan,UBC Okanagan,Transportation,Plans and strategies,Plan,2021 (to 2040),file,True,True,Operations,Transportation,,False,Fetched,https://sustainoc.github.io/Docs/02_UBC-Okanagan/04_Transportation/2021_UBCO_UBC-Okanagan-Transportation-Plan.pdf,https://sustainoc.github.io/Docs/02_UBC-Okanagan/04_Transportation/2021_UBCO_UBC-Okanagan-Transportation-Plan.pdf,https://campusplanning.ok.ubc.ca/wp-content/uploads/sites/202/2024/06/UBCO-TPlan-Final-2022-01-11.pdf,02_UBC-Okanagan/04_Transportation/2021_UBCO_UBC-Okanagan-Transportation-Plan.pdf,2026-08-14,SKIPPED,"Trip reduction, mode shift and reduced parking growth goals, with TDM programs (ProPass, carpool matching, e-bike share).",The closest regional TDM plan template. Same BC Transit system as OC Kelowna.
R0054,peers,Public (peer publication),UBCO Building Energy Target Archetype Study,UBC Okanagan,UBC Okanagan,Energy and Buildings,"Studies, surveys and data",Study,2021-22,file,True,True,Operations,Infrastructure (Energy/Water),,False,Fetched,https://sustainoc.github.io/Docs/02_UBC-Okanagan/05_Energy-and-Buildings/2021_UBCO_UBCO-Building-Energy-Target-Archetype-Study.pdf,https://sustainoc.github.io/Docs/02_UBC-Okanagan/05_Energy-and-Buildings/2021_UBCO_UBCO-Building-Energy-Target-Archetype-Study.pdf,https://operations.ok.ubc.ca/wp-content/uploads/sites/200/2024/06/R-09639_010-2021-12-22-RPT-UBCO-Archetype-Study_Final_ISSUED.pdf,02_UBC-Okanagan/05_Energy-and-Buildings/2021_UBCO_UBCO-Building-Energy-Target-Archetype-Study.pdf,2026-08-14,SKIPPED,Sets building-archetype-based energy targets.,Method for setting per-building-type energy targets. Pairs with OC's VFA building list.
R0030,peers,Public (peer publication),UBCO CAP 2030 Public Engagement Summary Report,UBC Okanagan,UBC Okanagan,Plans and Strategies,Reports and progress updates,Report,2021,file,True,False,Engagement,Communications; Training,,False,Fetched,https://sustainoc.github.io/Docs/02_UBC-Okanagan/01_Plans-and-Strategies/2021_UBCO_UBCO-CAP-2030-Public-Engagement-Summary-Report.pdf,https://sustainoc.github.io/Docs/02_UBC-Okanagan/01_Plans-and-Strategies/2021_UBCO_UBCO-CAP-2030-Public-Engagement-Summary-Report.pdf,https://sustain.ok.ubc.ca/wp-content/uploads/sites/207/2025/05/UBCO-CAP-2030-Summary-Report.pdf,02_UBC-Okanagan/01_Plans-and-Strategies/2021_UBCO_UBCO-CAP-2030-Public-Engagement-Summary-Report.pdf,2026-08-14,SKIPPED,Documents the consultation process and themes used to build the CAP.,Engagement methodology for OC's own consultation phase.
R0029,peers,Public (peer publication),UBCO Climate Action Plan 2030 Final,UBC Okanagan,UBC Okanagan,Plans and Strategies,Plans and strategies,Plan,2021,file,True,True,Operations; Planning and Administration,Carbon Zero; Infrastructure (Energy/Water); Policy / Planning,,False,Fetched,https://sustainoc.github.io/Docs/02_UBC-Okanagan/01_Plans-and-Strategies/2021_UBCO_UBCO-Climate-Action-Plan-2030-Final.pdf,https://sustainoc.github.io/Docs/02_UBC-Okanagan/01_Plans-and-Strategies/2021_UBCO_UBCO-Climate-Action-Plan-2030-Final.pdf,https://sustain.ok.ubc.ca/wp-content/uploads/sites/207/2025/05/2021-UBCO-CAP-2030-Final-web-1.pdf,02_UBC-Okanagan/01_Plans-and-Strategies/2021_UBCO_UBCO-Climate-Action-Plan-2030-Final.pdf,2026-08-14,SKIPPED,"Campus-specific CAP with GHG targets, building/fleet electrification pathway and commuting mode-shift goals, distinct from UBC Vancouver's.",Template for a campus-specific plan nested under an institution-wide one. Directly analogous to OC's four-campus problem.
R0043,peers,Public (peer publication),UBCO Transportation Status Report 2021,UBC Okanagan,UBC Okanagan,Transportation,"Studies, surveys and data",Survey,2021,file,True,False,Operations,Transportation,,False,Fetched,https://sustainoc.github.io/Docs/02_UBC-Okanagan/04_Transportation/2021_UBCO_UBCO-Transportation-Status-Report-2021.pdf,https://sustainoc.github.io/Docs/02_UBC-Okanagan/04_Transportation/2021_UBCO_UBCO-Transportation-Status-Report-2021.pdf,https://campusplanning.ok.ubc.ca/wp-content/uploads/sites/202/2026/01/UBCO2021-TransportationStatusReport-FINAL.pdf,02_UBC-Okanagan/04_Transportation/2021_UBCO_UBCO-Transportation-Status-Report-2021.pdf,2026-08-14,SKIPPED,Pandemic-era commute data.,Trend comparator.
R0196,peers,Public (peer publication),UN Sustainable Development Goals A Snapshot of UBC Activities 2020 21,UBC Okanagan,UBC Okanagan,Plans and Strategies,Reports and progress updates,UN SDG Snapshot,2021,file,True,False,,,,False,Link seen on index page,https://sustainoc.github.io/Docs/02_UBC-Okanagan/01_Plans-and-Strategies/2021_UBCO_UN-Sustainable-Development-Goals-A-Snapshot-of-UBC-Activities-2020-21.pdf,https://sustainoc.github.io/Docs/02_UBC-Okanagan/01_Plans-and-Strategies/2021_UBCO_UN-Sustainable-Development-Goals-A-Snapshot-of-UBC-Activities-2020-21.pdf,https://sustain.ubc.ca/sites/default/files/files/SDGReport_2020-21.pdf,02_UBC-Okanagan/01_Plans-and-Strategies/2021_UBCO_UN-Sustainable-Development-Goals-A-Snapshot-of-UBC-Activities-2020-21.pdf,2026-08-14,SKIPPED,"UN SDG Snapshot series, 2021.",Part of the UN SDG Snapshot time series. Multi-year trend data for benchmarking.
R0055,peers,Public (peer publication),TRC Commitments Annual Report 2020,UBC Okanagan,UBC Okanagan,Indigenous and Engagement,Reports and progress updates,Report,2020,file,True,False,,,Indigenous relationality,False,Fetched,https://sustainoc.github.io/Docs/02_UBC-Okanagan/09_Indigenous-and-Engagement/2020_UBCO_TRC-Commitments-Annual-Report-2020.pdf,https://sustainoc.github.io/Docs/02_UBC-Okanagan/09_Indigenous-and-Engagement/2020_UBCO_TRC-Commitments-Annual-Report-2020.pdf,https://okmain.cms.ok.ubc.ca/wp-content/uploads/sites/26/2021/01/TRC-2020-Annual-Report-spreads.pdf,02_UBC-Okanagan/09_Indigenous-and-Engagement/2020_UBCO_TRC-Commitments-Annual-Report-2020.pdf,2026-08-14,SKIPPED,First annual progress report against the five TRC commitments.,Reporting template for tracking Indigenous-relationality commitments annually.
R0179,peers,Public (peer publication),UBC Okanagan Climate Change Accountability Report 2020,UBC Okanagan,UBC Okanagan,Climate and GHG Reporting,Statutory and climate reporting,CCAR,2020,file,True,False,,,,False,Link seen on index page,https://sustainoc.github.io/Docs/02_UBC-Okanagan/02_Climate-and-GHG-Reporting/2020_UBCO_UBC-Okanagan-Climate-Change-Accountability-Report-2020.pdf,https://sustainoc.github.io/Docs/02_UBC-Okanagan/02_Climate-and-GHG-Reporting/2020_UBCO_UBC-Okanagan-Climate-Change-Accountability-Report-2020.pdf,https://sustain.ok.ubc.ca/wp-content/uploads/sites/207/2025/01/2020-Climate-Change-Accountability-Report.pdf,02_UBC-Okanagan/02_Climate-and-GHG-Reporting/2020_UBCO_UBC-Okanagan-Climate-Change-Accountability-Report-2020.pdf,2026-08-14,SKIPPED,"CCAR series, 2020.",Part of the CCAR time series. Multi-year trend data for benchmarking.
R0189,peers,Public (peer publication),UBC Okanagan Greenhouse Gas Emissions Tracking 2020,UBC Okanagan,UBC Okanagan,Climate and GHG Reporting,Statutory and climate reporting,GHG Inventory,2020,file,True,False,,,,False,Link seen on index page,https://sustainoc.github.io/Docs/02_UBC-Okanagan/02_Climate-and-GHG-Reporting/2020_UBCO_UBC-Okanagan-Greenhouse-Gas-Emissions-Tracking-2020.pdf,https://sustainoc.github.io/Docs/02_UBC-Okanagan/02_Climate-and-GHG-Reporting/2020_UBCO_UBC-Okanagan-Greenhouse-Gas-Emissions-Tracking-2020.pdf,https://sustain.ok.ubc.ca/wp-content/uploads/sites/207/2025/01/2020-Green-house-gases-emission-tracking.pdf,02_UBC-Okanagan/02_Climate-and-GHG-Reporting/2020_UBCO_UBC-Okanagan-Greenhouse-Gas-Emissions-Tracking-2020.pdf,2026-08-14,SKIPPED,"GHG Inventory series, 2020.",Part of the GHG Inventory time series. Multi-year trend data for benchmarking.
R0197,peers,Public (peer publication),UBC UN SDG Report 2019 20,UBC Okanagan,UBC Okanagan,Plans and Strategies,Reports and progress updates,UN SDG Snapshot,2020,file,True,False,,,,False,Link seen on index page,https://sustainoc.github.io/Docs/02_UBC-Okanagan/01_Plans-and-Strategies/2020_UBCO_UBC-UN-SDG-Report-2019-20.pdf,https://sustainoc.github.io/Docs/02_UBC-Okanagan/01_Plans-and-Strategies/2020_UBCO_UBC-UN-SDG-Report-2019-20.pdf,https://sustain.ubc.ca/sites/default/files/UBC_SDG_Report_2019-20.pdf,02_UBC-Okanagan/01_Plans-and-Strategies/2020_UBCO_UBC-UN-SDG-Report-2019-20.pdf,2026-08-14,SKIPPED,"UN SDG Snapshot series, 2020.",Part of the UN SDG Snapshot time series. Multi-year trend data for benchmarking.
R0180,peers,Public (peer publication),UBC Okanagan Carbon Neutral Action Report 2019,UBC Okanagan,UBC Okanagan,Climate and GHG Reporting,Statutory and climate reporting,CNAR,2019,file,True,False,,,,False,Link seen on index page,https://sustainoc.github.io/Docs/02_UBC-Okanagan/02_Climate-and-GHG-Reporting/2019_UBCO_UBC-Okanagan-Carbon-Neutral-Action-Report-2019.pdf,https://sustainoc.github.io/Docs/02_UBC-Okanagan/02_Climate-and-GHG-Reporting/2019_UBCO_UBC-Okanagan-Carbon-Neutral-Action-Report-2019.pdf,https://sustain.ok.ubc.ca/wp-content/uploads/sites/207/2025/01/2019-Carbon-Neutral-Action-Report.pdf,02_UBC-Okanagan/02_Climate-and-GHG-Reporting/2019_UBCO_UBC-Okanagan-Carbon-Neutral-Action-Report-2019.pdf,2026-08-14,SKIPPED,"CNAR series, 2019.",Part of the CNAR time series. Multi-year trend data for benchmarking.
R0190,peers,Public (peer publication),UBC Okanagan Greenhouse Gas Emissions Tracking 2019,UBC Okanagan,UBC Okanagan,Climate and GHG Reporting,Statutory and climate reporting,GHG Inventory,2019,file,True,False,,,,False,Link seen on index page,https://sustainoc.github.io/Docs/02_UBC-Okanagan/02_Climate-and-GHG-Reporting/2019_UBCO_UBC-Okanagan-Greenhouse-Gas-Emissions-Tracking-2019.pdf,https://sustainoc.github.io/Docs/02_UBC-Okanagan/02_Climate-and-GHG-Reporting/2019_UBCO_UBC-Okanagan-Greenhouse-Gas-Emissions-Tracking-2019.pdf,https://sustain.ok.ubc.ca/wp-content/uploads/sites/207/2025/01/2019-Green-house-gases-emission-tracking.pdf,02_UBC-Okanagan/02_Climate-and-GHG-Reporting/2019_UBCO_UBC-Okanagan-Greenhouse-Gas-Emissions-Tracking-2019.pdf,2026-08-14,SKIPPED,"GHG Inventory series, 2019.",Part of the GHG Inventory time series. Multi-year trend data for benchmarking.
R0044,peers,Public (peer publication),UBCO Transportation Status Report 2019,UBC Okanagan,UBC Okanagan,Transportation,"Studies, surveys and data",Survey,2019,file,True,False,Operations,Transportation,,False,Fetched,https://sustainoc.github.io/Docs/02_UBC-Okanagan/04_Transportation/2019_UBCO_UBCO-Transportation-Status-Report-2019.pdf,https://sustainoc.github.io/Docs/02_UBC-Okanagan/04_Transportation/2019_UBCO_UBCO-Transportation-Status-Report-2019.pdf,https://campusplanning.ok.ubc.ca/wp-content/uploads/sites/202/2026/01/UBCO-2019TransportationStatusReport-FINAL.pdf,02_UBC-Okanagan/04_Transportation/2019_UBCO_UBCO-Transportation-Status-Report-2019.pdf,2026-08-14,SKIPPED,Pre-pandemic baseline mode share.,Long-run trend baseline.
R0181,peers,Public (peer publication),UBC Okanagan Carbon Neutral Action Report 2018,UBC Okanagan,UBC Okanagan,Climate and GHG Reporting,Statutory and climate reporting,CNAR,2018,file,True,False,,,,False,Link seen on index page,https://sustainoc.github.io/Docs/02_UBC-Okanagan/02_Climate-and-GHG-Reporting/2018_UBCO_UBC-Okanagan-Carbon-Neutral-Action-Report-2018.pdf,https://sustainoc.github.io/Docs/02_UBC-Okanagan/02_Climate-and-GHG-Reporting/2018_UBCO_UBC-Okanagan-Carbon-Neutral-Action-Report-2018.pdf,https://sustain.ok.ubc.ca/wp-content/uploads/sites/207/2025/01/2018-Carbon-Neutral-Action-Report.pdf,02_UBC-Okanagan/02_Climate-and-GHG-Reporting/2018_UBCO_UBC-Okanagan-Carbon-Neutral-Action-Report-2018.pdf,2026-08-14,SKIPPED,"CNAR series, 2018.",Part of the CNAR time series. Multi-year trend data for benchmarking.
R0191,peers,Public (peer publication),UBC Okanagan Greenhouse Gas Emissions Tracking 2018,UBC Okanagan,UBC Okanagan,Climate and GHG Reporting,Statutory and climate reporting,GHG Inventory,2018,file,True,False,,,,False,Link seen on index page,https://sustainoc.github.io/Docs/02_UBC-Okanagan/02_Climate-and-GHG-Reporting/2018_UBCO_UBC-Okanagan-Greenhouse-Gas-Emissions-Tracking-2018.pdf,https://sustainoc.github.io/Docs/02_UBC-Okanagan/02_Climate-and-GHG-Reporting/2018_UBCO_UBC-Okanagan-Greenhouse-Gas-Emissions-Tracking-2018.pdf,https://sustain.ok.ubc.ca/wp-content/uploads/sites/207/2025/01/2018-Green-house-gases-emission-tracking.pdf,02_UBC-Okanagan/02_Climate-and-GHG-Reporting/2018_UBCO_UBC-Okanagan-Greenhouse-Gas-Emissions-Tracking-2018.pdf,2026-08-14,SKIPPED,"GHG Inventory series, 2018.",Part of the GHG Inventory time series. Multi-year trend data for benchmarking.
R0048,peers,Public (peer publication),UBCO Innovation Precinct Structure Plan,UBC Okanagan,UBC Okanagan,Campus Master Plans,Plans and strategies,Plan,2018,file,True,False,Operations; Planning and Administration,Infrastructure (Energy/Water); Policy / Planning,Indigenous relationality,False,Fetched,https://sustainoc.github.io/Docs/02_UBC-Okanagan/10_Campus-Master-Plans/2018_UBCO_UBCO-Innovation-Precinct-Structure-Plan.pdf,https://sustainoc.github.io/Docs/02_UBC-Okanagan/10_Campus-Master-Plans/2018_UBCO_UBCO-Innovation-Precinct-Structure-Plan.pdf,https://campusplanning.ok.ubc.ca/wp-content/uploads/sites/202/2024/07/UBCO-IPSP-Final.pdf,02_UBC-Okanagan/10_Campus-Master-Plans/2018_UBCO_UBCO-Innovation-Precinct-Structure-Plan.pdf,2026-08-14,SKIPPED,"New-development plan: 100% on-site stormwater retention for a 1-in-100-year storm, district energy extension, Syilx cultural integration, habitat protection.","A concrete, quotable design standard (100% retention, 1-in-100-year event) OC could adopt for new builds."
R0182,peers,Public (peer publication),UBC Okanagan Carbon Neutral Action Report 2017,UBC Okanagan,UBC Okanagan,Climate and GHG Reporting,Statutory and climate reporting,CNAR,2017,file,True,False,,,,False,Link seen on index page,https://sustainoc.github.io/Docs/02_UBC-Okanagan/02_Climate-and-GHG-Reporting/2017_UBCO_UBC-Okanagan-Carbon-Neutral-Action-Report-2017.pdf,https://sustainoc.github.io/Docs/02_UBC-Okanagan/02_Climate-and-GHG-Reporting/2017_UBCO_UBC-Okanagan-Carbon-Neutral-Action-Report-2017.pdf,https://sustain.ok.ubc.ca/wp-content/uploads/sites/207/2025/01/2017-Carbon-Neutral-Action-Report.pdf,02_UBC-Okanagan/02_Climate-and-GHG-Reporting/2017_UBCO_UBC-Okanagan-Carbon-Neutral-Action-Report-2017.pdf,2026-08-14,SKIPPED,"CNAR series, 2017.",Part of the CNAR time series. Multi-year trend data for benchmarking.
R0045,peers,Public (peer publication),UBCO Transportation Status Report 2017,UBC Okanagan,UBC Okanagan,Transportation,"Studies, surveys and data",Survey,2017,file,True,False,Operations,Transportation,,False,Fetched,https://sustainoc.github.io/Docs/02_UBC-Okanagan/04_Transportation/2017_UBCO_UBCO-Transportation-Status-Report-2017.pdf,https://sustainoc.github.io/Docs/02_UBC-Okanagan/04_Transportation/2017_UBCO_UBCO-Transportation-Status-Report-2017.pdf,https://campusplanning.ok.ubc.ca/wp-content/uploads/sites/202/2026/01/UBCO-2017TransportationStatusReportV2-FINAL.pdf,02_UBC-Okanagan/04_Transportation/2017_UBCO_UBCO-Transportation-Status-Report-2017.pdf,2026-08-14,SKIPPED,Historical mode-share survey.,Long-run trend baseline.
R0183,peers,Public (peer publication),UBC Okanagan Carbon Neutral Action Report 2016,UBC Okanagan,UBC Okanagan,Climate and GHG Reporting,Statutory and climate reporting,CNAR,2016,file,True,False,,,,False,Link seen on index page,https://sustainoc.github.io/Docs/02_UBC-Okanagan/02_Climate-and-GHG-Reporting/2016_UBCO_UBC-Okanagan-Carbon-Neutral-Action-Report-2016.pdf,https://sustainoc.github.io/Docs/02_UBC-Okanagan/02_Climate-and-GHG-Reporting/2016_UBCO_UBC-Okanagan-Carbon-Neutral-Action-Report-2016.pdf,https://sustain.ok.ubc.ca/wp-content/uploads/sites/207/2025/01/2016-Carbon-Neutral-Action-Report.pdf,02_UBC-Okanagan/02_Climate-and-GHG-Reporting/2016_UBCO_UBC-Okanagan-Carbon-Neutral-Action-Report-2016.pdf,2026-08-14,SKIPPED,"CNAR series, 2016.",Part of the CNAR time series. Multi-year trend data for benchmarking.
R0296,peers,Public (peer publication),Okanagan Charter Final Development Report,UBC Okanagan,UBC Okanagan,Indigenous and Engagement,Plans and strategies,Charter,2015,link,False,False,Planning and Administration; Engagement,Policy / Planning,,False,Seen in search,https://open.library.ubc.ca/soa/cIRcle/collections/53926/items/1.0372504,,https://open.library.ubc.ca/soa/cIRcle/collections/53926/items/1.0372504,,2026-08-18,LINK-SAVED,"Founding document of the Okanagan Charter for Health Promoting Universities and Colleges, created at UBCO in 2015.","Formal adoption would tie OC's plan to a movement born in its own region. Low cost, high symbolic value."
R0184,peers,Public (peer publication),UBC Okanagan Carbon Neutral Action Report 2015,UBC Okanagan,UBC Okanagan,Climate and GHG Reporting,Statutory and climate reporting,CNAR,2015,file,True,False,,,,False,Link seen on index page,https://sustainoc.github.io/Docs/02_UBC-Okanagan/02_Climate-and-GHG-Reporting/2015_UBCO_UBC-Okanagan-Carbon-Neutral-Action-Report-2015.pdf,https://sustainoc.github.io/Docs/02_UBC-Okanagan/02_Climate-and-GHG-Reporting/2015_UBCO_UBC-Okanagan-Carbon-Neutral-Action-Report-2015.pdf,https://sustain.ok.ubc.ca/wp-content/uploads/sites/207/2025/01/2015-Carbon-Neutral-Action-Report.pdf,02_UBC-Okanagan/02_Climate-and-GHG-Reporting/2015_UBCO_UBC-Okanagan-Carbon-Neutral-Action-Report-2015.pdf,2026-08-14,SKIPPED,"CNAR series, 2015.",Part of the CNAR time series. Multi-year trend data for benchmarking.
R0198,peers,Public (peer publication),UBCO Integrated Rainwater Management Plan Part 1,UBC Okanagan,UBC Okanagan,Energy and Buildings,Plans and strategies,Integrated Rainwater Management Plan,2015,file,True,False,,,,False,Link seen on index page,https://sustainoc.github.io/Docs/02_UBC-Okanagan/05_Energy-and-Buildings/2015_UBCO_UBCO-Integrated-Rainwater-Management-Plan-Part-1.pdf,https://sustainoc.github.io/Docs/02_UBC-Okanagan/05_Energy-and-Buildings/2015_UBCO_UBCO-Integrated-Rainwater-Management-Plan-Part-1.pdf,https://sustain.ok.ubc.ca/wp-content/uploads/sites/207/2025/01/Integrated-Rainwater-Management-Plan-Part-1.pdf,02_UBC-Okanagan/05_Energy-and-Buildings/2015_UBCO_UBCO-Integrated-Rainwater-Management-Plan-Part-1.pdf,2026-08-14,SKIPPED,"Integrated Rainwater Management Plan series, 2015.",Part of the Integrated Rainwater Management Plan time series. Multi-year trend data for benchmarking.
R0199,peers,Public (peer publication),UBCO Integrated Rainwater Management Plan Part 2,UBC Okanagan,UBC Okanagan,Energy and Buildings,Plans and strategies,Integrated Rainwater Management Plan,2015,file,True,False,,,,False,Link seen on index page,https://sustainoc.github.io/Docs/02_UBC-Okanagan/05_Energy-and-Buildings/2015_UBCO_UBCO-Integrated-Rainwater-Management-Plan-Part-2.pdf,https://sustainoc.github.io/Docs/02_UBC-Okanagan/05_Energy-and-Buildings/2015_UBCO_UBCO-Integrated-Rainwater-Management-Plan-Part-2.pdf,https://sustain.ok.ubc.ca/wp-content/uploads/sites/207/2025/01/Integrated-Rainwater-Management-Plan-Part-2.pdf,02_UBC-Okanagan/05_Energy-and-Buildings/2015_UBCO_UBCO-Integrated-Rainwater-Management-Plan-Part-2.pdf,2026-08-14,SKIPPED,"Integrated Rainwater Management Plan series, 2015.",Part of the Integrated Rainwater Management Plan time series. Multi-year trend data for benchmarking.
R0200,peers,Public (peer publication),UBCO Integrated Rainwater Management Plan Part 3,UBC Okanagan,UBC Okanagan,Energy and Buildings,Plans and strategies,Integrated Rainwater Management Plan,2015,file,True,False,,,,False,Link seen on index page,https://sustainoc.github.io/Docs/02_UBC-Okanagan/05_Energy-and-Buildings/2015_UBCO_UBCO-Integrated-Rainwater-Management-Plan-Part-3.pdf,https://sustainoc.github.io/Docs/02_UBC-Okanagan/05_Energy-and-Buildings/2015_UBCO_UBCO-Integrated-Rainwater-Management-Plan-Part-3.pdf,https://sustain.ok.ubc.ca/wp-content/uploads/sites/207/2025/01/Integrated-Rainwater-Management-Plan-Part-3.pdf,02_UBC-Okanagan/05_Energy-and-Buildings/2015_UBCO_UBCO-Integrated-Rainwater-Management-Plan-Part-3.pdf,2026-08-14,SKIPPED,"Integrated Rainwater Management Plan series, 2015.",Part of the Integrated Rainwater Management Plan time series. Multi-year trend data for benchmarking.
R0201,peers,Public (peer publication),UBCO Integrated Rainwater Management Plan Part 4 Geotechnical and Soils Domain Map,UBC Okanagan,UBC Okanagan,Energy and Buildings,Plans and strategies,Integrated Rainwater Management Plan,2015,file,True,False,,,,False,Link seen on index page,https://sustainoc.github.io/Docs/02_UBC-Okanagan/05_Energy-and-Buildings/2015_UBCO_UBCO-Integrated-Rainwater-Management-Plan-Part-4-Geotechnical-and-Soils-Domain-Map.pdf,https://sustainoc.github.io/Docs/02_UBC-Okanagan/05_Energy-and-Buildings/2015_UBCO_UBCO-Integrated-Rainwater-Management-Plan-Part-4-Geotechnical-and-Soils-Domain-Map.pdf,https://sustain.ok.ubc.ca/wp-content/uploads/sites/207/2025/01/Integrated-Rainwater-Management-Plan-Part-4.pdf,02_UBC-Okanagan/05_Energy-and-Buildings/2015_UBCO_UBCO-Integrated-Rainwater-Management-Plan-Part-4-Geotechnical-and-Soils-Domain-Map.pdf,2026-08-14,SKIPPED,"Integrated Rainwater Management Plan series, 2015.",Part of the Integrated Rainwater Management Plan time series. Multi-year trend data for benchmarking.
R0202,peers,Public (peer publication),UBCO Integrated Rainwater Management Plan Part 5,UBC Okanagan,UBC Okanagan,Energy and Buildings,Plans and strategies,Integrated Rainwater Management Plan,2015,file,True,False,,,,False,Link seen on index page,https://sustainoc.github.io/Docs/02_UBC-Okanagan/05_Energy-and-Buildings/2015_UBCO_UBCO-Integrated-Rainwater-Management-Plan-Part-5.pdf,https://sustainoc.github.io/Docs/02_UBC-Okanagan/05_Energy-and-Buildings/2015_UBCO_UBCO-Integrated-Rainwater-Management-Plan-Part-5.pdf,https://sustain.ok.ubc.ca/wp-content/uploads/sites/207/2025/01/Integrated-Rainwater-Management-Plan-Part-5.pdf,02_UBC-Okanagan/05_Energy-and-Buildings/2015_UBCO_UBCO-Integrated-Rainwater-Management-Plan-Part-5.pdf,2026-08-14,SKIPPED,"Integrated Rainwater Management Plan series, 2015.",Part of the Integrated Rainwater Management Plan time series. Multi-year trend data for benchmarking.
R0046,peers,Public (peer publication),UBCO Transportation Status Report 2015,UBC Okanagan,UBC Okanagan,Transportation,"Studies, surveys and data",Survey,2015,file,True,False,Operations,Transportation,,False,Fetched,https://sustainoc.github.io/Docs/02_UBC-Okanagan/04_Transportation/2015_UBCO_UBCO-Transportation-Status-Report-2015.pdf,https://sustainoc.github.io/Docs/02_UBC-Okanagan/04_Transportation/2015_UBCO_UBCO-Transportation-Status-Report-2015.pdf,https://campusplanning.ok.ubc.ca/wp-content/uploads/sites/202/2026/01/UBCO-2015TransportationStatusReport-FINAL.pdf,02_UBC-Okanagan/04_Transportation/2015_UBCO_UBCO-Transportation-Status-Report-2015.pdf,2026-08-14,SKIPPED,Historical mode-share survey.,Long-run trend baseline.
R0203,peers,Public (peer publication),UBCO Utility Corridor Strategy,UBC Okanagan,UBC Okanagan,Energy and Buildings,Plans and strategies,Utility Corridor Plan,2015,file,True,False,,,,False,Link seen on index page,https://sustainoc.github.io/Docs/02_UBC-Okanagan/05_Energy-and-Buildings/2015_UBCO_UBCO-Utility-Corridor-Strategy.pdf,https://sustainoc.github.io/Docs/02_UBC-Okanagan/05_Energy-and-Buildings/2015_UBCO_UBCO-Utility-Corridor-Strategy.pdf,https://campusplanning.ok.ubc.ca/wp-content/uploads/sites/202/2024/07/UBCO-UtilityCorridor-Mar0950576.pdf,02_UBC-Okanagan/05_Energy-and-Buildings/2015_UBCO_UBCO-Utility-Corridor-Strategy.pdf,2026-08-14,SKIPPED,"Utility Corridor Plan series, 2015.",Part of the Utility Corridor Plan time series. Multi-year trend data for benchmarking.
R0049,peers,Public (peer publication),UBCO Wildland Fire Management Plan,UBC Okanagan,UBC Okanagan,Climate Risk and Resilience,Plans and strategies,Plan,2006 (update pending),file,True,True,Operations,Infrastructure (Energy/Water),Climate Resilience,False,Fetched,https://sustainoc.github.io/Docs/02_UBC-Okanagan/11_Climate-Risk-and-Resilience/2006_UBCO_UBCO-Wildland-Fire-Management-Plan.pdf,https://sustainoc.github.io/Docs/02_UBC-Okanagan/11_Climate-Risk-and-Resilience/2006_UBCO_UBCO-Wildland-Fire-Management-Plan.pdf,https://sustain.ok.ubc.ca/wp-content/uploads/sites/207/2026/05/UBCO-Wildland-Fire-Mngt-Plan-Final-July-28.pdf,02_UBC-Okanagan/11_Climate-Risk-and-Resilience/2006_UBCO_UBCO-Wildland-Fire-Management-Plan.pdf,2026-08-14,SKIPPED,FireSmart and forest-management plan for a wildland-interface campus. UBCO achieved FireSmart certification in 2024.,"Directly transferable wildfire planning template. Same exposure as OC Kelowna, Vernon and Salmon Arm."
R0282,peers,Public (peer publication),CAP2030 Progress Dashboard,UBC Vancouver,UBC Vancouver,Plans and Strategies,Dashboards and tools,Dashboard,Ongoing,link,False,False,Engagement; Operations,Performance Measurement; Carbon Zero,,False,Fetched,https://planning.ubc.ca/CAP2030dashboard,,https://planning.ubc.ca/CAP2030dashboard,,2026-08-18,LINK-SAVED,Interactive scroll dashboard tracking progress by scope area.,Public scorecard UI pattern (status by scope area) for OC's own HTML tracker.
R0289,peers,Public (peer publication),Campus Energy Visualization Map,UBC Vancouver,UBC Vancouver,Energy and Buildings,Dashboards and tools,Dashboard,Ongoing,link,False,False,Operations,Infrastructure (Energy/Water),,False,Seen in search,https://facilities.ubc.ca/infrastructure-and-systems/utilities-metrics-and-data/campus-energy-visualization-map/,,https://facilities.ubc.ca/infrastructure-and-systems/utilities-metrics-and-data/campus-energy-visualization-map/,,2026-08-18,LINK-SAVED,Building-level energy and water visualization.,"Building-level rather than campus-aggregate granularity, relevant to OC's 45-building portfolio."
R0290,peers,Public (peer publication),Green Labs Certification Program,UBC Vancouver,UBC Vancouver,Energy and Buildings,Curriculum and programs,Program,Ongoing,link,False,False,Operations; Academics,Infrastructure (Energy/Water); Applied Research,,False,Seen in search,https://sustain.ubc.ca/programs/green-labs-program/green-lab-certification,,https://sustain.ubc.ca/programs/green-labs-program/green-lab-certification,,2026-08-18,LINK-SAVED,"Lab-level certification covering energy, water, chemicals and waste.",Certification checklist structure for OC science and trades labs.
R0287,peers,Public (peer publication),Internal Carbon Pricing Project,UBC Vancouver,UBC Vancouver,Climate and GHG Reporting,Policy and governance,Policy/Tool,Recent,link,False,True,Planning and Administration; Operations,Investment; Carbon Zero,,False,Landing page only,https://sds.ubc.ca/node/140,,https://sds.ubc.ca/node/140,,2026-08-18,LINK-SAVED,"Recommends and pilots a $250/tCO2e internal shadow price on capital and energy projects, Board-endorsed for piloting.",The $250/tCO2e figure and the phased pilot-then-scale rollout. Direct input to OC's carbon liability calculation.
R0004,peers,Public (peer publication),NCAP 2025 Progress Update Appendix,UBC Vancouver,UBC Vancouver,Plans and Strategies,Reports and progress updates,Report,2026,file,True,False,Engagement,Performance Measurement,,False,Fetched,https://sustainoc.github.io/Docs/01_UBC-Vancouver/01_Plans-and-Strategies/2026_UBCV_NCAP-2025-Progress-Update-Appendix.pdf,https://sustainoc.github.io/Docs/01_UBC-Vancouver/01_Plans-and-Strategies/2026_UBCV_NCAP-2025-Progress-Update-Appendix.pdf,https://planning.ubc.ca/sites/default/files/2026-06/NCAP%20Progress%20Update_June%202026_AppendixFull_0.pdf,01_UBC-Vancouver/01_Plans-and-Strategies/2026_UBCV_NCAP-2025-Progress-Update-Appendix.pdf,2026-08-14,SKIPPED,Latest implementation status update on neighbourhood climate actions.,Progress-reporting cadence and format for a multi-year roadmap.
R0283,peers,Public (peer publication),SEEDS Sustainability Library 2 241 projects,UBC Vancouver,UBC Vancouver,Curriculum and Research,"Studies, surveys and data",Database,Ongoing,link,False,True,Academics,Applied Research; Curriculum,,False,Fetched,https://sustain.ubc.ca/programs/seeds-sustainability-program/seeds-sustainability-library,,https://sustain.ubc.ca/programs/seeds-sustainability-program/seeds-sustainability-library,,2026-08-18,LINK-SAVED,"Searchable database of 2,241 student-authored applied sustainability project reports, 2000-2025, across 15 topic tags.",Campus-as-living-lab course-project pipeline plus a searchable metadata schema. Scalable down to OC's Four-Campus Living Lab initiative.
R0286,peers,Public (peer publication),Supplier Code of Conduct,UBC Vancouver,UBC Vancouver,Waste and Procurement,Policy and governance,Policy,Current,link,False,False,Operations,Supply Chain,,False,Landing page only,https://finance.ubc.ca/doing-business-with-ubc/inclusion-in-procurement/supplier-code-of-conduct/,,https://finance.ubc.ca/doing-business-with-ubc/inclusion-in-procurement/supplier-code-of-conduct/,,2026-08-18,LINK-SAVED,"Labour-standard and environmental requirements (min 30% recycled packaging content), ILO-aligned.",Ready clause set to adapt into an OC procurement policy.
R0284,peers,Public (peer publication),Sustainability Scholars Project Library,UBC Vancouver,UBC Vancouver,Curriculum and Research,"Studies, surveys and data",Database,Ongoing,link,False,False,Academics,Applied Research,,False,Fetched,https://sustain.ubc.ca/programs/sustainability-scholars-program/project-library,,https://sustain.ubc.ca/programs/sustainability-scholars-program/project-library,,2026-08-18,LINK-SAVED,"Graduate-level applied-research project library, hundreds of reports since 2011.",Paid student-scholar placement model that delivers operational tools cheaply.
R0285,peers,Public (peer publication),Sustainable Purchasing Guide,UBC Vancouver,UBC Vancouver,Waste and Procurement,Curriculum and programs,Guide,Current,link,False,False,Operations,Supply Chain,,False,Fetched,https://finance.ubc.ca/procure-pay/sustainable-purchasing-guide,,https://finance.ubc.ca/procure-pay/sustainable-purchasing-guide,,2026-08-18,LINK-SAVED,Lifecycle-based purchasing guidance. UBC was Canada's first Fair Trade Campus (2011).,Necessary/reuse/repair/dispose decision-tree framing.
R0288,peers,Public (peer publication),UBC Sustainability Dashboards overview energy water waste transport,UBC Vancouver,UBC Vancouver,Transportation,Dashboards and tools,Dashboard,Ongoing,link,False,True,Engagement,Performance Measurement; Communications,,False,Fetched,https://sustain.ubc.ca/dashboard/overview,,https://sustain.ubc.ca/dashboard/overview,,2026-08-18,LINK-SAVED,"Public interactive dashboards with green/yellow/red status against annual targets, plus downloadable open data.","Status-colour KPI dashboard pattern, directly portable to OC's HTML trackers."
R0018,peers,Public (peer publication),Climate Change Accountability Report CCAR 2025,UBC Vancouver,UBC Vancouver,Climate and GHG Reporting,Statutory and climate reporting,Statutory report,2025,file,True,False,Operations; Planning and Administration,Carbon Zero; Policy / Planning,,False,Fetched (index),https://sustainoc.github.io/Docs/01_UBC-Vancouver/02_Climate-and-GHG-Reporting/2025_UBCV_Climate-Change-Accountability-Report-CCAR-2025.pdf,https://sustainoc.github.io/Docs/01_UBC-Vancouver/02_Climate-and-GHG-Reporting/2025_UBCV_Climate-Change-Accountability-Report-CCAR-2025.pdf,https://sustain.ubc.ca/sites/default/files/files/2025%20CCAR.pdf,01_UBC-Vancouver/02_Climate-and-GHG-Reporting/2025_UBCV_Climate-Change-Accountability-Report-CCAR-2025.pdf,2026-08-14,SKIPPED,"BC public-sector climate accountability filing, successor to CNAR.",The exact regulatory template OC is also bound by.
R0010,peers,Public (peer publication),Transportation Status Report 2024,UBC Vancouver,UBC Vancouver,Transportation,"Studies, surveys and data",Survey,2025,file,True,True,Operations,Transportation,,False,Fetched,https://sustainoc.github.io/Docs/01_UBC-Vancouver/04_Transportation/2025_UBCV_Transportation-Status-Report-2024.pdf,https://sustainoc.github.io/Docs/01_UBC-Vancouver/04_Transportation/2025_UBCV_Transportation-Status-Report-2024.pdf,https://planning.ubc.ca/sites/default/files/2025-07/UBC2024-TransportationStatusReport.pdf,01_UBC-Vancouver/04_Transportation/2025_UBCV_Transportation-Status-Report-2024.pdf,2026-08-14,SKIPPED,"Annual mode-share monitoring. 2024: transit 52%, SOV 32%, carpool 13%, bike 1.4%, ped 0.7%.",Standardized annual metric set plus screenline/traffic-counter methodology.
R0155,peers,Public (peer publication),UBC Climate Change Accountability Report 2025,UBC Vancouver,UBC Vancouver,Climate and GHG Reporting,Statutory and climate reporting,CCAR,2025,file,True,False,,,,False,Link seen on index page,https://sustainoc.github.io/Docs/01_UBC-Vancouver/02_Climate-and-GHG-Reporting/2025_UBCV_UBC-Climate-Change-Accountability-Report-2025.pdf,https://sustainoc.github.io/Docs/01_UBC-Vancouver/02_Climate-and-GHG-Reporting/2025_UBCV_UBC-Climate-Change-Accountability-Report-2025.pdf,https://www2.gov.bc.ca/assets/gov/environment/climate-change/cnar/2025/ps/ubc_2025_ccar.pdf,01_UBC-Vancouver/02_Climate-and-GHG-Reporting/2025_UBCV_UBC-Climate-Change-Accountability-Report-2025.pdf,2026-08-14,SKIPPED,"CCAR series, 2025.",Part of the CCAR time series. Multi-year trend data for benchmarking.
R0017,peers,Public (peer publication),UBC GHG Inventory 2025,UBC Vancouver,UBC Vancouver,Climate and GHG Reporting,"Studies, surveys and data",Dataset,2025,file,True,False,Operations,Carbon Zero,,False,Fetched,https://sustainoc.github.io/Docs/01_UBC-Vancouver/02_Climate-and-GHG-Reporting/2025_UBCV_UBC-GHG-Inventory-2025.pdf,https://sustainoc.github.io/Docs/01_UBC-Vancouver/02_Climate-and-GHG-Reporting/2025_UBCV_UBC-GHG-Inventory-2025.pdf,https://sustain.ubc.ca/sites/default/files/files/UBCV_GHG_Inventory_2025.pdf,01_UBC-Vancouver/02_Climate-and-GHG-Reporting/2025_UBCV_UBC-GHG-Inventory-2025.pdf,2026-08-14,SKIPPED,"39,778 tCO2e requiring offset (Scope 1 ~27,972; Scope 2 ~6,010; Scope 3 paper 176) plus 7,381 tCO2e off-campus/Properties Trust.",Emissions-boundary segmentation model for OC's four-campus scope definition.
R0019,peers,Public (peer publication),2024 PSO CCAR gov.bc.ca mirror,UBC Vancouver,UBC Vancouver,Climate and GHG Reporting,Statutory and climate reporting,Statutory report,2024,file,True,False,Planning and Administration,Policy / Planning,,False,Fetched (index),https://sustainoc.github.io/Docs/01_UBC-Vancouver/02_Climate-and-GHG-Reporting/2024_UBCV_2024-PSO-CCAR-gov.bc.ca-mirror.pdf,https://sustainoc.github.io/Docs/01_UBC-Vancouver/02_Climate-and-GHG-Reporting/2024_UBCV_2024-PSO-CCAR-gov.bc.ca-mirror.pdf,https://www2.gov.bc.ca/assets/gov/environment/climate-change/cnar/2024/ps/ubc_2024_ccar.pdf,01_UBC-Vancouver/02_Climate-and-GHG-Reporting/2024_UBCV_2024-PSO-CCAR-gov.bc.ca-mirror.pdf,2026-08-14,SKIPPED,Same CCAR on the BC public-sector portal.,Confirms the filing format and location OC must use.
R0027,peers,Public (peer publication),AMS Waste Audit Report,UBC Vancouver,UBC Vancouver,Waste and Procurement,Audits and assessments,Audit,2024,file,True,False,Operations; Engagement,Supply Chain,,False,Seen in search,https://sustainoc.github.io/Docs/01_UBC-Vancouver/06_Waste-and-Procurement/2024_UBCV_AMS-Waste-Audit-Report.pdf,https://sustainoc.github.io/Docs/01_UBC-Vancouver/06_Waste-and-Procurement/2024_UBCV_AMS-Waste-Audit-Report.pdf,https://www.ams.ubc.ca/wp-content/uploads/2024/04/Waste-Audit-Final-Report-2024-1.pdf,01_UBC-Vancouver/06_Waste-and-Procurement/2024_UBCV_AMS-Waste-Audit-Report.pdf,2026-08-14,SKIPPED,Student-society-led waste composition audit.,"Waste-audit method (sort categories, sampling) reusable at OC's smaller campuses. Complements OC's Mar 2026 student trash audit."
R0008,peers,Public (peer publication),Climate Justice in Transportation Planning Final Report,UBC Vancouver,UBC Vancouver,Transportation,Reports and progress updates,Report,2024,file,True,False,Operations; Engagement,Transportation,,False,Fetched,https://sustainoc.github.io/Docs/01_UBC-Vancouver/04_Transportation/2024_UBCV_Climate-Justice-in-Transportation-Planning-Final-Report.pdf,https://sustainoc.github.io/Docs/01_UBC-Vancouver/04_Transportation/2024_UBCV_Climate-Justice-in-Transportation-Planning-Final-Report.pdf,https://planning.ubc.ca/sites/default/files/2024-05/UC3%20Final%20Report_Final%20Draft.pdf,01_UBC-Vancouver/04_Transportation/2024_UBCV_Climate-Justice-in-Transportation-Planning-Final-Report.pdf,2026-08-14,SKIPPED,Equity lens applied to transportation decision-making.,Equity-screening framework for transportation investment. Pairs with OC's CPTED accessibility findings.
R0005,peers,Public (peer publication),Climate Risk Vulnerability Assessment Summary Report,UBC Vancouver,UBC Vancouver,Climate Risk and Resilience,Audits and assessments,Assessment,2024,file,True,True,,,Climate Resilience,False,Fetched,https://sustainoc.github.io/Docs/01_UBC-Vancouver/11_Climate-Risk-and-Resilience/2024_UBCV_Climate-Risk-Vulnerability-Assessment-Summary-Report.pdf,https://sustainoc.github.io/Docs/01_UBC-Vancouver/11_Climate-Risk-and-Resilience/2024_UBCV_Climate-Risk-Vulnerability-Assessment-Summary-Report.pdf,https://planning.ubc.ca/sites/default/files/2024-05/BARC_UBC_VRA_Summary-Report_April17_final.pdf,01_UBC-Vancouver/11_Climate-Risk-and-Resilience/2024_UBCV_Climate-Risk-Vulnerability-Assessment-Summary-Report.pdf,2026-08-14,SKIPPED,Physical climate risk and vulnerability assessment underpinning NCAP adaptation actions (BARC methodology).,Campus climate-hazard/vulnerability matrix methodology. Directly serves OC's blocked target T4.
R0003,peers,Public (peer publication),NCAP Action Matrix,UBC Vancouver,UBC Vancouver,Plans and Strategies,Dashboards and tools,Tool,2024,file,True,False,Planning and Administration,Policy / Planning; Organizational Structure,,False,Fetched,https://sustainoc.github.io/Docs/01_UBC-Vancouver/01_Plans-and-Strategies/2024_UBCV_NCAP-Action-Matrix.pdf,https://sustainoc.github.io/Docs/01_UBC-Vancouver/01_Plans-and-Strategies/2024_UBCV_NCAP-Action-Matrix.pdf,https://planning.ubc.ca/sites/default/files/2024-05/NCAP%20Action%20Matrix_May%202024_1.pdf,01_UBC-Vancouver/01_Plans-and-Strategies/2024_UBCV_NCAP-Action-Matrix.pdf,2026-08-14,SKIPPED,"Tabular list of discrete actions, owners and timelines supporting NCAP.",Action-matrix column template (action / owner / department / timeline) for OC's 27-row action register.
R0002,peers,Public (peer publication),Neighbourhood Climate Action Plan NCAP + appendices,UBC Vancouver,UBC Vancouver,Plans and Strategies,Plans and strategies,Plan,2024,file,True,False,Operations,Infrastructure (Energy/Water),Climate Resilience,False,Fetched,https://sustainoc.github.io/Docs/01_UBC-Vancouver/01_Plans-and-Strategies/2024_UBCV_Neighbourhood-Climate-Action-Plan-NCAP-%2B-appendices.pdf,https://sustainoc.github.io/Docs/01_UBC-Vancouver/01_Plans-and-Strategies/2024_UBCV_Neighbourhood-Climate-Action-Plan-NCAP-%2B-appendices.pdf,https://planning.ubc.ca/sites/default/files/2024-06/Neighbourhood%20Climate%20Action%20Plan_FINALforweb.pdf,01_UBC-Vancouver/01_Plans-and-Strategies/2024_UBCV_Neighbourhood-Climate-Action-Plan-NCAP-+-appendices.pdf,2026-08-14,SKIPPED,Extends net-zero and resilience planning to UBC's residential neighbourhoods. Adaptation companion to CAP2030.,How to separate 'core campus' from leased/partner-land emissions boundaries.
R0009,peers,Public (peer publication),Sub Report Transportation Planning Practices at UBC,UBC Vancouver,UBC Vancouver,Transportation,Reports and progress updates,Report,2024,file,True,False,Operations; Planning and Administration,Transportation; Organizational Structure,,False,Fetched,https://sustainoc.github.io/Docs/01_UBC-Vancouver/04_Transportation/2024_UBCV_Sub-Report-Transportation-Planning-Practices-at-UBC.pdf,https://sustainoc.github.io/Docs/01_UBC-Vancouver/04_Transportation/2024_UBCV_Sub-Report-Transportation-Planning-Practices-at-UBC.pdf,https://planning.ubc.ca/sites/default/files/2024-05/UC3%20Sub-Report%20on%20Transportation%20Planning%20at%20UBC_Final%20Draft.pdf,01_UBC-Vancouver/04_Transportation/2024_UBCV_Sub-Report-Transportation-Planning-Practices-at-UBC.pdf,2026-08-14,SKIPPED,Inventories UBC's existing transportation governance and programs.,Institutional transportation-governance inventory template.
R0136,peers,Public (peer publication),UBC Vancouver Campus GHG Emissions Inventory 2024,UBC Vancouver,UBC Vancouver,Climate and GHG Reporting,Statutory and climate reporting,GHG Inventory,2024,file,True,False,,,,False,Link seen on index page,https://sustainoc.github.io/Docs/01_UBC-Vancouver/02_Climate-and-GHG-Reporting/2024_UBCV_UBC-Vancouver-Campus-GHG-Emissions-Inventory-2024.pdf,https://sustainoc.github.io/Docs/01_UBC-Vancouver/02_Climate-and-GHG-Reporting/2024_UBCV_UBC-Vancouver-Campus-GHG-Emissions-Inventory-2024.pdf,https://sustain.ubc.ca/sites/default/files/UBCV_GHG_Inventory_2024.pdf,01_UBC-Vancouver/02_Climate-and-GHG-Reporting/2024_UBCV_UBC-Vancouver-Campus-GHG-Emissions-Inventory-2024.pdf,2026-08-14,SKIPPED,"GHG Inventory series, 2024.",Part of the GHG Inventory time series. Multi-year trend data for benchmarking.
R0007,peers,Public (peer publication),Neighbourhood Transportation GHG Emissions Study,UBC Vancouver,UBC Vancouver,Transportation,"Studies, surveys and data",Study,2023,file,True,False,Operations,Transportation; Carbon Zero,,False,Fetched,https://sustainoc.github.io/Docs/01_UBC-Vancouver/04_Transportation/2023_UBCV_Neighbourhood-Transportation-GHG-Emissions-Study.pdf,https://sustainoc.github.io/Docs/01_UBC-Vancouver/04_Transportation/2023_UBCV_Neighbourhood-Transportation-GHG-Emissions-Study.pdf,https://planning.ubc.ca/sites/default/files/2024-05/UBC_Neighbourhood_Transportation_Emissions_07-25-2023.pdf,01_UBC-Vancouver/04_Transportation/2023_UBCV_Neighbourhood-Transportation-GHG-Emissions-Study.pdf,2026-08-14,SKIPPED,Quantifies commuting and transportation GHG tied to growth.,Method for isolating transportation Scope 3 from an enrolment-growth driver. Relevant to OC's Sept 2026 tonnage.
R0020,peers,Public (peer publication),TCFD Climate Related Financial Disclosure Report FY2023,UBC Vancouver,UBC Vancouver,Climate and GHG Reporting,Reports and progress updates,Report,2023,file,True,True,Planning and Administration; Operations,Investment; Carbon Zero,,False,Fetched,https://sustainoc.github.io/Docs/01_UBC-Vancouver/02_Climate-and-GHG-Reporting/2023_UBCV_TCFD-Climate-Related-Financial-Disclosure-Report-FY2023.pdf,https://sustainoc.github.io/Docs/01_UBC-Vancouver/02_Climate-and-GHG-Reporting/2023_UBCV_TCFD-Climate-Related-Financial-Disclosure-Report-FY2023.pdf,https://sustain.ubc.ca/sites/default/files/files/MASTER_TDFC_UBC_2023_FINAL.pdf,01_UBC-Vancouver/02_Climate-and-GHG-Reporting/2023_UBCV_TCFD-Climate-Related-Financial-Disclosure-Report-FY2023.pdf,2026-08-14,SKIPPED,TCFD-aligned governance/strategy/risk/metrics disclosure. Cites 85%/65%/45% 2030 targets and ~$18M/yr potential carbon-tax avoidance.,Full TCFD 4-pillar structure as the template for OC's Financial & Risk Realities component. Also the closest model for OC's carbon-liability calculation.
R0021,peers,Public (peer publication),TogetherEnsemble at UBC Indigenous lens report,UBC Vancouver,UBC Vancouver,Indigenous and Engagement,Reports and progress updates,Report,2023,file,True,False,,,Indigenous relationality,False,Seen in search,https://sustainoc.github.io/Docs/01_UBC-Vancouver/09_Indigenous-and-Engagement/2023_UBCV_TogetherEnsemble-at-UBC-Indigenous-lens-report.pdf,https://sustainoc.github.io/Docs/01_UBC-Vancouver/09_Indigenous-and-Engagement/2023_UBCV_TogetherEnsemble-at-UBC-Indigenous-lens-report.pdf,https://sustain.ubc.ca/sites/default/files/TE-Report-Web.pdf,01_UBC-Vancouver/09_Indigenous-and-Engagement/2023_UBCV_TogetherEnsemble-at-UBC-Indigenous-lens-report.pdf,2026-08-14,SKIPPED,Sustainability report with an Indigenous-relationality and reconciliation lens.,Model for weaving Indigenous relationality through a report rather than siloing it. Serves OC's Layer 0.
R0146,peers,Public (peer publication),UBC Annual Sustainability Report 2023 24,UBC Vancouver,UBC Vancouver,Plans and Strategies,Reports and progress updates,Annual Sustainability Report,2023,file,True,False,,,,False,Link seen on index page,https://sustainoc.github.io/Docs/01_UBC-Vancouver/01_Plans-and-Strategies/2023_UBCV_UBC-Annual-Sustainability-Report-2023-24.pdf,https://sustainoc.github.io/Docs/01_UBC-Vancouver/01_Plans-and-Strategies/2023_UBCV_UBC-Annual-Sustainability-Report-2023-24.pdf,https://sustain.ubc.ca/sites/default/files/files/UBC-Annual-Sustainability-Report-2023-24.pdf,01_UBC-Vancouver/01_Plans-and-Strategies/2023_UBCV_UBC-Annual-Sustainability-Report-2023-24.pdf,2026-08-14,SKIPPED,"Annual Sustainability Report series, 2023.",Part of the Annual Sustainability Report time series. Multi-year trend data for benchmarking.
R0156,peers,Public (peer publication),UBC Climate Change Accountability Report 2023,UBC Vancouver,UBC Vancouver,Climate and GHG Reporting,Statutory and climate reporting,CCAR,2023,file,True,False,,,,False,Link seen on index page,https://sustainoc.github.io/Docs/01_UBC-Vancouver/02_Climate-and-GHG-Reporting/2023_UBCV_UBC-Climate-Change-Accountability-Report-2023.pdf,https://sustainoc.github.io/Docs/01_UBC-Vancouver/02_Climate-and-GHG-Reporting/2023_UBCV_UBC-Climate-Change-Accountability-Report-2023.pdf,https://www2.gov.bc.ca/assets/gov/environment/climate-change/cnar/2023/ps/university_of_british_columbia_2023_ccar.pdf,01_UBC-Vancouver/02_Climate-and-GHG-Reporting/2023_UBCV_UBC-Climate-Change-Accountability-Report-2023.pdf,2026-08-14,SKIPPED,"CCAR series, 2023.",Part of the CCAR time series. Multi-year trend data for benchmarking.
R0006,peers,Public (peer publication),UBC Climate Science Report,UBC Vancouver,UBC Vancouver,Climate Risk and Resilience,Reports and progress updates,Report,2023,file,True,False,,,Climate Resilience,False,Fetched,https://sustainoc.github.io/Docs/01_UBC-Vancouver/11_Climate-Risk-and-Resilience/2023_UBCV_UBC-Climate-Science-Report.pdf,https://sustainoc.github.io/Docs/01_UBC-Vancouver/11_Climate-Risk-and-Resilience/2023_UBCV_UBC-Climate-Science-Report.pdf,https://planning.ubc.ca/sites/default/files/2024-05/UBC%20Climate%20Science%20Report_FINAL_Nov%202023.pdf,01_UBC-Vancouver/11_Climate-Risk-and-Resilience/2023_UBCV_UBC-Climate-Science-Report.pdf,2026-08-14,SKIPPED,"Downscaled regional climate projections (temperature, precipitation, extreme events) grounding adaptation planning.",Method for translating regional climate projections into campus design parameters.
R0137,peers,Public (peer publication),UBC Vancouver Campus GHG Emissions Inventory 2023,UBC Vancouver,UBC Vancouver,Climate and GHG Reporting,Statutory and climate reporting,GHG Inventory,2023,file,True,False,,,,False,Link seen on index page,https://sustainoc.github.io/Docs/01_UBC-Vancouver/02_Climate-and-GHG-Reporting/2023_UBCV_UBC-Vancouver-Campus-GHG-Emissions-Inventory-2023.pdf,https://sustainoc.github.io/Docs/01_UBC-Vancouver/02_Climate-and-GHG-Reporting/2023_UBCV_UBC-Vancouver-Campus-GHG-Emissions-Inventory-2023.pdf,https://sustain.ubc.ca/sites/default/files/UBCV_GHG_Inventory_2023.pdf,01_UBC-Vancouver/02_Climate-and-GHG-Reporting/2023_UBCV_UBC-Vancouver-Campus-GHG-Emissions-Inventory-2023.pdf,2026-08-14,SKIPPED,"GHG Inventory series, 2023.",Part of the GHG Inventory time series. Multi-year trend data for benchmarking.
R0127,peers,Public (peer publication),UBC Vancouver Transportation Status Report 2023,UBC Vancouver,UBC Vancouver,Transportation,"Studies, surveys and data",Transportation Status Report,2023,file,True,False,,,,False,Link seen on index page,https://sustainoc.github.io/Docs/01_UBC-Vancouver/04_Transportation/2023_UBCV_UBC-Vancouver-Transportation-Status-Report-2023.pdf,https://sustainoc.github.io/Docs/01_UBC-Vancouver/04_Transportation/2023_UBCV_UBC-Vancouver-Transportation-Status-Report-2023.pdf,https://planning.ubc.ca/sites/default/files/2024-06/UBC2023-TransportationStatusReport-FINAL.pdf,01_UBC-Vancouver/04_Transportation/2023_UBCV_UBC-Vancouver-Transportation-Status-Report-2023.pdf,2026-08-14,SKIPPED,"Transportation Status Report series, 2023.",Part of the Transportation Status Report time series. Multi-year trend data for benchmarking.
R0016,peers,Public (peer publication),Zero Waste Action Plan 2030,UBC Vancouver,UBC Vancouver,Waste and Procurement,Plans and strategies,Plan,2023,file,True,True,Operations,Supply Chain,,False,Fetched,https://sustainoc.github.io/Docs/01_UBC-Vancouver/06_Waste-and-Procurement/2023_UBCV_Zero-Waste-Action-Plan-2030.pdf,https://sustainoc.github.io/Docs/01_UBC-Vancouver/06_Waste-and-Procurement/2023_UBCV_Zero-Waste-Action-Plan-2030.pdf,https://planning.ubc.ca/sites/default/files/2023-08/230608_ZWAP.pdf,01_UBC-Vancouver/06_Waste-and-Procurement/2023_UBCV_Zero-Waste-Action-Plan-2030.pdf,2026-08-14,SKIPPED,50% cut in operational waste disposal by 2030 vs 2019; 90% construction-waste diversion; 50% food waste and 80% single-use-cup cuts. Documents the failure of prior diversion targets.,Honest target-miss retrospective and the pivot from diversion-rate to absolute-reduction KPIs. A Financial & Risk Realities case OC can cite.
R0022,peers,Public (peer publication),Sustainability Hub Strategic Plan 2022 2027,UBC Vancouver,UBC Vancouver,Governance and Policy,Plans and strategies,Plan,2022,file,True,False,Planning and Administration,Organizational Structure,,False,Fetched (index),https://sustainoc.github.io/Docs/01_UBC-Vancouver/08_Governance-and-Policy/2022_UBCV_Sustainability-Hub-Strategic-Plan-2022-2027.pdf,https://sustainoc.github.io/Docs/01_UBC-Vancouver/08_Governance-and-Policy/2022_UBCV_Sustainability-Hub-Strategic-Plan-2022-2027.pdf,https://sustain.ubc.ca/sites/default/files/Sustainability-Hub-Strategic-Plan-Web.pdf,01_UBC-Vancouver/08_Governance-and-Policy/2022_UBCV_Sustainability-Hub-Strategic-Plan-2022-2027.pdf,2026-08-14,SKIPPED,"Strategic plan for the central sustainability office itself: mandate, structure, resourcing.",Governance and mandate template for OC's own sustainability office.
R0147,peers,Public (peer publication),UBC Annual Sustainability Report 2022 23,UBC Vancouver,UBC Vancouver,Plans and Strategies,Reports and progress updates,Annual Sustainability Report,2022,file,True,False,,,,False,Link seen on index page,https://sustainoc.github.io/Docs/01_UBC-Vancouver/01_Plans-and-Strategies/2022_UBCV_UBC-Annual-Sustainability-Report-2022-23.pdf,https://sustainoc.github.io/Docs/01_UBC-Vancouver/01_Plans-and-Strategies/2022_UBCV_UBC-Annual-Sustainability-Report-2022-23.pdf,https://sustain.ubc.ca/sites/default/files/files/UBC-Annual-Sustainability-Report-2022-23.pdf,01_UBC-Vancouver/01_Plans-and-Strategies/2022_UBCV_UBC-Annual-Sustainability-Report-2022-23.pdf,2026-08-14,SKIPPED,"Annual Sustainability Report series, 2022.",Part of the Annual Sustainability Report time series. Multi-year trend data for benchmarking.
R0157,peers,Public (peer publication),UBC Climate Change Accountability Report 2022,UBC Vancouver,UBC Vancouver,Climate and GHG Reporting,Statutory and climate reporting,CCAR,2022,file,True,False,,,,False,Link seen on index page,https://sustainoc.github.io/Docs/01_UBC-Vancouver/02_Climate-and-GHG-Reporting/2022_UBCV_UBC-Climate-Change-Accountability-Report-2022.pdf,https://sustainoc.github.io/Docs/01_UBC-Vancouver/02_Climate-and-GHG-Reporting/2022_UBCV_UBC-Climate-Change-Accountability-Report-2022.pdf,https://www2.gov.bc.ca/assets/gov/environment/climate-change/cnar/2022/uc/ubc_ccar_full_report.pdf,01_UBC-Vancouver/02_Climate-and-GHG-Reporting/2022_UBCV_UBC-Climate-Change-Accountability-Report-2022.pdf,2026-08-14,SKIPPED,"CCAR series, 2022.",Part of the CCAR time series. Multi-year trend data for benchmarking.
R0138,peers,Public (peer publication),UBC Vancouver Campus GHG Emissions Inventory 2022,UBC Vancouver,UBC Vancouver,Climate and GHG Reporting,Statutory and climate reporting,GHG Inventory,2022,file,True,False,,,,False,Link seen on index page,https://sustainoc.github.io/Docs/01_UBC-Vancouver/02_Climate-and-GHG-Reporting/2022_UBCV_UBC-Vancouver-Campus-GHG-Emissions-Inventory-2022.pdf,https://sustainoc.github.io/Docs/01_UBC-Vancouver/02_Climate-and-GHG-Reporting/2022_UBCV_UBC-Vancouver-Campus-GHG-Emissions-Inventory-2022.pdf,https://sustain.ubc.ca/sites/default/files/files/UBCV_GHG_Inventory_2022.pdf,01_UBC-Vancouver/02_Climate-and-GHG-Reporting/2022_UBCV_UBC-Vancouver-Campus-GHG-Emissions-Inventory-2022.pdf,2026-08-14,SKIPPED,"GHG Inventory series, 2022.",Part of the GHG Inventory time series. Multi-year trend data for benchmarking.
R0128,peers,Public (peer publication),UBC Vancouver Transportation Status Report 2022,UBC Vancouver,UBC Vancouver,Transportation,"Studies, surveys and data",Transportation Status Report,2022,file,True,False,,,,False,Link seen on index page,https://sustainoc.github.io/Docs/01_UBC-Vancouver/04_Transportation/2022_UBCV_UBC-Vancouver-Transportation-Status-Report-2022.pdf,https://sustainoc.github.io/Docs/01_UBC-Vancouver/04_Transportation/2022_UBCV_UBC-Vancouver-Transportation-Status-Report-2022.pdf,https://planning.ubc.ca/sites/default/files/2023-06/UBC2022-TransportationStatusReport-FINAL.pdf,01_UBC-Vancouver/04_Transportation/2022_UBCV_UBC-Vancouver-Transportation-Status-Report-2022.pdf,2026-08-14,SKIPPED,"Transportation Status Report series, 2022.",Part of the Transportation Status Report time series. Multi-year trend data for benchmarking.
R0001,peers,Public (peer publication),Climate Action Plan 2030 CAP2030,UBC Vancouver,UBC Vancouver,Plans and Strategies,Plans and strategies,Plan,2021,file,True,False,Operations; Engagement,Carbon Zero; Infrastructure (Energy/Water),,False,Seen in search,https://sustainoc.github.io/Docs/01_UBC-Vancouver/01_Plans-and-Strategies/2021_UBCV_Climate-Action-Plan-2030-CAP2030.pdf,https://sustainoc.github.io/Docs/01_UBC-Vancouver/01_Plans-and-Strategies/2021_UBCV_Climate-Action-Plan-2030-CAP2030.pdf,https://planning.ubc.ca/sites/default/files/2021-12/UBCV_CAP2030_FINAL.pdf,01_UBC-Vancouver/01_Plans-and-Strategies/2021_UBCV_Climate-Action-Plan-2030-CAP2030.pdf,2026-08-14,SKIPPED,"Accelerated net-zero pathway for buildings, energy, Scope 3 and engagement across 6 focus areas. Already held in OC's project files.",Target-tier structure splitting operational / Scope 3 / embodied carbon with distinct % goals per horizon year.
R0148,peers,Public (peer publication),UBC Annual Sustainability Report 2021 22,UBC Vancouver,UBC Vancouver,Plans and Strategies,Reports and progress updates,Annual Sustainability Report,2021,file,True,False,,,,False,Link seen on index page,https://sustainoc.github.io/Docs/01_UBC-Vancouver/01_Plans-and-Strategies/2021_UBCV_UBC-Annual-Sustainability-Report-2021-22.pdf,https://sustainoc.github.io/Docs/01_UBC-Vancouver/01_Plans-and-Strategies/2021_UBCV_UBC-Annual-Sustainability-Report-2021-22.pdf,https://sustain.ubc.ca/sites/default/files/files/Annual-Sustainability-Report-2021-22_1.pdf,01_UBC-Vancouver/01_Plans-and-Strategies/2021_UBCV_UBC-Annual-Sustainability-Report-2021-22.pdf,2026-08-14,SKIPPED,"Annual Sustainability Report series, 2021.",Part of the Annual Sustainability Report time series. Multi-year trend data for benchmarking.
R0158,peers,Public (peer publication),UBC Climate Change Accountability Report 2021,UBC Vancouver,UBC Vancouver,Climate and GHG Reporting,Statutory and climate reporting,CCAR,2021,file,True,False,,,,False,Link seen on index page,https://sustainoc.github.io/Docs/01_UBC-Vancouver/02_Climate-and-GHG-Reporting/2021_UBCV_UBC-Climate-Change-Accountability-Report-2021.pdf,https://sustainoc.github.io/Docs/01_UBC-Vancouver/02_Climate-and-GHG-Reporting/2021_UBCV_UBC-Climate-Change-Accountability-Report-2021.pdf,https://www2.gov.bc.ca/assets/gov/environment/climate-change/cnar/2021/ubc_2021_ccar.pdf,01_UBC-Vancouver/02_Climate-and-GHG-Reporting/2021_UBCV_UBC-Climate-Change-Accountability-Report-2021.pdf,2026-08-14,SKIPPED,"CCAR series, 2021.",Part of the CCAR time series. Multi-year trend data for benchmarking.
R0139,peers,Public (peer publication),UBC Vancouver Campus GHG Emissions Inventory 2021,UBC Vancouver,UBC Vancouver,Climate and GHG Reporting,Statutory and climate reporting,GHG Inventory,2021,file,True,False,,,,False,Link seen on index page,https://sustainoc.github.io/Docs/01_UBC-Vancouver/02_Climate-and-GHG-Reporting/2021_UBCV_UBC-Vancouver-Campus-GHG-Emissions-Inventory-2021.pdf,https://sustainoc.github.io/Docs/01_UBC-Vancouver/02_Climate-and-GHG-Reporting/2021_UBCV_UBC-Vancouver-Campus-GHG-Emissions-Inventory-2021.pdf,https://sustain.ubc.ca/sites/default/files/files/UBCV_GHG_Inventory_2021.pdf,01_UBC-Vancouver/02_Climate-and-GHG-Reporting/2021_UBCV_UBC-Vancouver-Campus-GHG-Emissions-Inventory-2021.pdf,2026-08-14,SKIPPED,"GHG Inventory series, 2021.",Part of the GHG Inventory time series. Multi-year trend data for benchmarking.
R0129,peers,Public (peer publication),UBC Vancouver Transportation Status Report 2021,UBC Vancouver,UBC Vancouver,Transportation,"Studies, surveys and data",Transportation Status Report,2021,file,True,False,,,,False,Link seen on index page,https://sustainoc.github.io/Docs/01_UBC-Vancouver/04_Transportation/2021_UBCV_UBC-Vancouver-Transportation-Status-Report-2021.pdf,https://sustainoc.github.io/Docs/01_UBC-Vancouver/04_Transportation/2021_UBCV_UBC-Vancouver-Transportation-Status-Report-2021.pdf,https://planning.ubc.ca/sites/default/files/2022-06/UBC2021-TransportationStatusReport-FINAL.pdf,01_UBC-Vancouver/04_Transportation/2021_UBCV_UBC-Vancouver-Transportation-Status-Report-2021.pdf,2026-08-14,SKIPPED,"Transportation Status Report series, 2021.",Part of the Transportation Status Report time series. Multi-year trend data for benchmarking.
R0024,peers,Public (peer publication),Wellbeing Strategic Framework Roadmap,UBC Vancouver,UBC Vancouver,Plans and Strategies,Plans and strategies,Plan/Dashboard,2021,file,True,False,Engagement,,,False,Seen in search,https://sustainoc.github.io/Docs/01_UBC-Vancouver/08_Governance-and-Policy/2023_UBCV_Wellbeing-Strategic-Framework-Roadmap.pdf,https://sustainoc.github.io/Docs/01_UBC-Vancouver/08_Governance-and-Policy/2023_UBCV_Wellbeing-Strategic-Framework-Roadmap.pdf,https://wellbeing.ubc.ca/sites/wellbeing.ubc.ca/files/u1582/WSF%20Roadmap%20Dashboard_18Oct2021.pdf,01_UBC-Vancouver/08_Governance-and-Policy/2023_UBCV_Wellbeing-Strategic-Framework-Roadmap.pdf,,,Roadmap/dashboard hybrid tracking the Okanagan-Charter-aligned Wellbeing Framework.,Roadmap-dashboard hybrid format combining milestones with a visual tracker.
R0149,peers,Public (peer publication),UBC Annual Sustainability Report 2020 21,UBC Vancouver,UBC Vancouver,Plans and Strategies,Reports and progress updates,Annual Sustainability Report,2020,file,True,False,,,,False,Link seen on index page,https://sustainoc.github.io/Docs/01_UBC-Vancouver/01_Plans-and-Strategies/2020_UBCV_UBC-Annual-Sustainability-Report-2020-21.pdf,https://sustainoc.github.io/Docs/01_UBC-Vancouver/01_Plans-and-Strategies/2020_UBCV_UBC-Annual-Sustainability-Report-2020-21.pdf,https://sustain.ubc.ca/sites/default/files/files/2020-21-Annual-Sustainability-Report.pdf,01_UBC-Vancouver/01_Plans-and-Strategies/2020_UBCV_UBC-Annual-Sustainability-Report-2020-21.pdf,2026-08-14,SKIPPED,"Annual Sustainability Report series, 2020.",Part of the Annual Sustainability Report time series. Multi-year trend data for benchmarking.
R0159,peers,Public (peer publication),UBC Climate Change Accountability Report 2020,UBC Vancouver,UBC Vancouver,Climate and GHG Reporting,Statutory and climate reporting,CCAR,2020,file,True,False,,,,False,Link seen on index page,https://sustainoc.github.io/Docs/01_UBC-Vancouver/02_Climate-and-GHG-Reporting/2020_UBCV_UBC-Climate-Change-Accountability-Report-2020.pdf,https://sustainoc.github.io/Docs/01_UBC-Vancouver/02_Climate-and-GHG-Reporting/2020_UBCV_UBC-Climate-Change-Accountability-Report-2020.pdf,https://www2.gov.bc.ca/assets/gov/environment/climate-change/cnar/2020/university_of_british_columbia.pdf,01_UBC-Vancouver/02_Climate-and-GHG-Reporting/2020_UBCV_UBC-Climate-Change-Accountability-Report-2020.pdf,2026-08-14,SKIPPED,"CCAR series, 2020.",Part of the CCAR time series. Multi-year trend data for benchmarking.
R0140,peers,Public (peer publication),UBC Vancouver Campus GHG Emissions Inventory 2020,UBC Vancouver,UBC Vancouver,Climate and GHG Reporting,Statutory and climate reporting,GHG Inventory,2020,file,True,False,,,,False,Link seen on index page,https://sustainoc.github.io/Docs/01_UBC-Vancouver/02_Climate-and-GHG-Reporting/2020_UBCV_UBC-Vancouver-Campus-GHG-Emissions-Inventory-2020.pdf,https://sustainoc.github.io/Docs/01_UBC-Vancouver/02_Climate-and-GHG-Reporting/2020_UBCV_UBC-Vancouver-Campus-GHG-Emissions-Inventory-2020.pdf,https://sustain.ubc.ca/sites/default/files/UBC_GHG_Inventory_2020.pdf,01_UBC-Vancouver/02_Climate-and-GHG-Reporting/2020_UBCV_UBC-Vancouver-Campus-GHG-Emissions-Inventory-2020.pdf,2026-08-14,SKIPPED,"GHG Inventory series, 2020.",Part of the GHG Inventory time series. Multi-year trend data for benchmarking.
R0130,peers,Public (peer publication),UBC Vancouver Transportation Status Report 2020,UBC Vancouver,UBC Vancouver,Transportation,"Studies, surveys and data",Transportation Status Report,2020,file,True,False,,,,False,Link seen on index page,https://sustainoc.github.io/Docs/01_UBC-Vancouver/04_Transportation/2020_UBCV_UBC-Vancouver-Transportation-Status-Report-2020.pdf,https://sustainoc.github.io/Docs/01_UBC-Vancouver/04_Transportation/2020_UBCV_UBC-Vancouver-Transportation-Status-Report-2020.pdf,https://planning.ubc.ca/sites/default/files/2021-10/UBC2020-TransportationStatusReport-FINAL.pdf,01_UBC-Vancouver/04_Transportation/2020_UBCV_UBC-Vancouver-Transportation-Status-Report-2020.pdf,2026-08-14,SKIPPED,"Transportation Status Report series, 2020.",Part of the Transportation Status Report time series. Multi-year trend data for benchmarking.
R0150,peers,Public (peer publication),UBC Annual Sustainability Report 2019 20,UBC Vancouver,UBC Vancouver,Plans and Strategies,Reports and progress updates,Annual Sustainability Report,2019,file,True,False,,,,False,Link seen on index page,https://sustainoc.github.io/Docs/01_UBC-Vancouver/01_Plans-and-Strategies/2019_UBCV_UBC-Annual-Sustainability-Report-2019-20.pdf,https://sustainoc.github.io/Docs/01_UBC-Vancouver/01_Plans-and-Strategies/2019_UBCV_UBC-Annual-Sustainability-Report-2019-20.pdf,https://sustain.ubc.ca/sites/default/files/2019-20ASR_201019_0.pdf,01_UBC-Vancouver/01_Plans-and-Strategies/2019_UBCV_UBC-Annual-Sustainability-Report-2019-20.pdf,2026-08-14,SKIPPED,"Annual Sustainability Report series, 2019.",Part of the Annual Sustainability Report time series. Multi-year trend data for benchmarking.
R0160,peers,Public (peer publication),UBC Carbon Neutral Action Report 2019,UBC Vancouver,UBC Vancouver,Climate and GHG Reporting,Statutory and climate reporting,CNAR,2019,file,True,False,,,,False,Link seen on index page,https://sustainoc.github.io/Docs/01_UBC-Vancouver/02_Climate-and-GHG-Reporting/2019_UBCV_UBC-Carbon-Neutral-Action-Report-2019.pdf,https://sustainoc.github.io/Docs/01_UBC-Vancouver/02_Climate-and-GHG-Reporting/2019_UBCV_UBC-Carbon-Neutral-Action-Report-2019.pdf,https://www2.gov.bc.ca/assets/gov/environment/climate-change/cnar/2019/ps/final_university_of_british_columbia_2019_overview.pdf,01_UBC-Vancouver/02_Climate-and-GHG-Reporting/2019_UBCV_UBC-Carbon-Neutral-Action-Report-2019.pdf,2026-08-14,SKIPPED,"CNAR series, 2019.",Part of the CNAR time series. Multi-year trend data for benchmarking.
R0141,peers,Public (peer publication),UBC Vancouver Campus GHG Emissions Inventory 2019,UBC Vancouver,UBC Vancouver,Climate and GHG Reporting,Statutory and climate reporting,GHG Inventory,2019,file,True,False,,,,False,Link seen on index page,https://sustainoc.github.io/Docs/01_UBC-Vancouver/02_Climate-and-GHG-Reporting/2019_UBCV_UBC-Vancouver-Campus-GHG-Emissions-Inventory-2019.pdf,https://sustainoc.github.io/Docs/01_UBC-Vancouver/02_Climate-and-GHG-Reporting/2019_UBCV_UBC-Vancouver-Campus-GHG-Emissions-Inventory-2019.pdf,https://sustain.ubc.ca/sites/default/files/files/UBC_GHG_Inventory_2019_15Jan21.pdf,01_UBC-Vancouver/02_Climate-and-GHG-Reporting/2019_UBCV_UBC-Vancouver-Campus-GHG-Emissions-Inventory-2019.pdf,2026-08-14,SKIPPED,"GHG Inventory series, 2019.",Part of the GHG Inventory time series. Multi-year trend data for benchmarking.
R0131,peers,Public (peer publication),UBC Vancouver Transportation Status Report Fall 2019,UBC Vancouver,UBC Vancouver,Transportation,"Studies, surveys and data",Transportation Status Report,2019,file,True,False,,,,False,Link seen on index page,https://sustainoc.github.io/Docs/01_UBC-Vancouver/04_Transportation/2019_UBCV_UBC-Vancouver-Transportation-Status-Report-Fall-2019.pdf,https://sustainoc.github.io/Docs/01_UBC-Vancouver/04_Transportation/2019_UBCV_UBC-Vancouver-Transportation-Status-Report-Fall-2019.pdf,https://planning.ubc.ca/sites/default/files/2020-05/UBC2019-TransportationStatusReport-Mar5-2020_0.pdf,01_UBC-Vancouver/04_Transportation/2019_UBCV_UBC-Vancouver-Transportation-Status-Report-Fall-2019.pdf,2026-08-14,SKIPPED,"Transportation Status Report series, 2019.",Part of the Transportation Status Report time series. Multi-year trend data for benchmarking.
R0014,peers,Public (peer publication),Water Action Plan,UBC Vancouver,UBC Vancouver,Energy and Buildings,Plans and strategies,Plan,2019,file,True,True,Operations,Infrastructure (Energy/Water),,False,Fetched,https://sustainoc.github.io/Docs/01_UBC-Vancouver/05_Energy-and-Buildings/2019_UBCV_Water-Action-Plan.pdf,https://sustainoc.github.io/Docs/01_UBC-Vancouver/05_Energy-and-Buildings/2019_UBCV_Water-Action-Plan.pdf,https://planning.ubc.ca/sites/default/files/2019-11/PLANS_UBC_WaterActionPlan.pdf,01_UBC-Vancouver/05_Energy-and-Buildings/2019_UBCV_Water-Action-Plan.pdf,2026-08-14,SKIPPED,"Holds total water use at or below 2017 levels; 16%/24% intensity cuts per FTE by 2025/2030; ~$2.3M/yr spend, ~$4M cumulative savings by 2035.",Per-FTE water-use-intensity KPI (rather than per sq ft). Directly usable while OC's metering assessment completes.
R0013,peers,Public (peer publication),Green Building Action Plan Action Appendices,UBC Vancouver,UBC Vancouver,Energy and Buildings,Dashboards and tools,Tool,2018,file,True,False,Operations,Infrastructure (Energy/Water),,False,Seen in search,https://sustainoc.github.io/Docs/01_UBC-Vancouver/05_Energy-and-Buildings/2018_UBCV_Green-Building-Action-Plan-Action-Appendices.pdf,https://sustainoc.github.io/Docs/01_UBC-Vancouver/05_Energy-and-Buildings/2018_UBCV_Green-Building-Action-Plan-Action-Appendices.pdf,https://planning.ubc.ca/sites/default/files/2019-11/PLAN_UBC_Green_Building_Action_ActionAppendices.pdf,01_UBC-Vancouver/05_Energy-and-Buildings/2018_UBCV_Green-Building-Action-Plan-Action-Appendices.pdf,2026-08-14,SKIPPED,Detailed action list supporting GBAP implementation.,Implementation action-tracker template.
R0011,peers,Public (peer publication),Green Building Action Plan Full,UBC Vancouver,UBC Vancouver,Energy and Buildings,Plans and strategies,Plan,2018,file,True,True,Operations,Infrastructure (Energy/Water),,False,Fetched,https://sustainoc.github.io/Docs/01_UBC-Vancouver/05_Energy-and-Buildings/2018_UBCV_Green-Building-Action-Plan-Full.pdf,https://sustainoc.github.io/Docs/01_UBC-Vancouver/05_Energy-and-Buildings/2018_UBCV_Green-Building-Action-Plan-Full.pdf,https://planning.ubc.ca/sites/default/files/2019-11/PLAN_UBC_Green_Building_Action_Plan_Full.pdf,01_UBC-Vancouver/05_Energy-and-Buildings/2018_UBCV_Green-Building-Action-Plan-Full.pdf,2026-08-14,SKIPPED,"EUI targets by building type, embodied-carbon material phase-out by 2035, net-positive-ready new builds by 2030.","EUI target table in kWh/m2/yr by building type and year. Portable to OC's 45-building, 2.08M sq ft portfolio."
R0012,peers,Public (peer publication),Green Building Action Plan Institutional component,UBC Vancouver,UBC Vancouver,Energy and Buildings,Plans and strategies,Plan,2018,file,True,False,Operations,Infrastructure (Energy/Water),,False,Seen in search,https://sustainoc.github.io/Docs/01_UBC-Vancouver/05_Energy-and-Buildings/2018_UBCV_Green-Building-Action-Plan-Institutional-component.pdf,https://sustainoc.github.io/Docs/01_UBC-Vancouver/05_Energy-and-Buildings/2018_UBCV_Green-Building-Action-Plan-Institutional-component.pdf,https://planning.ubc.ca/sites/default/files/2019-11/PLAN_UBC_Green_Building_Action_InstitutionalGBAP.pdf,01_UBC-Vancouver/05_Energy-and-Buildings/2018_UBCV_Green-Building-Action-Plan-Institutional-component.pdf,2026-08-14,SKIPPED,Institutional (academic/admin) building requirements subset.,Segmentation of building policy by institutional vs residential type.
R0151,peers,Public (peer publication),UBC Annual Sustainability Report 2018 19,UBC Vancouver,UBC Vancouver,Plans and Strategies,Reports and progress updates,Annual Sustainability Report,2018,file,True,False,,,,False,Link seen on index page,https://sustainoc.github.io/Docs/01_UBC-Vancouver/01_Plans-and-Strategies/2018_UBCV_UBC-Annual-Sustainability-Report-2018-19.pdf,https://sustainoc.github.io/Docs/01_UBC-Vancouver/01_Plans-and-Strategies/2018_UBCV_UBC-Annual-Sustainability-Report-2018-19.pdf,https://sustain.ubc.ca/sites/default/files/files/18-19-Annual-Sustainability-Report.pdf,01_UBC-Vancouver/01_Plans-and-Strategies/2018_UBCV_UBC-Annual-Sustainability-Report-2018-19.pdf,2026-08-14,SKIPPED,"Annual Sustainability Report series, 2018.",Part of the Annual Sustainability Report time series. Multi-year trend data for benchmarking.
R0161,peers,Public (peer publication),UBC Carbon Neutral Action Report 2018,UBC Vancouver,UBC Vancouver,Climate and GHG Reporting,Statutory and climate reporting,CNAR,2018,file,True,False,,,,False,Link seen on index page,https://sustainoc.github.io/Docs/01_UBC-Vancouver/02_Climate-and-GHG-Reporting/2018_UBCV_UBC-Carbon-Neutral-Action-Report-2018.pdf,https://sustainoc.github.io/Docs/01_UBC-Vancouver/02_Climate-and-GHG-Reporting/2018_UBCV_UBC-Carbon-Neutral-Action-Report-2018.pdf,https://www2.gov.bc.ca/assets/gov/environment/climate-change/cnar/2018/ps/final_ubc_2018.pdf,01_UBC-Vancouver/02_Climate-and-GHG-Reporting/2018_UBCV_UBC-Carbon-Neutral-Action-Report-2018.pdf,2026-08-14,SKIPPED,"CNAR series, 2018.",Part of the CNAR time series. Multi-year trend data for benchmarking.
R0142,peers,Public (peer publication),UBC Vancouver Campus GHG Emissions Inventory 2018,UBC Vancouver,UBC Vancouver,Climate and GHG Reporting,Statutory and climate reporting,GHG Inventory,2018,file,True,False,,,,False,Link seen on index page,https://sustainoc.github.io/Docs/01_UBC-Vancouver/02_Climate-and-GHG-Reporting/2018_UBCV_UBC-Vancouver-Campus-GHG-Emissions-Inventory-2018.pdf,https://sustainoc.github.io/Docs/01_UBC-Vancouver/02_Climate-and-GHG-Reporting/2018_UBCV_UBC-Vancouver-Campus-GHG-Emissions-Inventory-2018.pdf,https://sustain.ubc.ca/sites/default/files/files/UBC_GHG_Inventory_2018.pdf,01_UBC-Vancouver/02_Climate-and-GHG-Reporting/2018_UBCV_UBC-Vancouver-Campus-GHG-Emissions-Inventory-2018.pdf,2026-08-14,SKIPPED,"GHG Inventory series, 2018.",Part of the GHG Inventory time series. Multi-year trend data for benchmarking.
R0132,peers,Public (peer publication),UBC Vancouver Transportation Status Report Fall 2018,UBC Vancouver,UBC Vancouver,Transportation,"Studies, surveys and data",Transportation Status Report,2018,file,True,False,,,,False,Link seen on index page,https://sustainoc.github.io/Docs/01_UBC-Vancouver/04_Transportation/2018_UBCV_UBC-Vancouver-Transportation-Status-Report-Fall-2018.pdf,https://sustainoc.github.io/Docs/01_UBC-Vancouver/04_Transportation/2018_UBCV_UBC-Vancouver-Transportation-Status-Report-Fall-2018.pdf,https://planning.ubc.ca/sites/default/files/2019-12/REPORT_UBC_2018TransportationStatusReport.pdf,01_UBC-Vancouver/04_Transportation/2018_UBCV_UBC-Vancouver-Transportation-Status-Report-Fall-2018.pdf,2026-08-14,SKIPPED,"Transportation Status Report series, 2018.",Part of the Transportation Status Report time series. Multi-year trend data for benchmarking.
R0015,peers,Public (peer publication),Integrated Stormwater Management Plan,UBC Vancouver,UBC Vancouver,Energy and Buildings,Plans and strategies,Plan,2017,file,False,False,Operations,Infrastructure (Energy/Water),Climate Resilience,False,Seen in search,https://planning.ubc.ca/sites/default/files/2019-11/PLAN_UBC_ISMP_Final2017.pdf,https://sustainoc.github.io/Docs/01_UBC-Vancouver/05_Energy-and-Buildings/2017_UBCV_Integrated-Stormwater-Management-Plan.pdf,https://planning.ubc.ca/sites/default/files/2019-11/PLAN_UBC_ISMP_Final2017.pdf,01_UBC-Vancouver/05_Energy-and-Buildings/2017_UBCV_Integrated-Stormwater-Management-Plan.pdf,2026-08-18,FAILED,Rainwater and stormwater quality/volume control plan.,Stormwater-as-adaptation-infrastructure framing.
R0152,peers,Public (peer publication),UBC Annual Sustainability Report 2017 18,UBC Vancouver,UBC Vancouver,Plans and Strategies,Reports and progress updates,Annual Sustainability Report,2017,file,True,False,,,,False,Link seen on index page,https://sustainoc.github.io/Docs/01_UBC-Vancouver/01_Plans-and-Strategies/2017_UBCV_UBC-Annual-Sustainability-Report-2017-18.pdf,https://sustainoc.github.io/Docs/01_UBC-Vancouver/01_Plans-and-Strategies/2017_UBCV_UBC-Annual-Sustainability-Report-2017-18.pdf,https://sustain.ubc.ca/sites/default/files/files/ASR-2017-2018-2.pdf,01_UBC-Vancouver/01_Plans-and-Strategies/2017_UBCV_UBC-Annual-Sustainability-Report-2017-18.pdf,2026-08-14,SKIPPED,"Annual Sustainability Report series, 2017.",Part of the Annual Sustainability Report time series. Multi-year trend data for benchmarking.
R0162,peers,Public (peer publication),UBC Carbon Neutral Action Report 2017,UBC Vancouver,UBC Vancouver,Climate and GHG Reporting,Statutory and climate reporting,CNAR,2017,file,True,False,,,,False,Link seen on index page,https://sustainoc.github.io/Docs/01_UBC-Vancouver/02_Climate-and-GHG-Reporting/2017_UBCV_UBC-Carbon-Neutral-Action-Report-2017.pdf,https://sustainoc.github.io/Docs/01_UBC-Vancouver/02_Climate-and-GHG-Reporting/2017_UBCV_UBC-Carbon-Neutral-Action-Report-2017.pdf,https://www2.gov.bc.ca/assets/gov/environment/climate-change/cnar/2017/ps/final_ubc_2017.pdf,01_UBC-Vancouver/02_Climate-and-GHG-Reporting/2017_UBCV_UBC-Carbon-Neutral-Action-Report-2017.pdf,2026-08-14,SKIPPED,"CNAR series, 2017.",Part of the CNAR time series. Multi-year trend data for benchmarking.
R0143,peers,Public (peer publication),UBC Vancouver Campus GHG Emissions Inventory 2017,UBC Vancouver,UBC Vancouver,Climate and GHG Reporting,Statutory and climate reporting,GHG Inventory,2017,file,True,False,,,,False,Link seen on index page,https://sustainoc.github.io/Docs/01_UBC-Vancouver/02_Climate-and-GHG-Reporting/2017_UBCV_UBC-Vancouver-Campus-GHG-Emissions-Inventory-2017.pdf,https://sustainoc.github.io/Docs/01_UBC-Vancouver/02_Climate-and-GHG-Reporting/2017_UBCV_UBC-Vancouver-Campus-GHG-Emissions-Inventory-2017.pdf,https://sustain.ubc.ca/sites/sustain.ubc.ca/files/UBCGHGInventory_2017_web.pdf,01_UBC-Vancouver/02_Climate-and-GHG-Reporting/2017_UBCV_UBC-Vancouver-Campus-GHG-Emissions-Inventory-2017.pdf,2026-08-14,SKIPPED,"GHG Inventory series, 2017.",Part of the GHG Inventory time series. Multi-year trend data for benchmarking.
R0133,peers,Public (peer publication),UBC Vancouver Transportation Status Report 2017,UBC Vancouver,UBC Vancouver,Transportation,"Studies, surveys and data",Transportation Status Report,2017,file,True,False,,,,False,Link seen on index page,https://sustainoc.github.io/Docs/01_UBC-Vancouver/04_Transportation/2017_UBCV_UBC-Vancouver-Transportation-Status-Report-2017.pdf,https://sustainoc.github.io/Docs/01_UBC-Vancouver/04_Transportation/2017_UBCV_UBC-Vancouver-Transportation-Status-Report-2017.pdf,https://planning.ubc.ca/sites/default/files/2019-11/REPORT_UBC_Transportation_2017.pdf,01_UBC-Vancouver/04_Transportation/2017_UBCV_UBC-Vancouver-Transportation-Status-Report-2017.pdf,2026-08-14,SKIPPED,"Transportation Status Report series, 2017.",Part of the Transportation Status Report time series. Multi-year trend data for benchmarking.
R0153,peers,Public (peer publication),UBC Annual Sustainability Report 2016 17,UBC Vancouver,UBC Vancouver,Plans and Strategies,Reports and progress updates,Annual Sustainability Report,2016,file,True,False,,,,False,Link seen on index page,https://sustainoc.github.io/Docs/01_UBC-Vancouver/01_Plans-and-Strategies/2016_UBCV_UBC-Annual-Sustainability-Report-2016-17.pdf,https://sustainoc.github.io/Docs/01_UBC-Vancouver/01_Plans-and-Strategies/2016_UBCV_UBC-Annual-Sustainability-Report-2016-17.pdf,https://sustain.ubc.ca/sites/default/files/Annual%20Sustainability%20Report%20-%20January%202018.pdf,01_UBC-Vancouver/01_Plans-and-Strategies/2016_UBCV_UBC-Annual-Sustainability-Report-2016-17.pdf,2026-08-14,SKIPPED,"Annual Sustainability Report series, 2016.",Part of the Annual Sustainability Report time series. Multi-year trend data for benchmarking.
R0163,peers,Public (peer publication),UBC Carbon Neutral Action Report 2016,UBC Vancouver,UBC Vancouver,Climate and GHG Reporting,Statutory and climate reporting,CNAR,2016,file,True,False,,,,False,Link seen on index page,https://sustainoc.github.io/Docs/01_UBC-Vancouver/02_Climate-and-GHG-Reporting/2016_UBCV_UBC-Carbon-Neutral-Action-Report-2016.pdf,https://sustainoc.github.io/Docs/01_UBC-Vancouver/02_Climate-and-GHG-Reporting/2016_UBCV_UBC-Carbon-Neutral-Action-Report-2016.pdf,https://www2.gov.bc.ca/assets/gov/environment/climate-change/cnar/2016/ps/final_ubc_2016.pdf,01_UBC-Vancouver/02_Climate-and-GHG-Reporting/2016_UBCV_UBC-Carbon-Neutral-Action-Report-2016.pdf,2026-08-14,SKIPPED,"CNAR series, 2016.",Part of the CNAR time series. Multi-year trend data for benchmarking.
R0144,peers,Public (peer publication),UBC Vancouver Campus GHG Emissions Inventory 2016,UBC Vancouver,UBC Vancouver,Climate and GHG Reporting,Statutory and climate reporting,GHG Inventory,2016,file,True,False,,,,False,Link seen on index page,https://sustainoc.github.io/Docs/01_UBC-Vancouver/02_Climate-and-GHG-Reporting/2016_UBCV_UBC-Vancouver-Campus-GHG-Emissions-Inventory-2016.pdf,https://sustainoc.github.io/Docs/01_UBC-Vancouver/02_Climate-and-GHG-Reporting/2016_UBCV_UBC-Vancouver-Campus-GHG-Emissions-Inventory-2016.pdf,https://sustain.ubc.ca/sites/sustain.ubc.ca/files/uploads/CampusSustainability/CS_PDFs/ClimateEnergy/UBCGHGInventory_2016.pdf,01_UBC-Vancouver/02_Climate-and-GHG-Reporting/2016_UBCV_UBC-Vancouver-Campus-GHG-Emissions-Inventory-2016.pdf,2026-08-14,SKIPPED,"GHG Inventory series, 2016.",Part of the GHG Inventory time series. Multi-year trend data for benchmarking.
R0134,peers,Public (peer publication),UBC Vancouver Transportation Status Report 2016,UBC Vancouver,UBC Vancouver,Transportation,"Studies, surveys and data",Transportation Status Report,2016,file,True,False,,,,False,Link seen on index page,https://sustainoc.github.io/Docs/01_UBC-Vancouver/04_Transportation/2016_UBCV_UBC-Vancouver-Transportation-Status-Report-2016.pdf,https://sustainoc.github.io/Docs/01_UBC-Vancouver/04_Transportation/2016_UBCV_UBC-Vancouver-Transportation-Status-Report-2016.pdf,https://planning.ubc.ca/sites/default/files/2019-11/REPORT_UBC_Transportation_2016.pdf,01_UBC-Vancouver/04_Transportation/2016_UBCV_UBC-Vancouver-Transportation-Status-Report-2016.pdf,2026-08-14,SKIPPED,"Transportation Status Report series, 2016.",Part of the Transportation Status Report time series. Multi-year trend data for benchmarking.
R0291,peers,Public (peer publication),STARS Report 2015 v2.0 Gold expired 2018,UBC Vancouver,UBC Vancouver,STARS,STARS,STARS,2015,link,False,False,Planning and Administration,Policy / Planning,,False,Fetched,https://reports.aashe.org/institutions/university-of-british-columbia-bc/report/2015-08-04/,,https://reports.aashe.org/institutions/university-of-british-columbia-bc/report/2015-08-04/,,2026-08-18,LINK-SAVED,"UBC's most recent STARS submission. Gold, now expired. No submission since.",Credit-by-credit scorecard to see how a Gold peer answered each credit. Note UBC-V is NOT a live STARS comparator.
R0154,peers,Public (peer publication),UBC Annual Sustainability Report 2015 16,UBC Vancouver,UBC Vancouver,Plans and Strategies,Reports and progress updates,Annual Sustainability Report,2015,file,True,False,,,,False,Link seen on index page,https://sustainoc.github.io/Docs/01_UBC-Vancouver/01_Plans-and-Strategies/2015_UBCV_UBC-Annual-Sustainability-Report-2015-16.pdf,https://sustainoc.github.io/Docs/01_UBC-Vancouver/01_Plans-and-Strategies/2015_UBCV_UBC-Annual-Sustainability-Report-2015-16.pdf,https://sustain.ubc.ca/sites/default/files/2015-16%20Annual%20Sustainability%20Report.pdf,01_UBC-Vancouver/01_Plans-and-Strategies/2015_UBCV_UBC-Annual-Sustainability-Report-2015-16.pdf,2026-08-14,SKIPPED,"Annual Sustainability Report series, 2015.",Part of the Annual Sustainability Report time series. Multi-year trend data for benchmarking.
R0164,peers,Public (peer publication),UBC Carbon Neutral Action Report 2015,UBC Vancouver,UBC Vancouver,Climate and GHG Reporting,Statutory and climate reporting,CNAR,2015,file,True,False,,,,False,Link seen on index page,https://sustainoc.github.io/Docs/01_UBC-Vancouver/02_Climate-and-GHG-Reporting/2015_UBCV_UBC-Carbon-Neutral-Action-Report-2015.pdf,https://sustainoc.github.io/Docs/01_UBC-Vancouver/02_Climate-and-GHG-Reporting/2015_UBCV_UBC-Carbon-Neutral-Action-Report-2015.pdf,https://www2.gov.bc.ca/assets/gov/environment/climate-change/cnar/2015/ps/final_ubc_2015.pdf,01_UBC-Vancouver/02_Climate-and-GHG-Reporting/2015_UBCV_UBC-Carbon-Neutral-Action-Report-2015.pdf,2026-08-14,SKIPPED,"CNAR series, 2015.",Part of the CNAR time series. Multi-year trend data for benchmarking.
R0145,peers,Public (peer publication),UBC Vancouver Campus GHG Emissions Inventory 2015,UBC Vancouver,UBC Vancouver,Climate and GHG Reporting,Statutory and climate reporting,GHG Inventory,2015,file,True,False,,,,False,Link seen on index page,https://sustainoc.github.io/Docs/01_UBC-Vancouver/02_Climate-and-GHG-Reporting/2015_UBCV_UBC-Vancouver-Campus-GHG-Emissions-Inventory-2015.pdf,https://sustainoc.github.io/Docs/01_UBC-Vancouver/02_Climate-and-GHG-Reporting/2015_UBCV_UBC-Vancouver-Campus-GHG-Emissions-Inventory-2015.pdf,https://sustain.ubc.ca/sites/sustain.ubc.ca/files/UBCGHGInventory_2015.pdf,01_UBC-Vancouver/02_Climate-and-GHG-Reporting/2015_UBCV_UBC-Vancouver-Campus-GHG-Emissions-Inventory-2015.pdf,2026-08-14,SKIPPED,"GHG Inventory series, 2015.",Part of the GHG Inventory time series. Multi-year trend data for benchmarking.
R0135,peers,Public (peer publication),UBC Vancouver Transportation Status Report Fall 2015,UBC Vancouver,UBC Vancouver,Transportation,"Studies, surveys and data",Transportation Status Report,2015,file,True,False,,,,False,Link seen on index page,https://sustainoc.github.io/Docs/01_UBC-Vancouver/04_Transportation/2015_UBCV_UBC-Vancouver-Transportation-Status-Report-Fall-2015.pdf,https://sustainoc.github.io/Docs/01_UBC-Vancouver/04_Transportation/2015_UBCV_UBC-Vancouver-Transportation-Status-Report-Fall-2015.pdf,https://planning.ubc.ca/sites/default/files/2019-11/REPORT_UBC_Transportation_2015.pdf,01_UBC-Vancouver/04_Transportation/2015_UBCV_UBC-Vancouver-Transportation-Status-Report-Fall-2015.pdf,2026-08-14,SKIPPED,"Transportation Status Report series, 2015.",Part of the Transportation Status Report time series. Multi-year trend data for benchmarking.
R0025,peers,Public (peer publication),Campus Urban Biodiversity Strategic CUBS Plan,UBC Vancouver,UBC Vancouver,Climate Risk and Resilience,Plans and strategies,Plan,Undated,file,True,False,Operations,Infrastructure (Energy/Water); UNSDG's,,False,Seen in search,https://sustainoc.github.io/Docs/01_UBC-Vancouver/11_Climate-Risk-and-Resilience/nd_UBCV_Campus-Urban-Biodiversity-Strategic-CUBS-Plan.pdf,https://sustainoc.github.io/Docs/01_UBC-Vancouver/11_Climate-Risk-and-Resilience/nd_UBCV_Campus-Urban-Biodiversity-Strategic-CUBS-Plan.pdf,https://sustain.ubc.ca/sites/default/files/SEEDS%20Uploads/Campus%20Urban%20Biodiversity%20Strategic%20(CUBS)%20Plan.pdf,01_UBC-Vancouver/11_Climate-Risk-and-Resilience/nd_UBCV_Campus-Urban-Biodiversity-Strategic-CUBS-Plan.pdf,2026-08-14,SKIPPED,Biodiversity strategy for a built urban campus landscape.,Urban-biodiversity target-setting in a non-wilderness campus context.
R0292,peers,Public (peer publication),Food Security Initiative Terms of Reference,UBC Vancouver,UBC Vancouver,Waste and Procurement,Policy and governance,Governance,Undated,link,False,False,Planning and Administration,Organizational Structure,,False,Landing page only,https://wellbeing.ubc.ca/FSITermsofReference,,https://wellbeing.ubc.ca/FSITermsofReference,,2026-08-18,LINK-SAVED,Governance charter for a cross-unit food security initiative.,ToR template for standing up a cross-departmental working group.
R0023,peers,Public (peer publication),Transforming Sustainability Education at UBC,UBC Vancouver,UBC Vancouver,Curriculum and Research,Plans and strategies,Framework,Undated,file,True,True,Academics,Curriculum,,False,Fetched,https://sustainoc.github.io/Docs/01_UBC-Vancouver/07_Curriculum-and-Research/nd_UBCV_Transforming-Sustainability-Education-at-UBC.pdf,https://sustainoc.github.io/Docs/01_UBC-Vancouver/07_Curriculum-and-Research/nd_UBCV_Transforming-Sustainability-Education-at-UBC.pdf,https://sustain.ubc.ca/sites/sustain.ubc.ca/files/uploads/images/teaching_learning/transforming-sustainability-education-at-ubc-desired-student-attributes-and-pathways-for-implementat.pdf,01_UBC-Vancouver/07_Curriculum-and-Research/nd_UBCV_Transforming-Sustainability-Education-at-UBC.pdf,2026-08-14,SKIPPED,Defines 4 graduate sustainability attributes and 3 curriculum pathway models.,Ready-made learning-outcomes taxonomy and pathway typology for OC's course-mapping exercise.
R0026,peers,Public (peer publication),UBC Biodiversity Annual Report,UBC Vancouver,UBC Vancouver,Climate Risk and Resilience,Reports and progress updates,Report,Undated,file,True,False,Operations; Engagement,Infrastructure (Energy/Water); Performance Measurement,,False,Seen in search,https://sustainoc.github.io/Docs/01_UBC-Vancouver/11_Climate-Risk-and-Resilience/nd_UBCV_UBC-Biodiversity-Annual-Report.pdf,https://sustainoc.github.io/Docs/01_UBC-Vancouver/11_Climate-Risk-and-Resilience/nd_UBCV_UBC-Biodiversity-Annual-Report.pdf,https://sustain.ubc.ca/sites/sustain.ubc.ca/files/SEEDS%20Uploads/UBC_BiodiversityAnnualReport_FINAL.pdf,01_UBC-Vancouver/11_Climate-Risk-and-Resilience/nd_UBCV_UBC-Biodiversity-Annual-Report.pdf,2026-08-14,SKIPPED,Annual monitoring of campus biodiversity indicators.,Biodiversity KPI set mapping to STARS biodiversity credits.
R0028,peers,Public (peer publication),UBC Food System Asset Map,UBC Vancouver,UBC Vancouver,Waste and Procurement,"Studies, surveys and data",Study,Undated,file,True,False,Operations; Engagement,UNSDG's,,False,Seen in search,https://sustainoc.github.io/Docs/01_UBC-Vancouver/06_Waste-and-Procurement/nd_UBCV_UBC-Food-System-Asset-Map.pdf,https://sustainoc.github.io/Docs/01_UBC-Vancouver/06_Waste-and-Procurement/nd_UBCV_UBC-Food-System-Asset-Map.pdf,https://sustain.ubc.ca/sites/default/files/seedslibrary/LFS%20450_Project_07_Food%20Asset%20Map_2ndSubmission_FinalReport.pdf,01_UBC-Vancouver/06_Waste-and-Procurement/nd_UBCV_UBC-Food-System-Asset-Map.pdf,2026-08-14,SKIPPED,Student mapping of campus food assets and food-security resources.,Food-asset-mapping method for a food-security baseline.
R0344,peers,Public (peer publication),UFV Office of Sustainability About Us org structure,UFV,UFV,Governance and Policy,Dashboards and tools,Web page,Current,link,False,True,Planning and Administration,Organizational Structure,,False,Fetched,https://www.ufv.ca/sustainable-ufv/commitment/about-us/,,https://www.ufv.ca/sustainable-ufv/commitment/about-us/,,2026-08-18,LINK-SAVED,"Standalone department since Spring 2021 with 11 listed people: director, sustainability manager, energy manager, two coordinators, an energy coordinator and five assistant/co-op/work-study roles.",A direct staffing-model comparator for right-sizing OC's own office.
R0340,peers,Public (peer publication),UFV STARS Report v3.0 Gold 69.12,UFV,UFV,STARS,STARS,STARS,2026,link,False,True,,,,True,Fetched,https://reports.aashe.org/institutions/university-of-the-fraser-valley-bc/report/2026-04-21/,,https://reports.aashe.org/institutions/university-of-the-fraser-valley-bc/report/2026-04-21/,,2026-08-18,LINK-SAVED,"69.12/100, Gold, valid to June 2029. Academics 47.95/60, Engagement 31.75/50, Operations 47.28/85, Planning & Admin 27.52/43, Innovation 10/10.","The most recent Gold-level STARS v3.0 report in BC and the nearest same-version comparator, since OC is targeting 3.0.1. Several credit pages are viewable without login."
R0111,peers,Public (peer publication),UFV Sustainability Policy Policy 244,UFV,UFV,Governance and Policy,Policy and governance,Policy,Current,file,True,False,Planning and Administration,Policy / Planning,,False,Seen in search,https://sustainoc.github.io/Docs2/06_UFV/08_Governance-and-Policy/nd_UFV_UFV-Sustainability-Policy-Policy-244.pdf,https://sustainoc.github.io/Docs2/06_UFV/08_Governance-and-Policy/nd_UFV_UFV-Sustainability-Policy-Policy-244.pdf,https://www.ufv.ca/media/assets/secretariat/policies/Sustainability-(244).pdf,06_UFV/08_Governance-and-Policy/nd_UFV_UFV-Sustainability-Policy-Policy-244.pdf,2026-08-14,SKIPPED,Formal board-level sustainability policy.,Ready governance-policy template for OC's own board-level policy.
R0342,peers,Public (peer publication),UFV and the 17 SDGs SDG Aligned Courses tool,UFV,UFV,Curriculum and Research,Dashboards and tools,Web tool,Ongoing,link,False,True,Academics; Operations,Curriculum; UNSDG's,,False,Fetched,https://www.ufv.ca/sustainable-ufv/sustainability-initiatives/ufv-and-the-17-sdgs/,,https://www.ufv.ca/sustainable-ufv/sustainability-initiatives/ufv-and-the-17-sdgs/,,2026-08-18,LINK-SAVED,Searchable public table of UFV courses mapped to specific SDGs.,A directly reusable UX pattern. A searchable SDG-tagged course table is exactly the kind of interactive tool this project favours.
R0343,peers,Public (peer publication),Xwexwilmexwawt UFV Strategic Indigenization Plan,UFV,UFV,Indigenous and Engagement,Plans and strategies,Plan,Current,link,False,True,,,Indigenous relationality,False,Landing page only,https://www.ufv.ca/indigenous/indigenization/strategic-plan/,,https://www.ufv.ca/indigenous/indigenization/strategic-plan/,,2026-08-18,LINK-SAVED,Institution-wide Indigenization strategy governed by a Senate Indigenization Committee.,"The most relevant document type in this scan for OC's Layer 0 territory and relational grounding. No PDF located, so worth a direct request."
R0112,peers,Public (peer publication),Climate Change Accountability Report 2025,UFV,UFV,Climate and GHG Reporting,Statutory and climate reporting,Statutory report,2025,file,True,False,Operations,Carbon Zero; Infrastructure (Energy/Water),,False,Fetched,https://sustainoc.github.io/Docs2/06_UFV/02_Climate-and-GHG-Reporting/2025_UFV_Climate-Change-Accountability-Report-2025.pdf,https://sustainoc.github.io/Docs2/06_UFV/02_Climate-and-GHG-Reporting/2025_UFV_Climate-Change-Accountability-Report-2025.pdf,https://www.ufv.ca/media/assets/office-of-sustainability/2025-UFV-Climate-Change-Accountability-Report.pdf,06_UFV/02_Climate-and-GHG-Reporting/2025_UFV_Climate-Change-Accountability-Report-2025.pdf,2026-08-14,SKIPPED,"3,037 tCO2e total: natural gas 66%, a temporary emergency generator 20% (Aug 2025 electrical-room fire), fleet 0.5%, paper 0.91%. 2,956 tCO2e retired at $25/t = $77,595.",How to narrate a one-off emissions spike transparently in a CNAR. A useful precedent for OC's own anomaly disclosures.
R0117,peers,Public (peer publication),Institutional Accountability Plan and Report 202425,UFV,UFV,Plans and Strategies,Statutory and climate reporting,Accountability report,2025,file,True,False,Engagement,Performance Measurement,,False,Seen in search,https://sustainoc.github.io/Docs2/06_UFV/01_Plans-and-Strategies/2025_UFV_Institutional-Accountability-Plan-and-Report-202425.pdf,https://sustainoc.github.io/Docs2/06_UFV/01_Plans-and-Strategies/2025_UFV_Institutional-Accountability-Plan-and-Report-202425.pdf,https://www.ufv.ca/media/assets/institutional-research/accountabilityreport/UFV-IAPR-2024-25-2025-07-10.pdf,06_UFV/01_Plans-and-Strategies/2025_UFV_Institutional-Accountability-Plan-and-Report-202425.pdf,2026-08-14,SKIPPED,"Government-mandated institutional accountability report, broader than sustainability but including relevant metrics.",How to nest sustainability KPIs inside a mandatory provincial accountability report.
R0113,peers,Public (peer publication),Strategic Energy Management Plan Report 202425,UFV,UFV,Energy and Buildings,Reports and progress updates,Report,2025,file,True,False,Operations,Infrastructure (Energy/Water),,False,Seen in search,https://sustainoc.github.io/Docs2/06_UFV/05_Energy-and-Buildings/2025_UFV_Strategic-Energy-Management-Plan-Report-202425.pdf,https://sustainoc.github.io/Docs2/06_UFV/05_Energy-and-Buildings/2025_UFV_Strategic-Energy-Management-Plan-Report-202425.pdf,https://www.ufv.ca/media/assets/office-of-sustainability/SEMP-Report-2024-2025.pdf,06_UFV/05_Energy-and-Buildings/2025_UFV_Strategic-Energy-Management-Plan-Report-202425.pdf,2026-08-14,SKIPPED,BC Hydro SEMP program annual report.,Same BC Hydro program as TRU's. A comparator pair for OC's own SEMP filing.
R0116,peers,Public (peer publication),Chilliwack Campus Plan,UFV,UFV,Campus Master Plans,Plans and strategies,Master plan,2024,file,True,False,Operations,Infrastructure (Energy/Water),,False,Seen in search,https://sustainoc.github.io/Docs2/06_UFV/10_Campus-Master-Plans/2024_UFV_Chilliwack-Campus-Plan.pdf,https://sustainoc.github.io/Docs2/06_UFV/10_Campus-Master-Plans/2024_UFV_Chilliwack-Campus-Plan.pdf,https://chilliwack.campuscommunities.ca/wp-content/uploads/2024/07/UFV-CCP-20240614-compressed.pdf,06_UFV/10_Campus-Master-Plans/2024_UFV_Chilliwack-Campus-Plan.pdf,2026-08-14,SKIPPED,Newer plan for UFV's smaller campus.,"How a satellite campus plan is scoped differently from the flagship. Relevant to Vernon, Salmon Arm and Penticton."
R0339,peers,Public (peer publication),Energy and Climate Resilience Pathway Plan in development,UFV,UFV,Climate Risk and Resilience,Plans and strategies,Plan (in progress),2024 target,link,False,True,Operations,Infrastructure (Energy/Water),Climate Resilience,False,Fetched,https://www.ufv.ca/sustainable-ufv/commitment/plans-policies-reports/climate-resilience-pathway/,,https://www.ufv.ca/sustainable-ufv/commitment/plans-policies-reports/climate-resilience-pathway/,,2026-08-18,LINK-SAVED,"Three-phase method: energy/emissions audits plus climate-vulnerability screening, then a resilience/risk assessment, then stakeholder-engaged pathways modelling. Covers two campuses.",The clearest exportable climate-resilience methodology found in this whole scan. Directly usable for OC's cross-cutting resilience workstream.
R0212,peers,Public (peer publication),UFV Climate Change Accountability Report 2024,UFV,UFV,Climate and GHG Reporting,Statutory and climate reporting,CCAR,2024,file,True,False,,,,False,Link seen on index page,https://sustainoc.github.io/Docs2/06_UFV/02_Climate-and-GHG-Reporting/2024_UFV_UFV-Climate-Change-Accountability-Report-2024.pdf,https://sustainoc.github.io/Docs2/06_UFV/02_Climate-and-GHG-Reporting/2024_UFV_UFV-Climate-Change-Accountability-Report-2024.pdf,https://www.ufv.ca/media/assets/office-of-sustainability/2024-CCAR-Final-signed.pdf,06_UFV/02_Climate-and-GHG-Reporting/2024_UFV_UFV-Climate-Change-Accountability-Report-2024.pdf,2026-08-14,SKIPPED,"CCAR series, 2024.",Part of the CCAR time series. Multi-year trend data for benchmarking.
R0338,peers,Public (peer publication),Sustainability Action Pathway in development,UFV,UFV,Plans and Strategies,Plans and strategies,Plan (in progress),2023-ongoing,link,False,True,Planning and Administration; Operations,Policy / Planning; UNSDG's,Indigenous relationality,False,Fetched,https://www.ufv.ca/sustainable-ufv/commitment/plans-policies-reports/sustainability-action-pathway/,,https://www.ufv.ca/sustainable-ufv/commitment/plans-policies-reports/sustainability-action-pathway/,,2026-08-18,LINK-SAVED,"Being co-developed with consultancy SSG, explicitly folding SDGs, EDI and Indigenization alongside operations, academics and research. Will include an action catalogue, implementation framework and KPIs.","A live comparator process OC can shadow in real time, since both plans are being built in the same period."
R0213,peers,Public (peer publication),UFV Climate Change Accountability Report 2023,UFV,UFV,Climate and GHG Reporting,Statutory and climate reporting,CCAR,2023,file,True,False,,,,False,Link seen on index page,https://sustainoc.github.io/Docs2/06_UFV/02_Climate-and-GHG-Reporting/2023_UFV_UFV-Climate-Change-Accountability-Report-2023.pdf,https://sustainoc.github.io/Docs2/06_UFV/02_Climate-and-GHG-Reporting/2023_UFV_UFV-Climate-Change-Accountability-Report-2023.pdf,https://www.ufv.ca/media/assets/office-of-sustainability/2023-UFV-CCAR.pdf,06_UFV/02_Climate-and-GHG-Reporting/2023_UFV_UFV-Climate-Change-Accountability-Report-2023.pdf,2026-08-14,SKIPPED,"CCAR series, 2023.",Part of the CCAR time series. Multi-year trend data for benchmarking.
R0341,peers,Public (peer publication),UFV STARS Report v2.2 Silver,UFV,UFV,STARS,STARS,STARS,2023,link,False,False,,,,True,Verified,https://reports.aashe.org/institutions/university-of-the-fraser-valley-bc/report/2023-01-31/,,https://reports.aashe.org/institutions/university-of-the-fraser-valley-bc/report/2023-01-31/,,2026-08-18,LINK-SAVED,"Silver, expired. One full tier below the 2026 Gold result.",Silver to Gold in about three years. A realistic pacing benchmark for OC.
R0114,peers,Public (peer publication),Transportation Demand Management TDM Report,UFV,UFV,Transportation,"Studies, surveys and data",Study,2022,file,True,True,Operations,Transportation,,False,Fetched,https://sustainoc.github.io/Docs2/06_UFV/04_Transportation/2022_UFV_Transportation-Demand-Management-TDM-Report.pdf,https://sustainoc.github.io/Docs2/06_UFV/04_Transportation/2022_UFV_Transportation-Demand-Management-TDM-Report.pdf,https://www.ufv.ca/media/assets/centre-for-environmental-sustainability/2022_UFV_TDM.pdf,06_UFV/04_Transportation/2022_UFV_Transportation-Demand-Management-TDM-Report.pdf,2026-08-14,SKIPPED,Multi-campus (Abbotsford and Chilliwack) commuting and TDM analysis.,Directly comparable multi-campus TDM methodology to what OC needs across four campuses.
R0214,peers,Public (peer publication),UFV Climate Change Accountability Report 2022,UFV,UFV,Climate and GHG Reporting,Statutory and climate reporting,CCAR,2022,file,True,False,,,,False,Link seen on index page,https://sustainoc.github.io/Docs2/06_UFV/02_Climate-and-GHG-Reporting/2022_UFV_UFV-Climate-Change-Accountability-Report-2022.pdf,https://sustainoc.github.io/Docs2/06_UFV/02_Climate-and-GHG-Reporting/2022_UFV_UFV-Climate-Change-Accountability-Report-2022.pdf,https://www.ufv.ca/media/assets/office-of-sustainability/2022-2023-UFV-CCAR.pdf,06_UFV/02_Climate-and-GHG-Reporting/2022_UFV_UFV-Climate-Change-Accountability-Report-2022.pdf,2026-08-14,SKIPPED,"CCAR series, 2022.",Part of the CCAR time series. Multi-year trend data for benchmarking.
R0215,peers,Public (peer publication),UFV Climate Change Accountability Report 2021,UFV,UFV,Climate and GHG Reporting,Statutory and climate reporting,CCAR,2021,file,True,False,,,,False,Link seen on index page,https://sustainoc.github.io/Docs2/06_UFV/02_Climate-and-GHG-Reporting/2021_UFV_UFV-Climate-Change-Accountability-Report-2021.pdf,https://sustainoc.github.io/Docs2/06_UFV/02_Climate-and-GHG-Reporting/2021_UFV_UFV-Climate-Change-Accountability-Report-2021.pdf,https://www.ufv.ca/media/assets/office-of-sustainability/2021-UFV-CCAR.pdf,06_UFV/02_Climate-and-GHG-Reporting/2021_UFV_UFV-Climate-Change-Accountability-Report-2021.pdf,2026-08-14,SKIPPED,"CCAR series, 2021.",Part of the CCAR time series. Multi-year trend data for benchmarking.
R0216,peers,Public (peer publication),UFV Climate Change Accountability Report 2020,UFV,UFV,Climate and GHG Reporting,Statutory and climate reporting,CCAR,2020,file,True,False,,,,False,Link seen on index page,https://sustainoc.github.io/Docs2/06_UFV/02_Climate-and-GHG-Reporting/2020_UFV_UFV-Climate-Change-Accountability-Report-2020.pdf,https://sustainoc.github.io/Docs2/06_UFV/02_Climate-and-GHG-Reporting/2020_UFV_UFV-Climate-Change-Accountability-Report-2020.pdf,https://www.ufv.ca/media/assets/office-of-sustainability/UFV-CCAR-2020.pdf,06_UFV/02_Climate-and-GHG-Reporting/2020_UFV_UFV-Climate-Change-Accountability-Report-2020.pdf,2026-08-14,SKIPPED,"CCAR series, 2020.",Part of the CCAR time series. Multi-year trend data for benchmarking.
R0224,peers,Public (peer publication),UFV Report on Sustainability 2020 2021,UFV,UFV,Plans and Strategies,Reports and progress updates,Report on Sustainability,2020,file,True,False,,,,False,Link seen on index page,https://sustainoc.github.io/Docs2/06_UFV/01_Plans-and-Strategies/2020_UFV_UFV-Report-on-Sustainability-2020-2021.pdf,https://sustainoc.github.io/Docs2/06_UFV/01_Plans-and-Strategies/2020_UFV_UFV-Report-on-Sustainability-2020-2021.pdf,https://www.ufv.ca/media/assets/centre-for-environmental-sustainability/UFV--2020-21-Sustainability-Report.pdf,06_UFV/01_Plans-and-Strategies/2020_UFV_UFV-Report-on-Sustainability-2020-2021.pdf,2026-08-14,SKIPPED,"Report on Sustainability series, 2020.",Part of the Report on Sustainability time series. Multi-year trend data for benchmarking.
R0225,peers,Public (peer publication),UFV Report on Sustainability 2019 2020,UFV,UFV,Plans and Strategies,Reports and progress updates,Report on Sustainability,2019,file,True,False,,,,False,Link seen on index page,https://sustainoc.github.io/Docs2/06_UFV/01_Plans-and-Strategies/2019_UFV_UFV-Report-on-Sustainability-2019-2020.pdf,https://sustainoc.github.io/Docs2/06_UFV/01_Plans-and-Strategies/2019_UFV_UFV-Report-on-Sustainability-2019-2020.pdf,https://www.ufv.ca/media/assets/centre-for-environmental-sustainability/Report-on-Environmental-Sustainability-2019-2020.pdf,06_UFV/01_Plans-and-Strategies/2019_UFV_UFV-Report-on-Sustainability-2019-2020.pdf,2026-08-14,SKIPPED,"Report on Sustainability series, 2019.",Part of the Report on Sustainability time series. Multi-year trend data for benchmarking.
R0217,peers,Public (peer publication),UFV Carbon Neutral Action Report 2018,UFV,UFV,Climate and GHG Reporting,Statutory and climate reporting,CNAR,2018,file,True,False,,,,False,Link seen on index page,https://sustainoc.github.io/Docs2/06_UFV/02_Climate-and-GHG-Reporting/2018_UFV_UFV-Carbon-Neutral-Action-Report-2018.pdf,https://sustainoc.github.io/Docs2/06_UFV/02_Climate-and-GHG-Reporting/2018_UFV_UFV-Carbon-Neutral-Action-Report-2018.pdf,https://www.ufv.ca/media/assets/energy-management/energy-management/UFV-CNAR-2018.pdf,06_UFV/02_Climate-and-GHG-Reporting/2018_UFV_UFV-Carbon-Neutral-Action-Report-2018.pdf,2026-08-14,SKIPPED,"CNAR series, 2018.",Part of the CNAR time series. Multi-year trend data for benchmarking.
R0226,peers,Public (peer publication),UFV Report on Sustainability 2018 2019,UFV,UFV,Plans and Strategies,Reports and progress updates,Report on Sustainability,2018,file,True,False,,,,False,Link seen on index page,https://sustainoc.github.io/Docs2/06_UFV/01_Plans-and-Strategies/2018_UFV_UFV-Report-on-Sustainability-2018-2019.pdf,https://sustainoc.github.io/Docs2/06_UFV/01_Plans-and-Strategies/2018_UFV_UFV-Report-on-Sustainability-2018-2019.pdf,https://www.ufv.ca/media/assets/centre-for-environmental-sustainability/Report-on-Environmental-Sustainability-2018-2019.pdf,06_UFV/01_Plans-and-Strategies/2018_UFV_UFV-Report-on-Sustainability-2018-2019.pdf,2026-08-14,SKIPPED,"Report on Sustainability series, 2018.",Part of the Report on Sustainability time series. Multi-year trend data for benchmarking.
R0221,peers,Public (peer publication),UFV Strategic Energy Management Plan Report 2018 2019,UFV,UFV,Energy and Buildings,Plans and strategies,SEMP,2018,file,True,False,,,,False,Link seen on index page,https://sustainoc.github.io/Docs2/06_UFV/05_Energy-and-Buildings/2018_UFV_UFV-Strategic-Energy-Management-Plan-Report-2018-2019.pdf,https://sustainoc.github.io/Docs2/06_UFV/05_Energy-and-Buildings/2018_UFV_UFV-Strategic-Energy-Management-Plan-Report-2018-2019.pdf,https://www.ufv.ca/media/assets/energy-management/energy-management/UFV-SEMP-2018-2019.pdf,06_UFV/05_Energy-and-Buildings/2018_UFV_UFV-Strategic-Energy-Management-Plan-Report-2018-2019.pdf,2026-08-14,SKIPPED,"SEMP series, 2018.",Part of the SEMP time series. Multi-year trend data for benchmarking.
R0229,peers,Public (peer publication),UFV Waste Audit 2018,UFV,UFV,Waste and Procurement,Audits and assessments,Waste Audit,2018,file,True,False,,,,False,Link seen on index page,https://sustainoc.github.io/Docs2/06_UFV/06_Waste-and-Procurement/2018_UFV_UFV-Waste-Audit-2018.pdf,https://sustainoc.github.io/Docs2/06_UFV/06_Waste-and-Procurement/2018_UFV_UFV-Waste-Audit-2018.pdf,https://www.ufv.ca/media/assets/centre-for-environmental-sustainability/2018-Waste-Audit.pdf,06_UFV/06_Waste-and-Procurement/2018_UFV_UFV-Waste-Audit-2018.pdf,2026-08-14,SKIPPED,"Waste Audit series, 2018.",Part of the Waste Audit time series. Multi-year trend data for benchmarking.
R0218,peers,Public (peer publication),UFV Carbon Neutral Action Report 2017,UFV,UFV,Climate and GHG Reporting,Statutory and climate reporting,CNAR,2017,file,True,False,,,,False,Link seen on index page,https://sustainoc.github.io/Docs2/06_UFV/02_Climate-and-GHG-Reporting/2017_UFV_UFV-Carbon-Neutral-Action-Report-2017.pdf,https://sustainoc.github.io/Docs2/06_UFV/02_Climate-and-GHG-Reporting/2017_UFV_UFV-Carbon-Neutral-Action-Report-2017.pdf,https://www.ufv.ca/media/assets/energy-management/energy-management/UFV_CNAR_2017.pdf,06_UFV/02_Climate-and-GHG-Reporting/2017_UFV_UFV-Carbon-Neutral-Action-Report-2017.pdf,2026-08-14,SKIPPED,"CNAR series, 2017.",Part of the CNAR time series. Multi-year trend data for benchmarking.
R0227,peers,Public (peer publication),UFV Report on Sustainability 2017 2018,UFV,UFV,Plans and Strategies,Reports and progress updates,Report on Sustainability,2017,file,True,False,,,,False,Link seen on index page,https://sustainoc.github.io/Docs2/06_UFV/01_Plans-and-Strategies/2017_UFV_UFV-Report-on-Sustainability-2017-2018.pdf,https://sustainoc.github.io/Docs2/06_UFV/01_Plans-and-Strategies/2017_UFV_UFV-Report-on-Sustainability-2017-2018.pdf,https://www.ufv.ca/media/assets/centre-for-environmental-sustainability/Report-on-Sustainability-2017-2018.pdf,06_UFV/01_Plans-and-Strategies/2017_UFV_UFV-Report-on-Sustainability-2017-2018.pdf,2026-08-14,SKIPPED,"Report on Sustainability series, 2017.",Part of the Report on Sustainability time series. Multi-year trend data for benchmarking.
R0222,peers,Public (peer publication),UFV Strategic Energy Management Plan Report 2017 2018,UFV,UFV,Energy and Buildings,Plans and strategies,SEMP,2017,file,True,False,,,,False,Link seen on index page,https://sustainoc.github.io/Docs2/06_UFV/05_Energy-and-Buildings/2017_UFV_UFV-Strategic-Energy-Management-Plan-Report-2017-2018.pdf,https://sustainoc.github.io/Docs2/06_UFV/05_Energy-and-Buildings/2017_UFV_UFV-Strategic-Energy-Management-Plan-Report-2017-2018.pdf,https://www.ufv.ca/media/assets/energy-management/energy-management/UFV-SEMP-2017-2018.pdf,06_UFV/05_Energy-and-Buildings/2017_UFV_UFV-Strategic-Energy-Management-Plan-Report-2017-2018.pdf,2026-08-14,SKIPPED,"SEMP series, 2017.",Part of the SEMP time series. Multi-year trend data for benchmarking.
R0230,peers,Public (peer publication),UFV Waste Audit 2017 Garbage on the Green,UFV,UFV,Waste and Procurement,Audits and assessments,Waste Audit,2017,file,True,False,,,,False,Link seen on index page,https://sustainoc.github.io/Docs2/06_UFV/06_Waste-and-Procurement/2017_UFV_UFV-Waste-Audit-2017-Garbage-on-the-Green.pdf,https://sustainoc.github.io/Docs2/06_UFV/06_Waste-and-Procurement/2017_UFV_UFV-Waste-Audit-2017-Garbage-on-the-Green.pdf,https://www.ufv.ca/media/assets/centre-for-environmental-sustainability/Garbage-on-the-Green-2017-Report.pdf,06_UFV/06_Waste-and-Procurement/2017_UFV_UFV-Waste-Audit-2017-Garbage-on-the-Green.pdf,2026-08-14,SKIPPED,"Waste Audit series, 2017.",Part of the Waste Audit time series. Multi-year trend data for benchmarking.
R0115,peers,Public (peer publication),Abbotsford Campus Master Plan,UFV,UFV,Campus Master Plans,Plans and strategies,Master plan,2016,file,True,False,Operations,Infrastructure (Energy/Water),,False,Seen in search,https://sustainoc.github.io/Docs2/06_UFV/10_Campus-Master-Plans/2016_UFV_Abbotsford-Campus-Master-Plan.pdf,https://sustainoc.github.io/Docs2/06_UFV/10_Campus-Master-Plans/2016_UFV_Abbotsford-Campus-Master-Plan.pdf,https://www.ufv.ca/media/assets/campus-planning/pdfs/UFV-CMP-20160422_Reduced.pdf,06_UFV/10_Campus-Master-Plans/2016_UFV_Abbotsford-Campus-Master-Plan.pdf,2026-08-14,SKIPPED,Full Abbotsford campus master plan.,Multi-campus master-plan comparator.
R0219,peers,Public (peer publication),UFV Carbon Neutral Action Report 2016,UFV,UFV,Climate and GHG Reporting,Statutory and climate reporting,CNAR,2016,file,True,False,,,,False,Link seen on index page,https://sustainoc.github.io/Docs2/06_UFV/02_Climate-and-GHG-Reporting/2016_UFV_UFV-Carbon-Neutral-Action-Report-2016.pdf,https://sustainoc.github.io/Docs2/06_UFV/02_Climate-and-GHG-Reporting/2016_UFV_UFV-Carbon-Neutral-Action-Report-2016.pdf,https://www.ufv.ca/media/assets/energy-management/energy-management/UFV-CNAR-2016.pdf,06_UFV/02_Climate-and-GHG-Reporting/2016_UFV_UFV-Carbon-Neutral-Action-Report-2016.pdf,2026-08-14,SKIPPED,"CNAR series, 2016.",Part of the CNAR time series. Multi-year trend data for benchmarking.
R0228,peers,Public (peer publication),UFV Report on Sustainability 2016 2017,UFV,UFV,Plans and Strategies,Reports and progress updates,Report on Sustainability,2016,file,True,False,,,,False,Link seen on index page,https://sustainoc.github.io/Docs2/06_UFV/01_Plans-and-Strategies/2016_UFV_UFV-Report-on-Sustainability-2016-2017.pdf,https://sustainoc.github.io/Docs2/06_UFV/01_Plans-and-Strategies/2016_UFV_UFV-Report-on-Sustainability-2016-2017.pdf,https://www.ufv.ca/media/assets/centre-for-environmental-sustainability/Report-on-Sustainability-2016-2017.pdf,06_UFV/01_Plans-and-Strategies/2016_UFV_UFV-Report-on-Sustainability-2016-2017.pdf,2026-08-14,SKIPPED,"Report on Sustainability series, 2016.",Part of the Report on Sustainability time series. Multi-year trend data for benchmarking.
R0223,peers,Public (peer publication),UFV Strategic Energy Management Plan Report 2016 2017,UFV,UFV,Energy and Buildings,Plans and strategies,SEMP,2016,file,True,False,,,,False,Link seen on index page,https://sustainoc.github.io/Docs2/06_UFV/05_Energy-and-Buildings/2016_UFV_UFV-Strategic-Energy-Management-Plan-Report-2016-2017.pdf,https://sustainoc.github.io/Docs2/06_UFV/05_Energy-and-Buildings/2016_UFV_UFV-Strategic-Energy-Management-Plan-Report-2016-2017.pdf,https://www.ufv.ca/media/assets/energy-management/energy-management/UFV-SEMP-2016-2017.pdf,06_UFV/05_Energy-and-Buildings/2016_UFV_UFV-Strategic-Energy-Management-Plan-Report-2016-2017.pdf,2026-08-14,SKIPPED,"SEMP series, 2016.",Part of the SEMP time series. Multi-year trend data for benchmarking.
R0220,peers,Public (peer publication),UFV Carbon Neutral Action Report 2015,UFV,UFV,Climate and GHG Reporting,Statutory and climate reporting,CNAR,2015,file,True,False,,,,False,Link seen on index page,https://sustainoc.github.io/Docs2/06_UFV/02_Climate-and-GHG-Reporting/2015_UFV_UFV-Carbon-Neutral-Action-Report-2015.pdf,https://sustainoc.github.io/Docs2/06_UFV/02_Climate-and-GHG-Reporting/2015_UFV_UFV-Carbon-Neutral-Action-Report-2015.pdf,https://www.ufv.ca/media/assets/energy-management/energy-management/UFV-CNAR-2015-FINAL.pdf,06_UFV/02_Climate-and-GHG-Reporting/2015_UFV_UFV-Carbon-Neutral-Action-Report-2015.pdf,2026-08-14,SKIPPED,"CNAR series, 2015.",Part of the CNAR time series. Multi-year trend data for benchmarking.
R0304,peers,Public (peer publication),District Energy Plant DEP Electrification Project,UVic,UVic,Energy and Buildings,Projects and announcements,Project,Current,link,False,False,Operations,Infrastructure (Energy/Water); Carbon Zero,,False,Seen in search,https://www.uvic.ca/campusplanning/current-projects/dep-electrification-project/index.php,,https://www.uvic.ca/campusplanning/current-projects/dep-electrification-project/index.php,,2026-08-18,LINK-SAVED,Central biomass and district energy plant plus its electrification retrofit toward net zero by 2040.,In-progress CAPEX case study for decarbonizing a legacy central plant.
R0302,peers,Public (peer publication),Sustainability Advisory Committee mandate,UVic,UVic,Governance and Policy,Policy and governance,Governance,Current,link,False,False,Planning and Administration,Organizational Structure,,False,Fetched,https://www.uvic.ca/campusplanning/about/committees/sustainabilityadvisorycommittee/index.php,,https://www.uvic.ca/campusplanning/about/committees/sustainabilityadvisorycommittee/index.php,,2026-08-18,LINK-SAVED,"Cross-campus committee of admin, staff, students and faculty supporting plan implementation.",Membership model for OC's own sustainability governance body.
R0299,peers,Public (peer publication),Sustainable Procurement Initiative,UVic,UVic,Waste and Procurement,Curriculum and programs,Program,Current,link,False,True,Operations,Supply Chain,,False,Fetched,https://www.uvic.ca/purchasing/vendors/sustainableprocurement/index.php,,https://www.uvic.ca/purchasing/vendors/sustainableprocurement/index.php,,2026-08-18,LINK-SAVED,Three-part program: Supplier Code of Conduct + EcoVadis third-party ESG auditing + supplier selection. UVic states it is the first Canadian university to partner with EcoVadis.,"A reusable 3-part supply-chain governance model, including a scored third-party audit tool ahead of Bill S-211 compliance."
R0303,peers,Public (peer publication),UN Sustainable Development Goals at UVic,UVic,UVic,Plans and Strategies,Dashboards and tools,Web page,Current,link,False,False,Operations,UNSDG's,,False,Seen in search,https://www.uvic.ca/about-uvic/un-sdg-uvic/index.php,,https://www.uvic.ca/about-uvic/un-sdg-uvic/index.php,,2026-08-18,LINK-SAVED,"Maps academic, research and operational activity to the UN SDGs.",A working SDG-mapping page OC could mirror to close its 'no UNSDG assessment undertaken' baseline gap cheaply.
R0300,peers,Public (peer publication),UVic Foundation Responsible Investment program page,UVic,UVic,Governance and Policy,Dashboards and tools,Web page,Current,link,False,False,Planning and Administration,Investment,,False,Fetched,https://www.uvic.ca/uvic-foundation/responsible-investment/index.php,,https://www.uvic.ca/uvic-foundation/responsible-investment/index.php,,2026-08-18,LINK-SAVED,References a 2022 Responsible Investment Report with decarbonization progress.,Separate investment vs operations climate reporting as a governance pattern.
R0065,peers,Public (peer publication),Climate Change Accountability Report CCAR 2025,UVic,UVic,Climate and GHG Reporting,Statutory and climate reporting,Statutory report,2025,file,True,False,Operations; Engagement,Carbon Zero; Performance Measurement,,False,Seen in search,https://sustainoc.github.io/Docs2/03_UVic/02_Climate-and-GHG-Reporting/2025_UVic_Climate-Change-Accountability-Report-CCAR-2025.pdf,https://sustainoc.github.io/Docs2/03_UVic/02_Climate-and-GHG-Reporting/2025_UVic_Climate-Change-Accountability-Report-CCAR-2025.pdf,https://www.uvic.ca/sustainability/assets/docs/reports/ccar25.pdf,03_UVic/02_Climate-and-GHG-Reporting/2025_UVic_Climate-Change-Accountability-Report-CCAR-2025.pdf,2026-08-14,SKIPPED,Newest BC public-sector climate accountability filing.,Current BC PSO template OC is required to match.
R0066,peers,Public (peer publication),Climate Change Accountability Report CCAR 2024,UVic,UVic,Climate and GHG Reporting,Statutory and climate reporting,Statutory report,2024,file,True,False,Operations,Carbon Zero,,False,Seen in search,https://sustainoc.github.io/Docs2/03_UVic/02_Climate-and-GHG-Reporting/2024_UVic_Climate-Change-Accountability-Report-CCAR-2024.pdf,https://sustainoc.github.io/Docs2/03_UVic/02_Climate-and-GHG-Reporting/2024_UVic_Climate-Change-Accountability-Report-CCAR-2024.pdf,https://www.uvic.ca/sustainability/assets/docs/ccar24.pdf,03_UVic/02_Climate-and-GHG-Reporting/2024_UVic_Climate-Change-Accountability-Report-CCAR-2024.pdf,2026-08-14,SKIPPED,"Annual GHG inventory, offsets and actions under the Climate Change Accountability Act.",Directly comparable BC PSO peer report for benchmarking OC's figures.
R0305,peers,Public (peer publication),AASHE STARS Report UVic Platinum 85.74,UVic,UVic,STARS,STARS,STARS,2023,link,False,True,,,,True,Fetched,https://reports.aashe.org/institutions/university-of-victoria-bc/report/2023-12-13/,,https://reports.aashe.org/institutions/university-of-victoria-bc/report/2023-12-13/,,2026-08-18,LINK-SAVED,"Platinum, 85.74/100, valid to Mar 2027. Academics 53.50/58, Engagement 36.33/41, Operations 47.47/70, Planning & Admin 27.53/33, Innovation 4/4.",A Platinum-level scoring bar per STARS category. Note Operations is the weakest category even at Platinum (68% of points) - a realistic expectation-setter for OC.
R0059,peers,Public (peer publication),CSAP 2030 Actions,UVic,UVic,Plans and Strategies,Plans and strategies,Plan annex,2023,file,True,False,,,,True,Fetched,https://sustainoc.github.io/Docs2/03_UVic/01_Plans-and-Strategies/2023_UVic_CSAP-2030-Actions.pdf,https://sustainoc.github.io/Docs2/03_UVic/01_Plans-and-Strategies/2023_UVic_CSAP-2030-Actions.pdf,https://www.uvic.ca/_assets/docs/csap2030-actions.pdf,03_UVic/01_Plans-and-Strategies/2023_UVic_CSAP-2030-Actions.pdf,2026-08-14,SKIPPED,"Detailed action list under each pillar, e.g. transitioning Gordon Head off fossil-fuel heating by 2040. Already in OC's project files.","Template for translating pillars into discrete, owned action items with target years."
R0298,peers,Public (peer publication),CSAP 2030 Actions interactive web page,UVic,UVic,Plans and Strategies,Dashboards and tools,Web tool,2023-ongoing,link,False,False,Engagement,Communications,,False,Fetched,https://www.uvic.ca/about-uvic/climate-sustainability-plan/csap-actions.php,,https://www.uvic.ca/about-uvic/climate-sustainability-plan/csap-actions.php,,2026-08-18,LINK-SAVED,"Web-native breakdown of the 4 pillars and goals with example actions. No PDF, no dashboard.",Low-cost pattern for publishing a living action tracker without building a full dashboard.
R0068,peers,Public (peer publication),Campus Traffic Survey 2023 Final Report,UVic,UVic,Transportation,"Studies, surveys and data",Survey,2023,file,True,True,Operations,Transportation,,False,Fetched,https://sustainoc.github.io/Docs2/03_UVic/04_Transportation/2023_UVic_Campus-Traffic-Survey-2023-Final-Report.pdf,https://sustainoc.github.io/Docs2/03_UVic/04_Transportation/2023_UVic_Campus-Traffic-Survey-2023-Final-Report.pdf,https://www.uvic.ca/campusplanning/assets/blocks/content/accordions/20240403_uvictrafficsurvey_2023report_final1.pdf,03_UVic/04_Transportation/2023_UVic_Campus-Traffic-Survey-2023-Final-Report.pdf,2026-08-14,SKIPPED,"46% drive-alone, 26% transit, 7% cycling, 14% walking, 54% sustainable mode share. Method combines Miovision counts, ATRs, video occupancy counts and BC Transit APC data.",A validated multi-source mode-share methodology and a trend table format OC could replicate across four campuses.
R0067,peers,Public (peer publication),Climate Change Accountability Report CCAR 2023,UVic,UVic,Climate and GHG Reporting,Statutory and climate reporting,Statutory report,2023,file,True,False,Operations,Carbon Zero,,False,Fetched,https://sustainoc.github.io/Docs2/03_UVic/02_Climate-and-GHG-Reporting/2023_UVic_Climate-Change-Accountability-Report-CCAR-2023.pdf,https://sustainoc.github.io/Docs2/03_UVic/02_Climate-and-GHG-Reporting/2023_UVic_Climate-Change-Accountability-Report-CCAR-2023.pdf,https://www.uvic.ca/sustainability/assets/docs/cnar23.pdf,03_UVic/02_Climate-and-GHG-Reporting/2023_UVic_Climate-Change-Accountability-Report-CCAR-2023.pdf,2026-08-14,SKIPPED,"Reports 10,302 tCO2e operational emissions for FY2022/23 plus offsets purchased.",Concrete tonnage to benchmark OC's per-FTE and per-sq-ft intensity against.
R0058,peers,Public (peer publication),Climate and Sustainability Action Plan CSAP 2030 Strategy,UVic,UVic,Plans and Strategies,Plans and strategies,Plan,2023,file,True,True,Planning and Administration,Policy / Planning,Climate Resilience; Indigenous relationality,False,Fetched,https://sustainoc.github.io/Docs2/03_UVic/01_Plans-and-Strategies/2023_UVic_Climate-and-Sustainability-Action-Plan-CSAP-2030-Strategy.pdf,https://sustainoc.github.io/Docs2/03_UVic/01_Plans-and-Strategies/2023_UVic_Climate-and-Sustainability-Action-Plan-CSAP-2030-Strategy.pdf,https://www.uvic.ca/_assets/docs/csap2030-strategy.pdf,03_UVic/01_Plans-and-Strategies/2023_UVic_Climate-and-Sustainability-Action-Plan-CSAP-2030-Strategy.pdf,2026-08-14,SKIPPED,"Flagship 6-year plan on 4 pillars (Sacred Earth, Innovator & Partner, Educator & Learner, Climate Solutions & Leader) with 2030/2040/2050 GHG and STARS targets. Already in OC's project files.",A 4-pillar naming convention that embeds an Indigenous-language pillar name. OC could co-name a pillar with Syilx or Secwepemc terms in consultation.
R0080,peers,Public (peer publication),Real Estate Strategy 2023,UVic,UVic,Plans and Strategies,Plans and strategies,Strategy,2023,file,True,False,Operations; Planning and Administration,Infrastructure (Energy/Water); Investment,,False,Seen in search,https://sustainoc.github.io/Docs2/03_UVic/01_Plans-and-Strategies/2023_UVic_Real-Estate-Strategy-2023.pdf,https://sustainoc.github.io/Docs2/03_UVic/01_Plans-and-Strategies/2023_UVic_Real-Estate-Strategy-2023.pdf,https://www.uvic.ca/_assets/docs/reports/116176-budg_uvic-district-real-estate-plan_v4.pdf,03_UVic/01_Plans-and-Strategies/2023_UVic_Real-Estate-Strategy-2023.pdf,2026-08-14,SKIPPED,District and real-estate development strategy tied to campus planning.,How to link land strategy to a sustainability master plan.
R0077,peers,Public (peer publication),2022 Waste Audit,UVic,UVic,Waste and Procurement,Audits and assessments,Audit,2022,file,True,False,Operations,Supply Chain,,False,Seen in search,https://sustainoc.github.io/Docs2/03_UVic/06_Waste-and-Procurement/2022_UVic_2022-Waste-Audit.pdf,https://sustainoc.github.io/Docs2/03_UVic/06_Waste-and-Procurement/2022_UVic_2022-Waste-Audit.pdf,https://www.uvic.ca/sustainability/assets/docs/2022wasteaudit.pdf,03_UVic/06_Waste-and-Procurement/2022_UVic_2022-Waste-Audit.pdf,2026-08-14,SKIPPED,Waste composition audit feeding the 2023 STARS submission. ~80% daily diversion at Gordon Head.,Audit methodology plus a diversion-rate KPI to benchmark OC's campuses against.
R0165,peers,Public (peer publication),UVic Climate Change Accountability Report 2022,UVic,UVic,Climate and GHG Reporting,Statutory and climate reporting,CCAR,2022,file,True,False,,,,False,Link seen on index page,https://sustainoc.github.io/Docs2/03_UVic/02_Climate-and-GHG-Reporting/2022_UVic_UVic-Climate-Change-Accountability-Report-2022.pdf,https://sustainoc.github.io/Docs2/03_UVic/02_Climate-and-GHG-Reporting/2022_UVic_UVic-Climate-Change-Accountability-Report-2022.pdf,https://www.uvic.ca/sustainability/assets/docs/reports/ccar2022.pdf,03_UVic/02_Climate-and-GHG-Reporting/2022_UVic_UVic-Climate-Change-Accountability-Report-2022.pdf,2026-08-14,SKIPPED,"CCAR series, 2022.",Part of the CCAR time series. Multi-year trend data for benchmarking.
R0078,peers,Public (peer publication),2021 Default Veg Report,UVic,UVic,Waste and Procurement,Reports and progress updates,Report,2021,file,True,False,Operations,Supply Chain; Carbon Zero,,False,Seen in search,https://sustainoc.github.io/Docs2/03_UVic/06_Waste-and-Procurement/2021_UVic_2021-Default-Veg-Report.pdf,https://sustainoc.github.io/Docs2/03_UVic/06_Waste-and-Procurement/2021_UVic_2021-Default-Veg-Report.pdf,https://www.uvic.ca/sustainability/assets/docs/default-veg_report_2021.pdf,03_UVic/06_Waste-and-Procurement/2021_UVic_2021-Default-Veg-Report.pdf,2026-08-14,SKIPPED,Measures GHG reductions from making plant-based options the default in food service.,A low-CAPEX choice-architecture lever with a measurable emissions KPI.
R0062,peers,Public (peer publication),2021 SAP Final Close out Report,UVic,UVic,Plans and Strategies,Reports and progress updates,Report,2021,file,True,False,Engagement,Performance Measurement,,False,Seen in search,https://sustainoc.github.io/Docs2/03_UVic/01_Plans-and-Strategies/2021_UVic_2021-SAP-Final-Close-out-Report.pdf,https://sustainoc.github.io/Docs2/03_UVic/01_Plans-and-Strategies/2021_UVic_2021-SAP-Final-Close-out-Report.pdf,https://www.uvic.ca/sustainability/assets/docs/reports/2021-sap-closeout-report-final.pdf,03_UVic/01_Plans-and-Strategies/2021_UVic_2021-SAP-Final-Close-out-Report.pdf,2026-08-14,SKIPPED,Scores completion of the 2020-2021 plan's actions.,Close-out reporting format for wrapping a plan cycle before launching the next.
R0069,peers,Public (peer publication),Campus Traffic Survey 2021,UVic,UVic,Transportation,"Studies, surveys and data",Survey,2021,file,True,False,Operations,Transportation,,False,Seen in search,https://sustainoc.github.io/Docs2/03_UVic/04_Transportation/2021_UVic_Campus-Traffic-Survey-2021.pdf,https://sustainoc.github.io/Docs2/03_UVic/04_Transportation/2021_UVic_Campus-Traffic-Survey-2021.pdf,https://www.uvic.ca/campusplanning/assets/blocks/content/accordions/20220408_uvictrafficsurvey_2021_report_final.pdf,03_UVic/04_Transportation/2021_UVic_Campus-Traffic-Survey-2021.pdf,2026-08-14,SKIPPED,"Prior cycle: 45% drive-alone, 22% transit.",Trend comparator confirming a biennial cadence is workable.
R0076,peers,Public (peer publication),Sustainability Course Inventory 2021 2022,UVic,UVic,Curriculum and Research,"Studies, surveys and data",Dataset,2021,file,True,True,Academics,Curriculum,,False,Seen in search,https://sustainoc.github.io/Docs2/03_UVic/07_Curriculum-and-Research/2021_UVic_Sustainability-Course-Inventory-2021-2022.pdf,https://sustainoc.github.io/Docs2/03_UVic/07_Curriculum-and-Research/2021_UVic_Sustainability-Course-Inventory-2021-2022.pdf,https://www.uvic.ca/sustainability/assets/docs/2021-2022courseinv.pdf,03_UVic/07_Curriculum-and-Research/2021_UVic_Sustainability-Course-Inventory-2021-2022.pdf,2026-08-14,SKIPPED,Full listing of sustainability-themed courses. 92% of academic departments offered one that year.,Course-tagging method plus a headline KPI (% of departments offering a sustainability course) OC could adopt verbatim.
R0166,peers,Public (peer publication),UVic Climate Change Accountability Report 2021,UVic,UVic,Climate and GHG Reporting,Statutory and climate reporting,CCAR,2021,file,True,False,,,,False,Link seen on index page,https://sustainoc.github.io/Docs2/03_UVic/02_Climate-and-GHG-Reporting/2021_UVic_UVic-Climate-Change-Accountability-Report-2021.pdf,https://sustainoc.github.io/Docs2/03_UVic/02_Climate-and-GHG-Reporting/2021_UVic_UVic-Climate-Change-Accountability-Report-2021.pdf,https://www.uvic.ca/sustainability/assets/docs/reports/cnar21.pdf,03_UVic/02_Climate-and-GHG-Reporting/2021_UVic_UVic-Climate-Change-Accountability-Report-2021.pdf,2026-08-14,SKIPPED,"CCAR series, 2021.",Part of the CCAR time series. Multi-year trend data for benchmarking.
R0074,peers,Public (peer publication),UVic Foundation Responsible Investment Policy,UVic,UVic,Governance and Policy,Policy and governance,Policy,2021,file,True,True,Planning and Administration,Investment,,False,Fetched,https://sustainoc.github.io/Docs2/03_UVic/08_Governance-and-Policy/2021_UVic_UVic-Foundation-Responsible-Investment-Policy.pdf,https://sustainoc.github.io/Docs2/03_UVic/08_Governance-and-Policy/2021_UVic_UVic-Foundation-Responsible-Investment-Policy.pdf,https://www.uvic.ca/uvic-foundation/assets/docs/responsible_investment_policy.pdf,03_UVic/08_Governance-and-Policy/2021_UVic_UVic-Foundation-Responsible-Investment-Policy.pdf,2026-08-14,SKIPPED,"Engagement-over-exclusion approach. Commits to measuring portfolio carbon intensity and cutting it 45% by 2030, with quarterly Board reporting.",Quotable policy language plus a specific portfolio carbon-intensity KPI for OC's Investment impact area.
R0061,peers,Public (peer publication),Sustainability Action Plan Campus Operations 2020 2021,UVic,UVic,Plans and Strategies,Plans and strategies,Plan,2020,file,True,False,Planning and Administration,Policy / Planning,,False,Seen in search,https://sustainoc.github.io/Docs2/03_UVic/01_Plans-and-Strategies/2020_UVic_Sustainability-Action-Plan-Campus-Operations-2020-2021.pdf,https://sustainoc.github.io/Docs2/03_UVic/01_Plans-and-Strategies/2020_UVic_Sustainability-Action-Plan-Campus-Operations-2020-2021.pdf,https://www.uvic.ca/sustainability/assets/docs/uvic-sustainability-action-plan-2020-2021.pdf,03_UVic/01_Plans-and-Strategies/2020_UVic_Sustainability-Action-Plan-Campus-Operations-2020-2021.pdf,2026-08-14,SKIPPED,Bridge plan between the 2014-2019 SAP and CSAP 2030.,How to sequence a short bridging plan between major planning cycles.
R0167,peers,Public (peer publication),UVic Carbon Neutral Action Report 2020,UVic,UVic,Climate and GHG Reporting,Statutory and climate reporting,CNAR,2020,file,True,False,,,,False,Link seen on index page,https://sustainoc.github.io/Docs2/03_UVic/02_Climate-and-GHG-Reporting/2020_UVic_UVic-Carbon-Neutral-Action-Report-2020.pdf,https://sustainoc.github.io/Docs2/03_UVic/02_Climate-and-GHG-Reporting/2020_UVic_UVic-Carbon-Neutral-Action-Report-2020.pdf,https://www.uvic.ca/sustainability/assets/docs/reports/cnar20.pdf,03_UVic/02_Climate-and-GHG-Reporting/2020_UVic_UVic-Carbon-Neutral-Action-Report-2020.pdf,2026-08-14,SKIPPED,"CNAR series, 2020.",Part of the CNAR time series. Multi-year trend data for benchmarking.
R0306,peers,Public (peer publication),UVic STARS Report 2020 Gold era,UVic,UVic,STARS,STARS,STARS,2020,link,False,False,Engagement,Performance Measurement,,False,Seen in search,https://reports.aashe.org/institutions/university-of-victoria-bc/report/2020-05-05/,,https://reports.aashe.org/institutions/university-of-victoria-bc/report/2020-05-05/,,2026-08-18,LINK-SAVED,Prior submission cycle before Platinum.,Confirms a Gold 2020 to Platinum 2023 trajectory. Useful for pacing OC's own rating ambition.
R0072,peers,Public (peer publication),UVic Supplier Code of Conduct,UVic,UVic,Waste and Procurement,Policy and governance,Policy,~2020,file,True,True,Operations,Supply Chain,,False,Fetched,https://sustainoc.github.io/Docs2/03_UVic/06_Waste-and-Procurement/2020_UVic_UVic-Supplier-Code-of-Conduct.pdf,https://sustainoc.github.io/Docs2/03_UVic/06_Waste-and-Procurement/2020_UVic_UVic-Supplier-Code-of-Conduct.pdf,https://www.uvic.ca/purchasing/assets/docs/uvicsuppliercodeofconduct.pdf,03_UVic/06_Waste-and-Procurement/2020_UVic_UVic-Supplier-Code-of-Conduct.pdf,2026-08-14,SKIPPED,"Minimum environmental, labour and ethics standards for suppliers and subcontractors, referencing ILO declarations and the UN SDGs, with a termination clause for non-compliance.",Ready clause structure and international-standard references to adapt into an OC supplier code.
R0063,peers,Public (peer publication),2019 SAP Final Report,UVic,UVic,Plans and Strategies,Reports and progress updates,Report,2019,file,True,False,Engagement,Performance Measurement,,False,Seen in search,https://sustainoc.github.io/Docs2/03_UVic/01_Plans-and-Strategies/2019_UVic_2019-SAP-Final-Report.pdf,https://sustainoc.github.io/Docs2/03_UVic/01_Plans-and-Strategies/2019_UVic_2019-SAP-Final-Report.pdf,https://www.uvic.ca/sustainability/assets/docs/reports/2019.11.29_sap-close-out-report-final.pdf,03_UVic/01_Plans-and-Strategies/2019_UVic_2019-SAP-Final-Report.pdf,2026-08-14,SKIPPED,Close-out of the 2014-2019 SAP.,Second-generation close-out template.
R0070,peers,Public (peer publication),Campus Cycling Plan,UVic,UVic,Transportation,Plans and strategies,Plan,~2019,file,True,False,Operations,Transportation; Infrastructure (Energy/Water),,False,Fetched,https://sustainoc.github.io/Docs2/03_UVic/04_Transportation/2019_UVic_Campus-Cycling-Plan.pdf,https://sustainoc.github.io/Docs2/03_UVic/04_Transportation/2019_UVic_Campus-Cycling-Plan.pdf,https://www.uvic.ca/campusplanning/assets/docs/campus-cycling-plan-docs/campus-cycling-plan.pdf,03_UVic/04_Transportation/2019_UVic_Campus-Cycling-Plan.pdf,2026-08-14,SKIPPED,"Award-winning (CIP Award for Planning Excellence) plan covering bike parking, network and end-of-trip facilities.","Template structure for an OC multi-campus cycling and end-of-trip plan, which OC has not yet scoped."
R0301,peers,Public (peer publication),UVic $80M fossil fuel divestment news coverage,UVic,UVic,Governance and Policy,Projects and announcements,News,2019-2020,link,False,False,Planning and Administration,Investment,,False,Seen in search,https://www.cbc.ca/news/canada/british-columbia/uvic-fossil-fuel-investments-1.5899220,,https://www.cbc.ca/news/canada/british-columbia/uvic-fossil-fuel-investments-1.5899220,,2026-08-18,LINK-SAVED,"UVic moved ~$80M of its Working Capital Fund to a fossil-fuel-free vehicle, ahead of the 2021 Foundation policy.","Precedent for staging divestment: working capital first, endowment policy second."
R0168,peers,Public (peer publication),UVic Carbon Neutral Action Report 2019,UVic,UVic,Climate and GHG Reporting,Statutory and climate reporting,CNAR,2019,file,True,False,,,,False,Link seen on index page,https://sustainoc.github.io/Docs2/03_UVic/02_Climate-and-GHG-Reporting/2019_UVic_UVic-Carbon-Neutral-Action-Report-2019.pdf,https://sustainoc.github.io/Docs2/03_UVic/02_Climate-and-GHG-Reporting/2019_UVic_UVic-Carbon-Neutral-Action-Report-2019.pdf,https://www.uvic.ca/sustainability/assets/docs/reports/cnar19.pdf,03_UVic/02_Climate-and-GHG-Reporting/2019_UVic_UVic-Carbon-Neutral-Action-Report-2019.pdf,2026-08-14,SKIPPED,"CNAR series, 2019.",Part of the CNAR time series. Multi-year trend data for benchmarking.
R0075,peers,Public (peer publication),Sustainability Advisory Committee Terms of Reference,UVic,UVic,Governance and Policy,Policy and governance,Governance,2018,file,True,True,Planning and Administration,Organizational Structure,,False,Fetched,https://sustainoc.github.io/Docs2/03_UVic/08_Governance-and-Policy/2018_UVic_Sustainability-Advisory-Committee-Terms-of-Reference.pdf,https://sustainoc.github.io/Docs2/03_UVic/08_Governance-and-Policy/2018_UVic_Sustainability-Advisory-Committee-Terms-of-Reference.pdf,https://www.uvic.ca/campusplanning/about/committees/sustainabilityadvisorycommittee/sac-terms-of-reference-18.pdf,03_UVic/08_Governance-and-Policy/2018_UVic_Sustainability-Advisory-Committee-Terms-of-Reference.pdf,2026-08-14,SKIPPED,"Formal ToR: mandate, membership, reporting lines.",A ToR template OC can adapt almost verbatim for its standing implementation committee.
R0169,peers,Public (peer publication),UVic Carbon Neutral Action Report 2018,UVic,UVic,Climate and GHG Reporting,Statutory and climate reporting,CNAR,2018,file,True,False,,,,False,Link seen on index page,https://sustainoc.github.io/Docs2/03_UVic/02_Climate-and-GHG-Reporting/2018_UVic_UVic-Carbon-Neutral-Action-Report-2018.pdf,https://sustainoc.github.io/Docs2/03_UVic/02_Climate-and-GHG-Reporting/2018_UVic_UVic-Carbon-Neutral-Action-Report-2018.pdf,https://www.uvic.ca/sustainability/assets/docs/reports/budg_05823_carbonneutralreportoutweb1.pdf,03_UVic/02_Climate-and-GHG-Reporting/2018_UVic_UVic-Carbon-Neutral-Action-Report-2018.pdf,2026-08-14,SKIPPED,"CNAR series, 2018.",Part of the CNAR time series. Multi-year trend data for benchmarking.
R0173,peers,Public (peer publication),UVic Waste Assessment Summary 2018 Final,UVic,UVic,Waste and Procurement,Audits and assessments,Waste Audit,2018,file,True,False,,,,False,Link seen on index page,https://sustainoc.github.io/Docs2/03_UVic/06_Waste-and-Procurement/2018_UVic_UVic-Waste-Assessment-Summary-2018-Final.pdf,https://sustainoc.github.io/Docs2/03_UVic/06_Waste-and-Procurement/2018_UVic_UVic-Waste-Assessment-Summary-2018-Final.pdf,https://www.uvic.ca/sustainability/assets/docs/university-of-victoria---waste-assessment-summary-2018-final.pdf,03_UVic/06_Waste-and-Procurement/2018_UVic_UVic-Waste-Assessment-Summary-2018-Final.pdf,2026-08-14,SKIPPED,"Waste Audit series, 2018.",Part of the Waste Audit time series. Multi-year trend data for benchmarking.
R0060,peers,Public (peer publication),Sustainability Policy,UVic,UVic,Governance and Policy,Policy and governance,Policy,2017,file,True,False,Planning and Administration,Policy / Planning,,False,Seen in search,https://sustainoc.github.io/Docs2/03_UVic/08_Governance-and-Policy/2017_UVic_Sustainability-Policy.pdf,https://sustainoc.github.io/Docs2/03_UVic/08_Governance-and-Policy/2017_UVic_Sustainability-Policy.pdf,https://www.uvic.ca/sustainability/assets/docs/policy/sustainability-policy-2017.pdf,03_UVic/08_Governance-and-Policy/2017_UVic_Sustainability-Policy.pdf,2026-08-14,SKIPPED,"Board-level policy establishing sustainability as an institutional commitment, predating CSAP 2030.","Precedent for a short, durable board-approved policy that plans are then built under."
R0081,peers,Public (peer publication),UVic STARS Report 2017 self hosted copy,UVic,UVic,STARS,STARS,STARS,2017,file,True,False,Engagement,Performance Measurement,,False,Seen in search,https://sustainoc.github.io/Docs2/03_UVic/03_STARS/2017_UVic_UVic-STARS-Report-2017-self-hosted-copy.pdf,https://sustainoc.github.io/Docs2/03_UVic/03_STARS/2017_UVic_UVic-STARS-Report-2017-self-hosted-copy.pdf,https://www.uvic.ca/sustainability/assets/docs/uvic-STARS-2017.pdf,03_UVic/03_STARS/2017_UVic_UVic-STARS-Report-2017-self-hosted-copy.pdf,2026-08-14,SKIPPED,Earlier full STARS submission hosted on UVic's own site rather than only on AASHE.,"Self-hosting a STARS submission is a transparency practice OC could copy, since AASHE credit pages are login-walled."
R0064,peers,Public (peer publication),2016 SAP Progress Report Full,UVic,UVic,Plans and Strategies,Reports and progress updates,Report,2016,file,True,False,Engagement,Performance Measurement,,False,Seen in search,https://sustainoc.github.io/Docs2/03_UVic/01_Plans-and-Strategies/2016_UVic_2016-SAP-Progress-Report-Full.pdf,https://sustainoc.github.io/Docs2/03_UVic/01_Plans-and-Strategies/2016_UVic_2016-SAP-Progress-Report-Full.pdf,https://www.uvic.ca/sustainability/assets/docs/reports/2016.Progress.Report.pdf,03_UVic/01_Plans-and-Strategies/2016_UVic_2016-SAP-Progress-Report-Full.pdf,2026-08-14,SKIPPED,Mid-cycle progress report.,"A mid-cycle checkpoint, not just a close-out."
R0071,peers,Public (peer publication),Campus Plan 2016,UVic,UVic,Campus Master Plans,Plans and strategies,Master plan,2016,file,True,False,Operations; Planning and Administration,Infrastructure (Energy/Water); Policy / Planning,,False,Fetched,https://sustainoc.github.io/Docs2/03_UVic/10_Campus-Master-Plans/2016_UVic_Campus-Plan-2016.pdf,https://sustainoc.github.io/Docs2/03_UVic/10_Campus-Master-Plans/2016_UVic_Campus-Plan-2016.pdf,https://www.uvic.ca/campusplanning/assets/docs/CampusPlan2016.pdf,03_UVic/10_Campus-Master-Plans/2016_UVic_Campus-Plan-2016.pdf,2026-08-14,SKIPPED,"Board-approved land-use master plan built on 1,650+ consultations, with 4 goals.",Consultation-scale benchmark and a 4-goal master-plan structure to cross-reference against OC's Capital Master Plan.
R0172,peers,Public (peer publication),UVic Campus Traffic Survey 2016 Final Report,UVic,UVic,Transportation,"Studies, surveys and data",Traffic Survey,2016,file,True,False,,,,False,Link seen on index page,https://sustainoc.github.io/Docs2/03_UVic/04_Transportation/2016_UVic_UVic-Campus-Traffic-Survey-2016-Final-Report.pdf,https://sustainoc.github.io/Docs2/03_UVic/04_Transportation/2016_UVic_UVic-Campus-Traffic-Survey-2016-Final-Report.pdf,https://www.uvic.ca/campusplanning/assets/docs/campus-traffic-survey-2016.pdf,03_UVic/04_Transportation/2016_UVic_UVic-Campus-Traffic-Survey-2016-Final-Report.pdf,2026-08-14,SKIPPED,"Traffic Survey series, 2016.",Part of the Traffic Survey time series. Multi-year trend data for benchmarking.
R0170,peers,Public (peer publication),UVic Carbon Neutral Action Report 2016,UVic,UVic,Climate and GHG Reporting,Statutory and climate reporting,CNAR,2016,file,True,False,,,,False,Link seen on index page,https://sustainoc.github.io/Docs2/03_UVic/02_Climate-and-GHG-Reporting/2016_UVic_UVic-Carbon-Neutral-Action-Report-2016.pdf,https://sustainoc.github.io/Docs2/03_UVic/02_Climate-and-GHG-Reporting/2016_UVic_UVic-Carbon-Neutral-Action-Report-2016.pdf,https://www.uvic.ca/sustainability/assets/docs/UVic2016CNAR.pdf,03_UVic/02_Climate-and-GHG-Reporting/2016_UVic_UVic-Carbon-Neutral-Action-Report-2016.pdf,2026-08-14,SKIPPED,"CNAR series, 2016.",Part of the CNAR time series. Multi-year trend data for benchmarking.
R0171,peers,Public (peer publication),UVic Carbon Neutral Action Report 2015,UVic,UVic,Climate and GHG Reporting,Statutory and climate reporting,CNAR,2015,file,True,False,,,,False,Link seen on index page,https://sustainoc.github.io/Docs2/03_UVic/02_Climate-and-GHG-Reporting/2015_UVic_UVic-Carbon-Neutral-Action-Report-2015.pdf,https://sustainoc.github.io/Docs2/03_UVic/02_Climate-and-GHG-Reporting/2015_UVic_UVic-Carbon-Neutral-Action-Report-2015.pdf,https://www.uvic.ca/sustainability/assets/docs/reports/cnar15.pdf,03_UVic/02_Climate-and-GHG-Reporting/2015_UVic_UVic-Carbon-Neutral-Action-Report-2015.pdf,2026-08-14,SKIPPED,"CNAR series, 2015.",Part of the CNAR time series. Multi-year trend data for benchmarking.
R0079,peers,Public (peer publication),Integrated Energy Master Plan,UVic,UVic,Campus Master Plans,Plans and strategies,Plan,2011,file,True,False,Operations,Infrastructure (Energy/Water),,False,Seen in search,https://sustainoc.github.io/Docs2/03_UVic/10_Campus-Master-Plans/2011_UVic_Integrated-Energy-Master-Plan.pdf,https://sustainoc.github.io/Docs2/03_UVic/10_Campus-Master-Plans/2011_UVic_Integrated-Energy-Master-Plan.pdf,https://www.uvic.ca/sustainability/assets/docs/policy/uvic-integrated-energy-plan.pdf,03_UVic/10_Campus-Master-Plans/2011_UVic_Integrated-Energy-Master-Plan.pdf,2026-08-14,SKIPPED,Identifies energy-efficiency and district-energy opportunities. Still cited on UVic's current energy page in 2026.,Evidence that a well-built energy master plan stays useful for 15 years. Useful in CAPEX conversations with Facilities.
R0073,peers,Public (peer publication),UVic Sustainable Procurement Initiatives Scholars report,UVic,UVic,Waste and Procurement,"Studies, surveys and data",Applied research,Undated,file,True,False,Academics; Operations,Applied Research; Supply Chain,,False,Seen in search,https://sustainoc.github.io/Docs2/03_UVic/06_Waste-and-Procurement/nd_UVic_UVic-Sustainable-Procurement-Initiatives-Scholars-report.pdf,https://sustainoc.github.io/Docs2/03_UVic/06_Waste-and-Procurement/nd_UVic_UVic-Sustainable-Procurement-Initiatives-Scholars-report.pdf,https://www.uvic.ca/graduatestudies/_assets/docs/sustainability-scholars/ssp-uvic-sustainable-procurement-initiatives-developing-an-implementation-strategy-for-supplier-code-of-conduct-and-ecovadis-supplier-sustainability-assessments-uvic-purchasing.pdf,03_UVic/06_Waste-and-Procurement/nd_UVic_UVic-Sustainable-Procurement-Initiatives-Scholars-report.pdf,2026-08-14,SKIPPED,Student research project that built the implementation strategy for the Code of Conduct and EcoVadis rollout.,"Using a paid student placement to co-develop an operational tool. Cheap, curriculum-linked delivery OC could copy."
