id,phase,institution,folder,filename,url,year,doc_type,category,verification,priority,impact_areas,summary,oc_use
1,1,UBC Vancouver,01_UBC-Vancouver/01_Plans-and-Strategies,2021_UBCV_Climate-Action-Plan-2030-CAP2030.pdf,https://planning.ubc.ca/sites/default/files/2021-12/UBCV_CAP2030_FINAL.pdf,2021,Plan,Plans-and-Strategies,Seen in search,,Carbon Zero; Infrastructure; Engagement,"Accelerated net-zero pathway for buildings, energy, Scope 3 and engagement across 6 focus areas. Already held in OC's project files.",Target-tier structure splitting operational / Scope 3 / embodied carbon with distinct % goals per horizon year.
2,1,UBC Vancouver,01_UBC-Vancouver/01_Plans-and-Strategies,2024_UBCV_Neighbourhood-Climate-Action-Plan-NCAP-+-appendices.pdf,https://planning.ubc.ca/sites/default/files/2024-06/Neighbourhood%20Climate%20Action%20Plan_FINALforweb.pdf,2024,Plan,Plans-and-Strategies,Fetched,,Climate Resilience; Infrastructure,Extends net-zero and resilience planning to UBC's residential neighbourhoods. Adaptation companion to CAP2030.,How to separate 'core campus' from leased/partner-land emissions boundaries.
3,1,UBC Vancouver,01_UBC-Vancouver/01_Plans-and-Strategies,2024_UBCV_NCAP-Action-Matrix.pdf,https://planning.ubc.ca/sites/default/files/2024-05/NCAP%20Action%20Matrix_May%202024_1.pdf,2024,Tool,Plans-and-Strategies,Fetched,,Planning/Policy; Organizational Structure,"Tabular list of discrete actions, owners and timelines supporting NCAP.",Action-matrix column template (action / owner / department / timeline) for OC's 27-row action register.
4,1,UBC Vancouver,01_UBC-Vancouver/01_Plans-and-Strategies,2026_UBCV_NCAP-2025-Progress-Update-Appendix.pdf,https://planning.ubc.ca/sites/default/files/2026-06/NCAP%20Progress%20Update_June%202026_AppendixFull_0.pdf,2026,Report,Plans-and-Strategies,Fetched,,Performance Measurement,Latest implementation status update on neighbourhood climate actions.,Progress-reporting cadence and format for a multi-year roadmap.
5,1,UBC Vancouver,01_UBC-Vancouver/11_Climate-Risk-and-Resilience,2024_UBCV_Climate-Risk-Vulnerability-Assessment-Summary-Report.pdf,https://planning.ubc.ca/sites/default/files/2024-05/BARC_UBC_VRA_Summary-Report_April17_final.pdf,2024,Assessment,Climate-Risk-and-Resilience,Fetched,PRIORITY,Climate Resilience,Physical climate risk and vulnerability assessment underpinning NCAP adaptation actions (BARC methodology).,Campus climate-hazard/vulnerability matrix methodology. Directly serves OC's blocked target T4.
6,1,UBC Vancouver,01_UBC-Vancouver/11_Climate-Risk-and-Resilience,2023_UBCV_UBC-Climate-Science-Report.pdf,https://planning.ubc.ca/sites/default/files/2024-05/UBC%20Climate%20Science%20Report_FINAL_Nov%202023.pdf,2023,Report,Climate-Risk-and-Resilience,Fetched,,Climate Resilience,"Downscaled regional climate projections (temperature, precipitation, extreme events) grounding adaptation planning.",Method for translating regional climate projections into campus design parameters.
7,1,UBC Vancouver,01_UBC-Vancouver/04_Transportation,2023_UBCV_Neighbourhood-Transportation-GHG-Emissions-Study.pdf,https://planning.ubc.ca/sites/default/files/2024-05/UBC_Neighbourhood_Transportation_Emissions_07-25-2023.pdf,2023,Study,Transportation,Fetched,,Transportation; Carbon Zero,Quantifies commuting and transportation GHG tied to growth.,Method for isolating transportation Scope 3 from an enrolment-growth driver. Relevant to OC's Sept 2026 tonnage.
8,1,UBC Vancouver,01_UBC-Vancouver/04_Transportation,2024_UBCV_Climate-Justice-in-Transportation-Planning-Final-Report.pdf,https://planning.ubc.ca/sites/default/files/2024-05/UC3%20Final%20Report_Final%20Draft.pdf,2024,Report,Transportation,Fetched,,Transportation; Engagement,Equity lens applied to transportation decision-making.,Equity-screening framework for transportation investment. Pairs with OC's CPTED accessibility findings.
9,1,UBC Vancouver,01_UBC-Vancouver/04_Transportation,2024_UBCV_Sub-Report-Transportation-Planning-Practices-at-UBC.pdf,https://planning.ubc.ca/sites/default/files/2024-05/UC3%20Sub-Report%20on%20Transportation%20Planning%20at%20UBC_Final%20Draft.pdf,2024,Report,Transportation,Fetched,,Transportation; Organizational Structure,Inventories UBC's existing transportation governance and programs.,Institutional transportation-governance inventory template.
10,1,UBC Vancouver,01_UBC-Vancouver/04_Transportation,2025_UBCV_Transportation-Status-Report-2024.pdf,https://planning.ubc.ca/sites/default/files/2025-07/UBC2024-TransportationStatusReport.pdf,2025,Survey,Transportation,Fetched,PRIORITY,Transportation,"Annual mode-share monitoring. 2024: transit 52%, SOV 32%, carpool 13%, bike 1.4%, ped 0.7%.",Standardized annual metric set plus screenline/traffic-counter methodology.
11,1,UBC Vancouver,01_UBC-Vancouver/05_Energy-and-Buildings,2018_UBCV_Green-Building-Action-Plan-Full.pdf,https://planning.ubc.ca/sites/default/files/2019-11/PLAN_UBC_Green_Building_Action_Plan_Full.pdf,2018,Plan,Energy-and-Buildings,Fetched,PRIORITY,Infrastructure (Energy/Water),"EUI targets by building type, embodied-carbon material phase-out by 2035, net-positive-ready new builds by 2030.","EUI target table in kWh/m2/yr by building type and year. Portable to OC's 45-building, 2.08M sq ft portfolio."
12,1,UBC Vancouver,01_UBC-Vancouver/05_Energy-and-Buildings,2018_UBCV_Green-Building-Action-Plan-Institutional-component.pdf,https://planning.ubc.ca/sites/default/files/2019-11/PLAN_UBC_Green_Building_Action_InstitutionalGBAP.pdf,2018,Plan,Energy-and-Buildings,Seen in search,,Infrastructure,Institutional (academic/admin) building requirements subset.,Segmentation of building policy by institutional vs residential type.
13,1,UBC Vancouver,01_UBC-Vancouver/05_Energy-and-Buildings,2018_UBCV_Green-Building-Action-Plan-Action-Appendices.pdf,https://planning.ubc.ca/sites/default/files/2019-11/PLAN_UBC_Green_Building_Action_ActionAppendices.pdf,2018,Tool,Energy-and-Buildings,Seen in search,,Infrastructure,Detailed action list supporting GBAP implementation.,Implementation action-tracker template.
14,1,UBC Vancouver,01_UBC-Vancouver/05_Energy-and-Buildings,2019_UBCV_Water-Action-Plan.pdf,https://planning.ubc.ca/sites/default/files/2019-11/PLANS_UBC_WaterActionPlan.pdf,2019,Plan,Energy-and-Buildings,Fetched,PRIORITY,Infrastructure (Energy/Water),"Holds total water use at or below 2017 levels; 16%/24% intensity cuts per FTE by 2025/2030; ~$2.3M/yr spend, ~$4M cumulative savings by 2035.",Per-FTE water-use-intensity KPI (rather than per sq ft). Directly usable while OC's metering assessment completes.
15,1,UBC Vancouver,01_UBC-Vancouver/05_Energy-and-Buildings,2017_UBCV_Integrated-Stormwater-Management-Plan.pdf,https://planning.ubc.ca/sites/default/files/2019-11/PLAN_UBC_ISMP_Final2017.pdf,2017,Plan,Energy-and-Buildings,Seen in search,,Infrastructure; Climate Resilience,Rainwater and stormwater quality/volume control plan.,Stormwater-as-adaptation-infrastructure framing.
16,1,UBC Vancouver,01_UBC-Vancouver/06_Waste-and-Procurement,2023_UBCV_Zero-Waste-Action-Plan-2030.pdf,https://planning.ubc.ca/sites/default/files/2023-08/230608_ZWAP.pdf,2023,Plan,Waste-and-Procurement,Fetched,PRIORITY,Supply Chain,50% cut in operational waste disposal by 2030 vs 2019; 90% construction-waste diversion; 50% food waste and 80% single-use-cup cuts. Documents the failure of prior diversion targets.,Honest target-miss retrospective and the pivot from diversion-rate to absolute-reduction KPIs. A Financial & Risk Realities case OC can cite.
17,1,UBC Vancouver,01_UBC-Vancouver/02_Climate-and-GHG-Reporting,2025_UBCV_UBC-GHG-Inventory-2025.pdf,https://sustain.ubc.ca/sites/default/files/files/UBCV_GHG_Inventory_2025.pdf,2025,Dataset,Climate-and-GHG-Reporting,Fetched,,Carbon Zero,"39,778 tCO2e requiring offset (Scope 1 ~27,972; Scope 2 ~6,010; Scope 3 paper 176) plus 7,381 tCO2e off-campus/Properties Trust.",Emissions-boundary segmentation model for OC's four-campus scope definition.
18,1,UBC Vancouver,01_UBC-Vancouver/02_Climate-and-GHG-Reporting,2025_UBCV_Climate-Change-Accountability-Report-CCAR-2025.pdf,https://sustain.ubc.ca/sites/default/files/files/2025%20CCAR.pdf,2025,Statutory report,Climate-and-GHG-Reporting,Fetched (index),,Carbon Zero; Policy/Planning,"BC public-sector climate accountability filing, successor to CNAR.",The exact regulatory template OC is also bound by.
19,1,UBC Vancouver,01_UBC-Vancouver/02_Climate-and-GHG-Reporting,2024_UBCV_2024-PSO-CCAR-gov.bc.ca-mirror.pdf,https://www2.gov.bc.ca/assets/gov/environment/climate-change/cnar/2024/ps/ubc_2024_ccar.pdf,2024,Statutory report,Climate-and-GHG-Reporting,Fetched (index),,Policy/Planning,Same CCAR on the BC public-sector portal.,Confirms the filing format and location OC must use.
20,1,UBC Vancouver,01_UBC-Vancouver/02_Climate-and-GHG-Reporting,2023_UBCV_TCFD-Climate-Related-Financial-Disclosure-Report-FY2023.pdf,https://sustain.ubc.ca/sites/default/files/files/MASTER_TDFC_UBC_2023_FINAL.pdf,2023,Report,Climate-and-GHG-Reporting,Fetched,PRIORITY,Investment; Carbon Zero,TCFD-aligned governance/strategy/risk/metrics disclosure. Cites 85%/65%/45% 2030 targets and ~$18M/yr potential carbon-tax avoidance.,Full TCFD 4-pillar structure as the template for OC's Financial & Risk Realities component. Also the closest model for OC's carbon-liability calculation.
21,1,UBC Vancouver,01_UBC-Vancouver/09_Indigenous-and-Engagement,2023_UBCV_TogetherEnsemble-at-UBC-Indigenous-lens-report.pdf,https://sustain.ubc.ca/sites/default/files/TE-Report-Web.pdf,2023,Report,Indigenous-and-Engagement,Seen in search,,Indigenous relationality,Sustainability report with an Indigenous-relationality and reconciliation lens.,Model for weaving Indigenous relationality through a report rather than siloing it. Serves OC's Layer 0.
22,1,UBC Vancouver,01_UBC-Vancouver/08_Governance-and-Policy,2022_UBCV_Sustainability-Hub-Strategic-Plan-2022-2027.pdf,https://sustain.ubc.ca/sites/default/files/Sustainability-Hub-Strategic-Plan-Web.pdf,2022,Plan,Governance-and-Policy,Fetched (index),,Organizational Structure,"Strategic plan for the central sustainability office itself: mandate, structure, resourcing.",Governance and mandate template for OC's own sustainability office.
23,1,UBC Vancouver,01_UBC-Vancouver/07_Curriculum-and-Research,nd_UBCV_Transforming-Sustainability-Education-at-UBC.pdf,https://sustain.ubc.ca/sites/sustain.ubc.ca/files/uploads/images/teaching_learning/transforming-sustainability-education-at-ubc-desired-student-attributes-and-pathways-for-implementat.pdf,n.d.,Framework,Curriculum-and-Research,Fetched,PRIORITY,Curriculum,Defines 4 graduate sustainability attributes and 3 curriculum pathway models.,Ready-made learning-outcomes taxonomy and pathway typology for OC's course-mapping exercise.
24,1,UBC Vancouver,01_UBC-Vancouver/01_Plans-and-Strategies,2021_UBCV_Wellbeing-Strategic-Framework-Roadmap-Dashboard.pdf,https://wellbeing.ubc.ca/sites/wellbeing.ubc.ca/files/u1582/WSF%20Roadmap%20Dashboard_18Oct2021.pdf,2021,Plan/Dashboard,Plans-and-Strategies,Seen in search,,Engagement,Roadmap/dashboard hybrid tracking the Okanagan-Charter-aligned Wellbeing Framework.,Roadmap-dashboard hybrid format combining milestones with a visual tracker.
25,1,UBC Vancouver,01_UBC-Vancouver/11_Climate-Risk-and-Resilience,nd_UBCV_Campus-Urban-Biodiversity-Strategic-CUBS-Plan.pdf,https://sustain.ubc.ca/sites/default/files/SEEDS%20Uploads/Campus%20Urban%20Biodiversity%20Strategic%20(CUBS)%20Plan.pdf,n.d.,Plan,Climate-Risk-and-Resilience,Seen in search,,Infrastructure; UNSDGs,Biodiversity strategy for a built urban campus landscape.,Urban-biodiversity target-setting in a non-wilderness campus context.
26,1,UBC Vancouver,01_UBC-Vancouver/11_Climate-Risk-and-Resilience,nd_UBCV_UBC-Biodiversity-Annual-Report.pdf,https://sustain.ubc.ca/sites/sustain.ubc.ca/files/SEEDS%20Uploads/UBC_BiodiversityAnnualReport_FINAL.pdf,n.d.,Report,Climate-Risk-and-Resilience,Seen in search,,Infrastructure; Performance Measurement,Annual monitoring of campus biodiversity indicators.,Biodiversity KPI set mapping to STARS biodiversity credits.
27,1,UBC Vancouver,01_UBC-Vancouver/06_Waste-and-Procurement,2024_UBCV_AMS-Waste-Audit-Report.pdf,https://www.ams.ubc.ca/wp-content/uploads/2024/04/Waste-Audit-Final-Report-2024-1.pdf,2024,Audit,Waste-and-Procurement,Seen in search,,Supply Chain; Engagement,Student-society-led waste composition audit.,"Waste-audit method (sort categories, sampling) reusable at OC's smaller campuses. Complements OC's Mar 2026 student trash audit."
28,1,UBC Vancouver,01_UBC-Vancouver/06_Waste-and-Procurement,nd_UBCV_UBC-Food-System-Asset-Map.pdf,https://sustain.ubc.ca/sites/default/files/seedslibrary/LFS%20450_Project_07_Food%20Asset%20Map_2ndSubmission_FinalReport.pdf,n.d.,Study,Waste-and-Procurement,Seen in search,,UNSDGs; Engagement,Student mapping of campus food assets and food-security resources.,Food-asset-mapping method for a food-security baseline.
29,1,UBC Okanagan,02_UBC-Okanagan/01_Plans-and-Strategies,2021_UBCO_UBCO-Climate-Action-Plan-2030-Final.pdf,https://sustain.ok.ubc.ca/wp-content/uploads/sites/207/2025/05/2021-UBCO-CAP-2030-Final-web-1.pdf,2021,Plan,Plans-and-Strategies,Fetched,PRIORITY,Carbon Zero; Infrastructure; Policy/Planning,"Campus-specific CAP with GHG targets, building/fleet electrification pathway and commuting mode-shift goals, distinct from UBC Vancouver's.",Template for a campus-specific plan nested under an institution-wide one. Directly analogous to OC's four-campus problem.
30,1,UBC Okanagan,02_UBC-Okanagan/01_Plans-and-Strategies,2021_UBCO_UBCO-CAP-2030-Public-Engagement-Summary-Report.pdf,https://sustain.ok.ubc.ca/wp-content/uploads/sites/207/2025/05/UBCO-CAP-2030-Summary-Report.pdf,2021,Report,Plans-and-Strategies,Fetched,,Communications; Training,Documents the consultation process and themes used to build the CAP.,Engagement methodology for OC's own consultation phase.
31,1,UBC Okanagan,02_UBC-Okanagan/11_Climate-Risk-and-Resilience,2023_UBCO_UBCO-Climate-Adaptation-Resilience-Biodiversity-CARB-Strategy.pdf,https://sustain.ok.ubc.ca/wp-content/uploads/sites/207/2025/05/UBCO-CARB-Strategy-compressed.pdf,~2023-24,Strategy,Climate-Risk-and-Resilience,Fetched,PRIORITY,Climate Resilience; Infrastructure,"Dedicated adaptation strategy layered over the mitigation-focused CAP, covering biodiversity and physical climate risk in the Okanagan.","The single best regional model for OC's Climate Resilience cross-cutting lens. Same climate zone, same hazards."
32,1,UBC Okanagan,02_UBC-Okanagan/06_Waste-and-Procurement,2024_UBCO_Okanagan-Food-GHG-Baseline-Project.pdf,https://sustain.ok.ubc.ca/wp-content/uploads/sites/207/2025/01/Okanagan-Food-GHG-Baseline-Project.pdf,~2024,Study,Waste-and-Procurement,Fetched,,Supply Chain; Carbon Zero,Baseline inventory of food-service emissions specific to Okanagan Valley supply chains.,Regional food-emissions factors instead of generic national averages.
33,1,UBC Okanagan,02_UBC-Okanagan/07_Curriculum-and-Research,2024_UBCO_Intercampus-Air-Travel-SEEDS-Study.pdf,https://sustain.ok.ubc.ca/wp-content/uploads/sites/207/2025/01/Reducing-Greenhouse-Gas-Emissions.pdf,~2024,Study,Curriculum-and-Research,Fetched,,Carbon Zero; Transportation,Student study of UBC Vancouver-Okanagan intercampus flight emissions and reduction options.,"Directly transferable to OC's inter-campus travel between Kelowna, Penticton, Vernon and Salmon Arm. Relevant to the open OP15 air-travel question."
34,1,UBC Okanagan,02_UBC-Okanagan/01_Plans-and-Strategies,2024_UBCO_Post-Pandemic-Climate-Engagement-Report.pdf,https://sustain.ok.ubc.ca/wp-content/uploads/sites/207/2025/01/Community-Engagement-Strategies-for-Climate-Change.pdf,~2024,Report,Plans-and-Strategies,Fetched,,Communications; Training,Analysis of engagement strategies for sustaining climate momentum post-COVID.,Engagement tactics for OC's Engagement focus area.
35,1,UBC Okanagan,02_UBC-Okanagan/01_Plans-and-Strategies,2023_UBCO_UBCO-CAP-2030-Implementation-Progress-Report.pdf,https://sustain.ok.ubc.ca/wp-content/uploads/sites/207/2025/01/UBCO-CAP-2030-Implementation-Progress-Report.pdf,~2023-24,Report,Plans-and-Strategies,Seen in search,,Performance Measurement; Carbon Zero,Tracks year-over-year progress against CAP2030 milestones.,KPI reporting cadence for a 6-year roadmap.
36,1,UBC Okanagan,02_UBC-Okanagan/01_Plans-and-Strategies,2022_UBCO_UBCO-CAP-Implementation-Progress-Report-Oct-2022.pdf,https://sustain.ok.ubc.ca/wp-content/uploads/sites/70/2022/12/UBCO-CAP-Implementation-Progress-Report-2022-Oct-Final.pdf,2022,Report,Plans-and-Strategies,Seen in search,,Performance Measurement,Earlier progress snapshot showing reporting frequency.,Historical comparator on measurement cadence.
37,1,UBC Okanagan,02_UBC-Okanagan/02_Climate-and-GHG-Reporting,2023_UBCO_Joint-UBC-Climate-Change-Accountability-Report.pdf,https://sustain.ok.ubc.ca/wp-content/uploads/sites/207/2025/01/Joint-UBC-Climate-Change-Accountability-Report.pdf,2023 (pub 2024),Statutory report,Climate-and-GHG-Reporting,Fetched,,Carbon Zero; Policy/Planning,UBC's mandatory BC provincial climate accountability filing covering both campuses.,Shows how a multi-campus institution files one joint CCAR. Relevant to OC's four-campus reporting decision.
38,1,UBC Okanagan,02_UBC-Okanagan/02_Climate-and-GHG-Reporting,2023_UBCO_UBC-FY2023-TCFD-Report.pdf,https://sustain.ok.ubc.ca/wp-content/uploads/sites/207/2025/01/2023-Task-Force-on-Climate-Related-Financial-Disclosures-Report-v2.pdf,2023,Report,Climate-and-GHG-Reporting,Fetched,,Investment; all areas (risk component),Physical and transition risk quantification following TCFD.,Closest Canadian public-sector model for OC's Financial & Risk Realities component.
39,1,UBC Okanagan,02_UBC-Okanagan/02_Climate-and-GHG-Reporting,2022_UBCO_UBC-FY2022-TCFD-Report.pdf,https://sustain.ubc.ca/sites/default/files/files/1122_MASTER_TCFD%20FINAL-%2011%2022%202022.pdf,2022,Report,Climate-and-GHG-Reporting,Seen in search,,Investment,Prior-year version showing how risk metrics evolved.,Baseline comparator on disclosure maturity.
40,1,UBC Okanagan,02_UBC-Okanagan/10_Campus-Master-Plans,2025_UBCO_UBC-Okanagan-Campus-Plan-2025-Update-Final.pdf,https://campusplanning.ok.ubc.ca/wp-content/uploads/sites/202/2025/07/20250520-UBCO-Campus-Plan-Update-Final.pdf,2025,Master plan,Campus-Master-Plans,Fetched,,Infrastructure; Policy/Planning,Current campus land-use and growth master plan.,How to tie campus growth planning to sustainability commitments. Comparator for OC's Capital Master Plan.
41,1,UBC Okanagan,02_UBC-Okanagan/04_Transportation,2021_UBCO_UBC-Okanagan-Transportation-Plan.pdf,https://campusplanning.ok.ubc.ca/wp-content/uploads/sites/202/2024/06/UBCO-TPlan-Final-2022-01-11.pdf,2021 (to 2040),Plan,Transportation,Fetched,PRIORITY,Transportation,"Trip reduction, mode shift and reduced parking growth goals, with TDM programs (ProPass, carpool matching, e-bike share).",The closest regional TDM plan template. Same BC Transit system as OC Kelowna.
42,1,UBC Okanagan,02_UBC-Okanagan/04_Transportation,2023_UBCO_UBCO-Transportation-Status-Report-2023.pdf,https://campusplanning.ok.ubc.ca/wp-content/uploads/sites/202/2026/01/UBCO2023-TransportationStatusReport-FINAL.pdf,2023,Survey,Transportation,Fetched,PRIORITY,Transportation; Performance Measurement,Latest completed biennial commuter mode-share survey.,Direct mode-share benchmark on the same transit system as OC's 33% baseline.
43,1,UBC Okanagan,02_UBC-Okanagan/04_Transportation,2021_UBCO_UBCO-Transportation-Status-Report-2021.pdf,https://campusplanning.ok.ubc.ca/wp-content/uploads/sites/202/2026/01/UBCO2021-TransportationStatusReport-FINAL.pdf,2021,Survey,Transportation,Fetched,,Transportation,Pandemic-era commute data.,Trend comparator.
44,1,UBC Okanagan,02_UBC-Okanagan/04_Transportation,2019_UBCO_UBCO-Transportation-Status-Report-2019.pdf,https://campusplanning.ok.ubc.ca/wp-content/uploads/sites/202/2026/01/UBCO-2019TransportationStatusReport-FINAL.pdf,2019,Survey,Transportation,Fetched,,Transportation,Pre-pandemic baseline mode share.,Long-run trend baseline.
45,1,UBC Okanagan,02_UBC-Okanagan/04_Transportation,2017_UBCO_UBCO-Transportation-Status-Report-2017.pdf,https://campusplanning.ok.ubc.ca/wp-content/uploads/sites/202/2026/01/UBCO-2017TransportationStatusReportV2-FINAL.pdf,2017,Survey,Transportation,Fetched,,Transportation,Historical mode-share survey.,Long-run trend baseline.
46,1,UBC Okanagan,02_UBC-Okanagan/04_Transportation,2015_UBCO_UBCO-Transportation-Status-Report-2015.pdf,https://campusplanning.ok.ubc.ca/wp-content/uploads/sites/202/2026/01/UBCO-2015TransportationStatusReport-FINAL.pdf,2015,Survey,Transportation,Fetched,,Transportation,Historical mode-share survey.,Long-run trend baseline.
47,1,UBC Okanagan,02_UBC-Okanagan/04_Transportation,2025_UBCO_2025-UBCO-Bike-Infrastructure-Audit-Report.pdf,https://campusplanning.ok.ubc.ca/wp-content/uploads/sites/202/2026/02/Final-2025-Bike-Infrastructure-Audit-Report.pdf,2025,Audit,Transportation,Fetched,,Transportation; Infrastructure,Current-state audit of cycling infrastructure gaps and quality.,"Method for OC's four-campus end-of-trip and active-transport audit, which is still outstanding."
48,1,UBC Okanagan,02_UBC-Okanagan/10_Campus-Master-Plans,2018_UBCO_UBCO-Innovation-Precinct-Structure-Plan.pdf,https://campusplanning.ok.ubc.ca/wp-content/uploads/sites/202/2024/07/UBCO-IPSP-Final.pdf,2018,Plan,Campus-Master-Plans,Fetched,,Infrastructure; Policy/Planning; Indigenous relationality,"New-development plan: 100% on-site stormwater retention for a 1-in-100-year storm, district energy extension, Syilx cultural integration, habitat protection.","A concrete, quotable design standard (100% retention, 1-in-100-year event) OC could adopt for new builds."
49,1,UBC Okanagan,02_UBC-Okanagan/11_Climate-Risk-and-Resilience,2006_UBCO_UBCO-Wildland-Fire-Management-Plan.pdf,https://sustain.ok.ubc.ca/wp-content/uploads/sites/207/2026/05/UBCO-Wildland-Fire-Mngt-Plan-Final-July-28.pdf,2006 (update pending),Plan,Climate-Risk-and-Resilience,Fetched,PRIORITY,Climate Resilience; Infrastructure,FireSmart and forest-management plan for a wildland-interface campus. UBCO achieved FireSmart certification in 2024.,"Directly transferable wildfire planning template. Same exposure as OC Kelowna, Vernon and Salmon Arm."
50,1,UBC Okanagan,02_UBC-Okanagan/05_Energy-and-Buildings,2022_UBCO_UBCO-Integrated-Pest-Management-Plan-2022.pdf,https://operations.ok.ubc.ca/wp-content/uploads/sites/200/2024/10/UBCO-IPM-Plan-2022.pdf,2022,Plan,Energy-and-Buildings,Fetched,,Infrastructure,Grounds and landscape pest management policy.,"Adjacent grounds-sustainability practice, maps to STARS grounds credits."
51,1,UBC Okanagan,02_UBC-Okanagan/05_Energy-and-Buildings,2024_UBCO_UBCO-Energy-Operations-Annual-Report-FY2023-24.pdf,https://operations.ok.ubc.ca/wp-content/uploads/sites/200/2024/09/FY2023-2024-Report-FINAL.pdf,2024,Report,Energy-and-Buildings,Fetched,,Infrastructure (Energy),Annual energy performance with usage and savings figures.,Structure for an OC annual energy performance report by campus.
52,1,UBC Okanagan,02_UBC-Okanagan/05_Energy-and-Buildings,2025_UBCO_UBCO-Strategic-Energy-Management-Plan-Update.pdf,https://operations.ok.ubc.ca/wp-content/uploads/sites/200/2025/11/SEMP-update-Aug-2025-Final.pdf,2025,Plan,Energy-and-Buildings,Fetched,PRIORITY,Infrastructure (Energy),Current energy strategy with heat-pump and cluster-plant conversion plan.,"Cluster-plant retrofit strategy, directly relevant to OC's aging HVAC stock and pre-1990 quarter of floor area."
53,1,UBC Okanagan,02_UBC-Okanagan/05_Energy-and-Buildings,2025_UBCO_UBCO-Integrated-Energy-Strategy-Update.pdf,https://operations.ok.ubc.ca/wp-content/uploads/sites/200/2025/12/UBCO-Integrated-Energy-Strategy-Update-October-2025.pdf,2025,Plan,Energy-and-Buildings,Fetched,,Infrastructure (Energy); Carbon Zero,Most current energy roadmap.,Latest regional benchmark for a multi-year energy transition roadmap.
54,1,UBC Okanagan,02_UBC-Okanagan/05_Energy-and-Buildings,2021_UBCO_UBCO-Building-Energy-Target-Archetype-Study.pdf,https://operations.ok.ubc.ca/wp-content/uploads/sites/200/2024/06/R-09639_010-2021-12-22-RPT-UBCO-Archetype-Study_Final_ISSUED.pdf,2021-22,Study,Energy-and-Buildings,Fetched,PRIORITY,Infrastructure (Energy),Sets building-archetype-based energy targets.,Method for setting per-building-type energy targets. Pairs with OC's VFA building list.
55,1,UBC Okanagan,02_UBC-Okanagan/09_Indigenous-and-Engagement,2020_UBCO_TRC-Commitments-Annual-Report-2020.pdf,https://okmain.cms.ok.ubc.ca/wp-content/uploads/sites/26/2021/01/TRC-2020-Annual-Report-spreads.pdf,2020,Report,Indigenous-and-Engagement,Fetched,,Indigenous relationality,First annual progress report against the five TRC commitments.,Reporting template for tracking Indigenous-relationality commitments annually.
56,1,UBC Okanagan,02_UBC-Okanagan/09_Indigenous-and-Engagement,2021_UBCO_TRC-Commitments-Annual-Report-2021.pdf,https://okmain.cms.ok.ubc.ca/wp-content/uploads/sites/26/2022/02/TRC-2021-Annual-Report.pdf,2021,Report,Indigenous-and-Engagement,Fetched,,Indigenous relationality,Second annual progress report.,Year-over-year comparator.
57,1,UBC Okanagan,02_UBC-Okanagan/09_Indigenous-and-Engagement,2022_UBCO_TRC-Commitments-Annual-Report-2022.pdf,https://okmain.cms.ok.ubc.ca/wp-content/uploads/sites/26/2023/06/TRC-2022-Annual-Report.pdf,2022,Report,Indigenous-and-Engagement,Fetched,,Indigenous relationality,Third annual progress report.,Most recent public update in the series.
58,1,UVic,03_UVic/01_Plans-and-Strategies,2023_UVic_Climate-and-Sustainability-Action-Plan-CSAP-2030-Strategy.pdf,https://www.uvic.ca/_assets/docs/csap2030-strategy.pdf,2023,Plan,Plans-and-Strategies,Fetched,PRIORITY,Policy/Planning; Climate Resilience; Indigenous relationality,"Flagship 6-year plan on 4 pillars (Sacred Earth, Innovator & Partner, Educator & Learner, Climate Solutions & Leader) with 2030/2040/2050 GHG and STARS targets. Already in OC's project files.",A 4-pillar naming convention that embeds an Indigenous-language pillar name. OC could co-name a pillar with Syilx or Secwepemc terms in consultation.
59,1,UVic,03_UVic/01_Plans-and-Strategies,2023_UVic_CSAP-2030-Actions.pdf,https://www.uvic.ca/_assets/docs/csap2030-actions.pdf,2023,Plan annex,Plans-and-Strategies,Fetched,,All 4 focus areas,"Detailed action list under each pillar, e.g. transitioning Gordon Head off fossil-fuel heating by 2040. Already in OC's project files.","Template for translating pillars into discrete, owned action items with target years."
60,1,UVic,03_UVic/08_Governance-and-Policy,2017_UVic_Sustainability-Policy.pdf,https://www.uvic.ca/sustainability/assets/docs/policy/sustainability-policy-2017.pdf,2017,Policy,Governance-and-Policy,Seen in search,,Policy/Planning,"Board-level policy establishing sustainability as an institutional commitment, predating CSAP 2030.","Precedent for a short, durable board-approved policy that plans are then built under."
61,1,UVic,03_UVic/01_Plans-and-Strategies,2020_UVic_Sustainability-Action-Plan-Campus-Operations-2020-2021.pdf,https://www.uvic.ca/sustainability/assets/docs/uvic-sustainability-action-plan-2020-2021.pdf,2020,Plan,Plans-and-Strategies,Seen in search,,Policy/Planning,Bridge plan between the 2014-2019 SAP and CSAP 2030.,How to sequence a short bridging plan between major planning cycles.
62,1,UVic,03_UVic/01_Plans-and-Strategies,2021_UVic_2021-SAP-Final-Close-out-Report.pdf,https://www.uvic.ca/sustainability/assets/docs/reports/2021-sap-closeout-report-final.pdf,2021,Report,Plans-and-Strategies,Seen in search,,Performance Measurement,Scores completion of the 2020-2021 plan's actions.,Close-out reporting format for wrapping a plan cycle before launching the next.
63,1,UVic,03_UVic/01_Plans-and-Strategies,2019_UVic_2019-SAP-Final-Report.pdf,https://www.uvic.ca/sustainability/assets/docs/reports/2019.11.29_sap-close-out-report-final.pdf,2019,Report,Plans-and-Strategies,Seen in search,,Performance Measurement,Close-out of the 2014-2019 SAP.,Second-generation close-out template.
64,1,UVic,03_UVic/01_Plans-and-Strategies,2016_UVic_2016-SAP-Progress-Report-Full.pdf,https://www.uvic.ca/sustainability/assets/docs/reports/2016.Progress.Report.pdf,2016,Report,Plans-and-Strategies,Seen in search,,Performance Measurement,Mid-cycle progress report.,"A mid-cycle checkpoint, not just a close-out."
65,1,UVic,03_UVic/02_Climate-and-GHG-Reporting,2025_UVic_Climate-Change-Accountability-Report-CCAR-2025.pdf,https://www.uvic.ca/sustainability/assets/docs/reports/ccar25.pdf,2025,Statutory report,Climate-and-GHG-Reporting,Seen in search,,Carbon Zero; Performance Measurement,Newest BC public-sector climate accountability filing.,Current BC PSO template OC is required to match.
66,1,UVic,03_UVic/02_Climate-and-GHG-Reporting,2024_UVic_Climate-Change-Accountability-Report-CCAR-2024.pdf,https://www.uvic.ca/sustainability/assets/docs/ccar24.pdf,2024,Statutory report,Climate-and-GHG-Reporting,Seen in search,,Carbon Zero,"Annual GHG inventory, offsets and actions under the Climate Change Accountability Act.",Directly comparable BC PSO peer report for benchmarking OC's figures.
67,1,UVic,03_UVic/02_Climate-and-GHG-Reporting,2023_UVic_Climate-Change-Accountability-Report-CCAR-2023.pdf,https://www.uvic.ca/sustainability/assets/docs/cnar23.pdf,2023,Statutory report,Climate-and-GHG-Reporting,Fetched,,Carbon Zero,"Reports 10,302 tCO2e operational emissions for FY2022/23 plus offsets purchased.",Concrete tonnage to benchmark OC's per-FTE and per-sq-ft intensity against.
68,1,UVic,03_UVic/04_Transportation,2023_UVic_Campus-Traffic-Survey-2023-Final-Report.pdf,https://www.uvic.ca/campusplanning/assets/blocks/content/accordions/20240403_uvictrafficsurvey_2023report_final1.pdf,2023,Survey,Transportation,Fetched,PRIORITY,Transportation,"46% drive-alone, 26% transit, 7% cycling, 14% walking, 54% sustainable mode share. Method combines Miovision counts, ATRs, video occupancy counts and BC Transit APC data.",A validated multi-source mode-share methodology and a trend table format OC could replicate across four campuses.
69,1,UVic,03_UVic/04_Transportation,2021_UVic_Campus-Traffic-Survey-2021.pdf,https://www.uvic.ca/campusplanning/assets/blocks/content/accordions/20220408_uvictrafficsurvey_2021_report_final.pdf,2021,Survey,Transportation,Seen in search,,Transportation,"Prior cycle: 45% drive-alone, 22% transit.",Trend comparator confirming a biennial cadence is workable.
70,1,UVic,03_UVic/04_Transportation,2019_UVic_Campus-Cycling-Plan.pdf,https://www.uvic.ca/campusplanning/assets/docs/campus-cycling-plan-docs/campus-cycling-plan.pdf,~2019,Plan,Transportation,Fetched,,Transportation; Infrastructure,"Award-winning (CIP Award for Planning Excellence) plan covering bike parking, network and end-of-trip facilities.","Template structure for an OC multi-campus cycling and end-of-trip plan, which OC has not yet scoped."
71,1,UVic,03_UVic/10_Campus-Master-Plans,2016_UVic_Campus-Plan-2016.pdf,https://www.uvic.ca/campusplanning/assets/docs/CampusPlan2016.pdf,2016,Master plan,Campus-Master-Plans,Fetched,,Infrastructure; Policy/Planning,"Board-approved land-use master plan built on 1,650+ consultations, with 4 goals.",Consultation-scale benchmark and a 4-goal master-plan structure to cross-reference against OC's Capital Master Plan.
72,1,UVic,03_UVic/06_Waste-and-Procurement,2020_UVic_UVic-Supplier-Code-of-Conduct.pdf,https://www.uvic.ca/purchasing/assets/docs/uvicsuppliercodeofconduct.pdf,~2020,Policy,Waste-and-Procurement,Fetched,PRIORITY,Supply Chain,"Minimum environmental, labour and ethics standards for suppliers and subcontractors, referencing ILO declarations and the UN SDGs, with a termination clause for non-compliance.",Ready clause structure and international-standard references to adapt into an OC supplier code.
73,1,UVic,03_UVic/06_Waste-and-Procurement,nd_UVic_UVic-Sustainable-Procurement-Initiatives-Scholars-report.pdf,https://www.uvic.ca/graduatestudies/_assets/docs/sustainability-scholars/ssp-uvic-sustainable-procurement-initiatives-developing-an-implementation-strategy-for-supplier-code-of-conduct-and-ecovadis-supplier-sustainability-assessments-uvic-purchasing.pdf,n.d.,Applied research,Waste-and-Procurement,Seen in search,,Applied Research; Supply Chain,Student research project that built the implementation strategy for the Code of Conduct and EcoVadis rollout.,"Using a paid student placement to co-develop an operational tool. Cheap, curriculum-linked delivery OC could copy."
74,1,UVic,03_UVic/08_Governance-and-Policy,2021_UVic_UVic-Foundation-Responsible-Investment-Policy.pdf,https://www.uvic.ca/uvic-foundation/assets/docs/responsible_investment_policy.pdf,2021,Policy,Governance-and-Policy,Fetched,PRIORITY,Investment,"Engagement-over-exclusion approach. Commits to measuring portfolio carbon intensity and cutting it 45% by 2030, with quarterly Board reporting.",Quotable policy language plus a specific portfolio carbon-intensity KPI for OC's Investment impact area.
75,1,UVic,03_UVic/08_Governance-and-Policy,2018_UVic_Sustainability-Advisory-Committee-Terms-of-Reference.pdf,https://www.uvic.ca/campusplanning/about/committees/sustainabilityadvisorycommittee/sac-terms-of-reference-18.pdf,2018,Governance,Governance-and-Policy,Fetched,PRIORITY,Organizational Structure,"Formal ToR: mandate, membership, reporting lines.",A ToR template OC can adapt almost verbatim for its standing implementation committee.
76,1,UVic,03_UVic/07_Curriculum-and-Research,2021_UVic_Sustainability-Course-Inventory-2021-2022.pdf,https://www.uvic.ca/sustainability/assets/docs/2021-2022courseinv.pdf,2021,Dataset,Curriculum-and-Research,Seen in search,PRIORITY,Curriculum,Full listing of sustainability-themed courses. 92% of academic departments offered one that year.,Course-tagging method plus a headline KPI (% of departments offering a sustainability course) OC could adopt verbatim.
77,1,UVic,03_UVic/06_Waste-and-Procurement,2022_UVic_2022-Waste-Audit.pdf,https://www.uvic.ca/sustainability/assets/docs/2022wasteaudit.pdf,2022,Audit,Waste-and-Procurement,Seen in search,,Supply Chain,Waste composition audit feeding the 2023 STARS submission. ~80% daily diversion at Gordon Head.,Audit methodology plus a diversion-rate KPI to benchmark OC's campuses against.
78,1,UVic,03_UVic/06_Waste-and-Procurement,2021_UVic_2021-Default-Veg-Report.pdf,https://www.uvic.ca/sustainability/assets/docs/default-veg_report_2021.pdf,2021,Report,Waste-and-Procurement,Seen in search,,Supply Chain; Carbon Zero,Measures GHG reductions from making plant-based options the default in food service.,A low-CAPEX choice-architecture lever with a measurable emissions KPI.
79,1,UVic,03_UVic/10_Campus-Master-Plans,2011_UVic_Integrated-Energy-Master-Plan.pdf,https://www.uvic.ca/sustainability/assets/docs/policy/uvic-integrated-energy-plan.pdf,2011,Plan,Campus-Master-Plans,Seen in search,,Infrastructure (Energy),Identifies energy-efficiency and district-energy opportunities. Still cited on UVic's current energy page in 2026.,Evidence that a well-built energy master plan stays useful for 15 years. Useful in CAPEX conversations with Facilities.
80,1,UVic,03_UVic/01_Plans-and-Strategies,2023_UVic_Real-Estate-Strategy-2023.pdf,https://www.uvic.ca/_assets/docs/reports/116176-budg_uvic-district-real-estate-plan_v4.pdf,2023,Strategy,Plans-and-Strategies,Seen in search,,Infrastructure; Investment,District and real-estate development strategy tied to campus planning.,How to link land strategy to a sustainability master plan.
81,1,UVic,03_UVic/03_STARS,2017_UVic_UVic-STARS-Report-2017-self-hosted-copy.pdf,https://www.uvic.ca/sustainability/assets/docs/uvic-STARS-2017.pdf,2017,STARS,STARS,Seen in search,,Performance Measurement,Earlier full STARS submission hosted on UVic's own site rather than only on AASHE.,"Self-hosting a STARS submission is a transparency practice OC could copy, since AASHE credit pages are login-walled."
82,1,SFU,04_SFU/01_Plans-and-Strategies,2022_SFU_Strategic-Sustainability-and-Climate-Action-Plan-2022-2025.pdf,https://www.sfu.ca/content/dam/sfu/sustainability/Reports/SFUS_SFU2025-2023_V1-Nov2022.pdf,2022,Plan,Plans-and-Strategies,Seen in search,,Policy/Planning; Organizational Structure,Predecessor plan organizing action around each VP portfolio to drive systems change.,Portfolio-based (not just topic-based) action planning. A second axis OC could map alongside its 4 focus areas.
83,1,SFU,04_SFU/01_Plans-and-Strategies,2020_SFU_SFU-2020-2025-Sustainability-Plan.pdf,https://www.sfu.ca/content/dam/sfu/sustainability/Reports/SFU%20Sustainability%20Plan%202025_v1.0_date02282020_digital.pdf,2020,Plan,Plans-and-Strategies,Seen in search,,Policy/Planning,Full 5-year plan document.,Direct comparator for a 5-6 year horizon plan format.
84,1,SFU,04_SFU/01_Plans-and-Strategies,2020_SFU_5-Year-Plan-Summer-2020-Progress-Report.pdf,https://www.sfu.ca/content/dam/sfu/sustainability/Reports/5YP_Summer2020Report_09212020FINAL.pdf,2020,Report,Plans-and-Strategies,Seen in search,,Performance Measurement,Quarterly-style progress report.,Lightweight interim tracking format versus a full annual report.
85,1,SFU,04_SFU/01_Plans-and-Strategies,2020_SFU_5-Year-Plan-Spring-2020-Quarterly-Report.pdf,https://www.sfu.ca/content/dam/sfu/sustainability/Reports/5YP_QuarterlyReport_Spring2020_05.22.2020.pdf,2020,Report,Plans-and-Strategies,Seen in search,,Performance Measurement,Earlier quarterly report in the same cadence.,Repeatable quarterly template.
86,1,SFU,04_SFU/01_Plans-and-Strategies,2020_SFU_2020-Annual-Sustainability-Report.pdf,https://www.sfu.ca/content/dam/sfu/sustainability/Reports/annual_sustainability_report_2020.pdf,2020,Report,Plans-and-Strategies,Seen in search,,Communications,Annual report format predating the biennial cadence.,Annual-report layout and voice for public comms.
87,1,SFU,04_SFU/01_Plans-and-Strategies,2022_SFU_2020-2022-Annual-Sustainability-Report.pdf,https://www.sfu.ca/content/dam/sfu/sustainability/About/Publications/ASR_2020_2022.pdf,2022,Report,Plans-and-Strategies,Seen in search,,Communications; Performance Measurement,Two-year combined report.,How to consolidate two cycles into one report when priorities shift.
88,1,SFU,04_SFU/02_Climate-and-GHG-Reporting,2022_SFU_SFU-Greenhouse-Gas-Inventory-2019-2022.pdf,https://www.sfu.ca/content/dam/sfu/sustainability/About/Publications/GHG_inventory_2019-2022.pdf,2022,Dataset,Climate-and-GHG-Reporting,Seen in search,,Carbon Zero; Infrastructure,Multi-year Scope 1/2/3 GHG inventory.,GHG Protocol-aligned inventory structure for a multi-campus institution.
89,1,SFU,04_SFU/11_Climate-Risk-and-Resilience,2021_SFU_SFU-Climate-Change-Risk-Assessment-Report.pdf,https://www.sfu.ca/content/dam/sfu/sustainability/Reports/2021_SFUClimateRiskAssessmentReport.pdf,2021,Assessment,Climate-Risk-and-Resilience,Seen in search,PRIORITY,Climate Resilience,Formal climate risk and vulnerability assessment.,Methodology template for OC's four campuses in different micro-climates. Serves target T4.
90,1,SFU,04_SFU/02_Climate-and-GHG-Reporting,2025_SFU_Climate-Change-Accountability-Report-2025.pdf,https://www.sfu.ca/content/dam/sfu/fs/files/SustainableInitiatives/2025_SFU_CCAR.pdf,2025,Statutory report,Climate-and-GHG-Reporting,Seen in search,,Carbon Zero; Performance Measurement,Latest in an unbroken annual BC-mandated filing series.,The BC PSO template OC must also follow.
91,1,SFU,04_SFU/02_Climate-and-GHG-Reporting,2024_SFU_Climate-Change-Accountability-Report-2024.pdf,https://www.sfu.ca/content/dam/sfu/fs/files/SustainableInitiatives/2024_SFU_CCAR.pdf,2024,Statutory report,Climate-and-GHG-Reporting,Seen in search,,Carbon Zero,Same series.,Year-over-year comparator for OC's own filings.
92,1,SFU,04_SFU/02_Climate-and-GHG-Reporting,2023_SFU_Climate-Change-Accountability-Report-2023.pdf,https://www.sfu.ca/content/dam/sfu/fs/files/SustainableInitiatives/CCAR%202023%20-%20SFU.pdf,2023,Statutory report,Climate-and-GHG-Reporting,Seen in search,,Carbon Zero,Same series.,Comparator.
93,1,SFU,04_SFU/02_Climate-and-GHG-Reporting,2022_SFU_Climate-Change-Accountability-Report-2022.pdf,https://www.sfu.ca/content/dam/sfu/fs/files/SustainableInitiatives/2022%20Climate%20Change%20Accountability%20Report.pdf,2022,Statutory report,Climate-and-GHG-Reporting,Seen in search,,Carbon Zero,"Same series, when the name changed from CNAR to CCAR.",Comparator.
94,1,SFU,04_SFU/01_Plans-and-Strategies,2017_SFU_SFU-20-Year-Sustainability-Vision-and-Goals.pdf,https://hub.aashe.org/media/SFU%2020-Year%20Sustainability%20Vision%20and%20Goals%20(Feb%2028).pdf,2017,Vision,Plans-and-Strategies,Fetched,PRIORITY,Policy/Planning; Communications,"Long-horizon vision built from 4,000+ community members via IAP2 engagement. 5 themes and 20 goals.","How to pair a 6-year plan with a longer vision, plus the IAP2 engagement methodology."
95,1,SFU,04_SFU/01_Plans-and-Strategies,2016_SFU_SFU-Community-Conversations-Booklet.pdf,https://hub.aashe.org/media/SFU2021%20Community%20Conversations%20booklet.pdf,~2016,Toolkit,Plans-and-Strategies,Fetched,,Communications; Training,Public engagement and consultation handbook supporting the 20-year vision process.,Reusable facilitation format for consultations across OC's four campuses.
96,1,SFU,04_SFU/01_Plans-and-Strategies,2016_SFU_SFU-Sustainability-Information-Sheets.pdf,https://hub.aashe.org/media/SFU%20Sustainability%20Info%20Sheets.pdf,~2016,Comms,Plans-and-Strategies,Fetched,,Communications,One-page info sheets summarizing sustainability topics for community engagement.,Format template for one-pagers per impact area. Echoes OC's manager brief one-pager.
97,1,SFU,04_SFU/06_Waste-and-Procurement,2018_SFU_Social-Procurement-Guide-4-institution-BC-collaboration.pdf,https://www.sfu.ca/content/dam/sfu/finance/services/procurement/SocialProcurementGuide_web.pdf,~2018-2022,Guide,Waste-and-Procurement,Fetched,PRIORITY,Supply Chain,Co-developed by four BC post-secondary institutions with the BC Collaborative for Social Innovation and the McConnell Foundation.,A pre-built BC-specific guide OC could adopt by reference rather than draft from scratch.
98,1,SFU,04_SFU/06_Waste-and-Procurement,2025_SFU_Supply-Chains-Act-Report-2025.pdf,https://www.sfu.ca/content/dam/sfu/finance/services/procurement/Supply-Chains-Act-Report-2025-Signed.pdf,2025,Compliance,Waste-and-Procurement,Fetched,PRIORITY,Supply Chain,Federal Fighting Against Forced Labour and Child Labour in Supply Chains Act compliance report.,"Template for OC's own mandatory federal filing. This is a compliance obligation, not optional."
99,1,SFU,04_SFU/04_Transportation,2025_SFU_BC-EV-Charging-Alliance-Roadmap-Phase-1-Report.pdf,https://a.iscdn.net/foresight/2025/04/3641_foresight-canada-electric-vehicle-charging-alliance-roadmap.pdf,2025,Roadmap,Transportation,Fetched,PRIORITY,Transportation; Infrastructure; Carbon Zero,"Foundational roadmap for a 36-institution BC post-secondary coalition (11 universities, 11 colleges, 3 polytechnics) co-founded by SFU and Foresight Canada. Covers barriers, financial models and 3 governance options.","Real cost figures ($12-20K/port), a working carbon-credit revenue model, and payback math. OC can join an existing coalition instead of building an EV strategy alone."
100,1,TRU,05_TRU/01_Plans-and-Strategies,2019_TRU_Campus-Strategic-Sustainability-Plan-2020-2025.pdf,https://www.tru.ca/__shared/assets/campus-strategic-sustainability-plan-2020-202547354.pdf,2019,Plan,Plans-and-Strategies,Fetched,PRIORITY,Policy/Planning; all 13 impact areas,"Four STARS-aligned goals broken into 17 thematic areas and 117+ strategies, tagged ongoing/short/medium/long-term, with numeric 2025 and 2030 targets.","The closest structural precedent anywhere to OC's 4-focus / 13-impact-area framework. Steal the structure, not just reference it."
101,1,TRU,05_TRU/02_Climate-and-GHG-Reporting,2025_TRU_Climate-Change-Accountability-Report-2025.pdf,https://www.tru.ca/__shared/assets/climate-change-accountability-report-202565391.pdf,2025,Statutory report,Climate-and-GHG-Reporting,Fetched,,Carbon Zero; UNSDGs,"4,721 tCO2e total; 51% stationary-source reduction vs baseline; 1,436 tCO2e offset at ~$25/t ($35,900).",GHG accounting category breakdown (stationary/mobile/paper/fugitive) OC's own CNAR must follow.
102,1,TRU,05_TRU/06_Waste-and-Procurement,2022_TRU_TRU-Zero-Waste-Plan-2022-2027.pdf,https://www.tru.ca/__shared/assets/tru-zero-waste-plan-2022-202755989.pdf,2022,Plan,Waste-and-Procurement,Seen in search,,Supply Chain,5-year waste diversion and circular-economy roadmap.,"Model for an OC waste sub-plan under Supply Chain, building on the Mar 2026 trash audit."
103,1,TRU,05_TRU/05_Energy-and-Buildings,2025_TRU_Strategic-Energy-Management-Plan-2025.pdf,https://www.tru.ca/__shared/assets/strategic-energy-management-plan64312.pdf,2025,Plan,Energy-and-Buildings,Seen in search,PRIORITY,Infrastructure (Energy),Energy-reduction roadmap tied to BC Hydro's SEMP program.,Directly reusable format. BC Hydro SEMP is the same program available to OC.
104,1,TRU,05_TRU/10_Campus-Master-Plans,2025_TRU_Campus-Master-Plan-Refresh.pdf,https://www.tru.ca/__shared/assets/2025-campus-master-plan-refresh.pdf,2025,Master plan,Campus-Master-Plans,Seen in search,,Infrastructure; Transportation,"Updates the 2013 plan for active transportation, land acquisitions and allocations.",How to refresh rather than rebuild a master plan mid-cycle. Relevant to OC's Capital Master Plan update.
105,1,TRU,05_TRU/07_Curriculum-and-Research,nd_TRU_List-of-Sustainability-Focused-Courses.pdf,https://www.tru.ca/__shared/assets/List_of_Sustainability_Focused_Courses33174.pdf,Recent,Curriculum inventory,Curriculum-and-Research,Seen in search,,Curriculum,Approved-course list backing a Certificate in Leadership in Environmental Sustainability.,Template for OC's own sustainability-course tagging for STARS academic credits.
106,1,TRU,05_TRU/08_Governance-and-Policy,2023_TRU_TRU-Sustainability-Grant-Fund-Terms-of-Reference-2023-24.pdf,https://www.tru.ca/__shared/assets/TRU_Sustainability_Grant_Fund_Terms_of_Reference_-_2023_-_202458190.pdf,2023,Governance,Governance-and-Policy,Seen in search,PRIORITY,Investment; Training; Applied Research,Governs a faculty/staff/student sustainability micro-grant program of roughly $100K/yr.,A ready-made ToR for an OC internal sustainability grant fund.
107,1,TRU,05_TRU/07_Curriculum-and-Research,2025_TRU_TRU-Sustainability-Research-Grant-for-Faculty-2025-26.pdf,http://www.tru.ca/__shared/assets/Sustainability_Research_Grant_for_Faculty_2025-202664878.pdf,2025,Program,Curriculum-and-Research,Seen in search,,Applied Research,Faculty-facing applied-research micro-grant program.,Direct funding-mechanism model for OC's Applied Research impact area.
108,1,TRU,05_TRU/04_Transportation,nd_TRU_FleetCarma-Electric-Vehicle-Suitability-Assessment.pdf,https://www.tru.ca/__shared/assets/FleetCarma_Electric_Vehicle_Suitability_Assessment41011.pdf,n.d.,Study,Transportation,Seen in search,PRIORITY,Transportation; Carbon Zero,Fleet electrification feasibility analysis.,Same assessment methodology applies to OC's 36-vehicle fleet and the open OP13 boundary question.
109,1,TRU,05_TRU/07_Curriculum-and-Research,2026_TRU_Sustainability-Literacy-Assessment-Report-2026.pdf,https://www.tru.ca/__shared/assets/2026-literacy-assessment-report65173.pdf,2026,Survey,Curriculum-and-Research,Seen in search,PRIORITY,Training; Performance Measurement,Recurring campus-wide sustainability-literacy survey of students and employees.,"A ready-made KPI instrument for OC's Training baseline, which currently reads 'no specific training program developed yet'."
110,1,TRU,05_TRU/08_Governance-and-Policy,2019_TRU_TRU-Investment-Asset-Breakdown.pdf,https://www.tru.ca/__shared/assets/Asset_Breakdown_201949110.pdf,2019,Disclosure,Governance-and-Policy,Seen in search,,Investment,Investment portfolio composition disclosure. No formal ESG/divestment policy was found.,Transparency-reporting template for OC's Investment impact area.
111,1,UFV,06_UFV/08_Governance-and-Policy,nd_UFV_UFV-Sustainability-Policy-Policy-244.pdf,https://www.ufv.ca/media/assets/secretariat/policies/Sustainability-(244).pdf,Current,Policy,Governance-and-Policy,Seen in search,,Policy/Planning,Formal board-level sustainability policy.,Ready governance-policy template for OC's own board-level policy.
112,1,UFV,06_UFV/02_Climate-and-GHG-Reporting,2025_UFV_Climate-Change-Accountability-Report-2025.pdf,https://www.ufv.ca/media/assets/office-of-sustainability/2025-UFV-Climate-Change-Accountability-Report.pdf,2025,Statutory report,Climate-and-GHG-Reporting,Fetched,,Carbon Zero; Infrastructure,"3,037 tCO2e total: natural gas 66%, a temporary emergency generator 20% (Aug 2025 electrical-room fire), fleet 0.5%, paper 0.91%. 2,956 tCO2e retired at $25/t = $77,595.",How to narrate a one-off emissions spike transparently in a CNAR. A useful precedent for OC's own anomaly disclosures.
113,1,UFV,06_UFV/05_Energy-and-Buildings,2025_UFV_Strategic-Energy-Management-Plan-Report-202425.pdf,https://www.ufv.ca/media/assets/office-of-sustainability/SEMP-Report-2024-2025.pdf,2025,Report,Energy-and-Buildings,Seen in search,,Infrastructure (Energy),BC Hydro SEMP program annual report.,Same BC Hydro program as TRU's. A comparator pair for OC's own SEMP filing.
114,1,UFV,06_UFV/04_Transportation,2022_UFV_Transportation-Demand-Management-TDM-Report.pdf,https://www.ufv.ca/media/assets/centre-for-environmental-sustainability/2022_UFV_TDM.pdf,2022,Study,Transportation,Fetched,PRIORITY,Transportation,Multi-campus (Abbotsford and Chilliwack) commuting and TDM analysis.,Directly comparable multi-campus TDM methodology to what OC needs across four campuses.
115,1,UFV,06_UFV/10_Campus-Master-Plans,2016_UFV_Abbotsford-Campus-Master-Plan.pdf,https://www.ufv.ca/media/assets/campus-planning/pdfs/UFV-CMP-20160422_Reduced.pdf,2016,Master plan,Campus-Master-Plans,Seen in search,,Infrastructure,Full Abbotsford campus master plan.,Multi-campus master-plan comparator.
116,1,UFV,06_UFV/10_Campus-Master-Plans,2024_UFV_Chilliwack-Campus-Plan.pdf,https://chilliwack.campuscommunities.ca/wp-content/uploads/2024/07/UFV-CCP-20240614-compressed.pdf,2024,Master plan,Campus-Master-Plans,Seen in search,,Infrastructure,Newer plan for UFV's smaller campus.,"How a satellite campus plan is scoped differently from the flagship. Relevant to Vernon, Salmon Arm and Penticton."
117,1,UFV,06_UFV/01_Plans-and-Strategies,2025_UFV_Institutional-Accountability-Plan-and-Report-202425.pdf,https://www.ufv.ca/media/assets/institutional-research/accountabilityreport/UFV-IAPR-2024-25-2025-07-10.pdf,2025,Accountability report,Plans-and-Strategies,Seen in search,,Performance Measurement,"Government-mandated institutional accountability report, broader than sustainability but including relevant metrics.",How to nest sustainability KPIs inside a mandatory provincial accountability report.
118,1,Selkirk College,07_BC-College-Sector/Selkirk-College/01_Plans-and-Strategies,2023_Selkirk_Selkirk-College-Sustainability-Plan-2023-2027.pdf,https://selkirk.ca/sites/default/files/documents/selkirk-college-sustainability-plan-2023.pdf,2023,Plan,Plans-and-Strategies,Fetched,PRIORITY,Policy/Planning; all 4 focus areas,"Four-pillar plan (Academics/Research, Engagement, Operations, Planning & Admin), near-identical to OC's four focus areas. 60% building GHG cut below 2010 by 2027, net-zero by 2030 pledge, 20% increase in sustainability-defined courses.",The closest structural mirror to OC's own framework in the college sector. Benchmark pillar definitions and KPI style almost 1:1.
119,1,Camosun College,07_BC-College-Sector/Camosun-College/01_Plans-and-Strategies,2018_Camosun_Camosun-Sustainability-Plan-201819-202122.pdf,https://camosun.ca/sites/default/files/2022-07/Camosun-Sustainability-Plan-2018-2022.pdf,2018,Plan,Plans-and-Strategies,Fetched,,Infrastructure; Supply Chain; Transportation,"Four action pillars (Energy & Emissions, Waste & Recycling, Food, Transportation) plus cross-cutting Indigenization, EDI and Wellness. 80% below 2007 by 2050.",The Energy Savings Revolving Fund plus smart-metering rollout is a concrete OPEX mechanism OC could adopt.
120,1,Camosun College,07_BC-College-Sector/Camosun-College/01_Plans-and-Strategies,2025_Camosun_Camosun-Climate-Pathways-V4.pdf,https://camosun.ca/sites/default/files/2025-09/ClimatePathwaysV4.pdf,2025,Plan,Plans-and-Strategies,Seen in search,,Carbon Zero,Later-generation climate pathways document succeeding the 2018 plan.,Pathway/scenario modelling format for OC's own 6-year decarbonization mapping.
121,1,KPU,07_BC-College-Sector/KPU/01_Plans-and-Strategies,2019_KPU_KPU-Sustainability-Framework-KPU2050.pdf,https://www.kpu.ca/sites/default/files/KPU%20Sustainability%20Plan.pdf,2019,Plan,Plans-and-Strategies,Landing page seen,,Policy/Planning; Organizational Structure,Sustainability as one of five institutional strategic goals. An Office of Sustainability plus a cross-departmental Sustainability Hub. SDG Accord and Race to Zero signatory. Silver STARS (2024).,"The Sustainability Hub cross-departmental model is a strong Operational Dependencies template, mirroring OC's Procurement/IT/Facilities coordination need."
122,1,KPU,07_BC-College-Sector/KPU/01_Plans-and-Strategies,2024_KPU_KPU-Sustainability-Report-2023-2024.pdf,https://www.kpu.ca/sites/default/files/Campus%20and%20Community%20Planning/Sustainability%20Report_2023-2024.pdf,2024,Report,Plans-and-Strategies,Landing page only,,Performance Measurement; Communications,Annual public report separate from STARS and CCAR filings.,Template for an annual public report distinct from the regulatory filing.
123,1,UNBC,07_BC-College-Sector/UNBC/01_Plans-and-Strategies,2025_UNBC_UNBC-Sustainability-Strategic-Plan-2025-2035-draft-v5.1.pdf,https://www.unbc.ca/sites/default/files/sections/sustainability/unbcsustainabilityplan2025-2035draftv5_1.pdf,2025,Plan,Plans-and-Strategies,Landing page seen,PRIORITY,Policy/Planning; Performance Measurement,"New 10-year plan, explicitly a living document with annual progress reporting. Sustainability Office relaunched Jan 2024.",The newest full sustainability strategic plan in the BC non-research-university cohort. Worth a deep read given OC is drafting in the same window.
124,1,BC Government / Sector,08_Sector-and-Government/BC-Government/02_Climate-and-GHG-Reporting,2025_BCGov_Okanagan-College-2025-CCAR-OC's-own-filing.pdf,https://www2.gov.bc.ca/assets/gov/environment/climate-change/cnar/2025/ps/okanagan_college_2025_ccar.pdf,2025,Statutory report,Climate-and-GHG-Reporting,Fetched (index),PRIORITY,Carbon Zero,"OC's own most recent Climate Change Accountability Report, publicly filed.",Directly relevant to open question #2 (latest Scope 1 and 2 tonnage and baseline year). Worth reading against the master plan.
125,1,Labour market research,09_Labour-Market-Research/07_Curriculum-and-Research,2026_Research_The-Demand-for-Green-Skills-and-the-Impact-on-Apprentices-Future-Skills-Centre.pdf,https://fsc-ccf.ca/wp-content/uploads/2026/03/FSC_Green-economy-report-EN.pdf,2026,Research,Curriculum-and-Research,Fetched,PRIORITY,Curriculum; Applied Research; Trades for the Transition,"264,000 apprentices must be trained by 2034, a 49% increase, under a green-transition scenario. Refrigeration/AC mechanics and construction electricians account for nearly half of new demand. Core finding: existing trades, not new ones, drive the green economy.",The highest-value labour-market citation for OC's flagship initiative. A defensible national demand figure naming the exact trades to prioritize.
126,1,Labour market research,09_Labour-Market-Research/07_Curriculum-and-Research,2026_Research_Sustainable-Jobs-in-BC-ACET-Pembina-synthesis.pdf,https://www.pembina.org/sites/default/files/2026-04/ACET-Pembina_Sustainable_Jobs_Workshop_Synthesis_report_Final_0.pdf,2026,Research,Curriculum-and-Research,Fetched,PRIORITY,Curriculum; Trades for the Transition,BC skilled-trades vacancies up ~47% over the decade. 6.7% overall vs 15.6% youth unemployment. Identifies a structural imbalance between demand and skilled-worker supply and calls for post-secondary coordination.,The clearest BC-specific justification for Trades for the Transition. Cite alongside the FSC report for a national plus provincial evidence base.
127,2,UBC Vancouver,01_UBC-Vancouver/04_Transportation,2023_UBCV_UBC-Vancouver-Transportation-Status-Report-2023.pdf,https://planning.ubc.ca/sites/default/files/2024-06/UBC2023-TransportationStatusReport-FINAL.pdf,2023,Transportation Status Report,Transportation,Link seen on index page,,,"Transportation Status Report series, 2023.",Part of the Transportation Status Report time series. Multi-year trend data for benchmarking.
128,2,UBC Vancouver,01_UBC-Vancouver/04_Transportation,2022_UBCV_UBC-Vancouver-Transportation-Status-Report-2022.pdf,https://planning.ubc.ca/sites/default/files/2023-06/UBC2022-TransportationStatusReport-FINAL.pdf,2022,Transportation Status Report,Transportation,Link seen on index page,,,"Transportation Status Report series, 2022.",Part of the Transportation Status Report time series. Multi-year trend data for benchmarking.
129,2,UBC Vancouver,01_UBC-Vancouver/04_Transportation,2021_UBCV_UBC-Vancouver-Transportation-Status-Report-2021.pdf,https://planning.ubc.ca/sites/default/files/2022-06/UBC2021-TransportationStatusReport-FINAL.pdf,2021,Transportation Status Report,Transportation,Link seen on index page,,,"Transportation Status Report series, 2021.",Part of the Transportation Status Report time series. Multi-year trend data for benchmarking.
130,2,UBC Vancouver,01_UBC-Vancouver/04_Transportation,2020_UBCV_UBC-Vancouver-Transportation-Status-Report-2020.pdf,https://planning.ubc.ca/sites/default/files/2021-10/UBC2020-TransportationStatusReport-FINAL.pdf,2020,Transportation Status Report,Transportation,Link seen on index page,,,"Transportation Status Report series, 2020.",Part of the Transportation Status Report time series. Multi-year trend data for benchmarking.
131,2,UBC Vancouver,01_UBC-Vancouver/04_Transportation,2019_UBCV_UBC-Vancouver-Transportation-Status-Report-Fall-2019.pdf,https://planning.ubc.ca/sites/default/files/2020-05/UBC2019-TransportationStatusReport-Mar5-2020_0.pdf,2019,Transportation Status Report,Transportation,Link seen on index page,,,"Transportation Status Report series, 2019.",Part of the Transportation Status Report time series. Multi-year trend data for benchmarking.
132,2,UBC Vancouver,01_UBC-Vancouver/04_Transportation,2018_UBCV_UBC-Vancouver-Transportation-Status-Report-Fall-2018.pdf,https://planning.ubc.ca/sites/default/files/2019-12/REPORT_UBC_2018TransportationStatusReport.pdf,2018,Transportation Status Report,Transportation,Link seen on index page,,,"Transportation Status Report series, 2018.",Part of the Transportation Status Report time series. Multi-year trend data for benchmarking.
133,2,UBC Vancouver,01_UBC-Vancouver/04_Transportation,2017_UBCV_UBC-Vancouver-Transportation-Status-Report-2017.pdf,https://planning.ubc.ca/sites/default/files/2019-11/REPORT_UBC_Transportation_2017.pdf,2017,Transportation Status Report,Transportation,Link seen on index page,,,"Transportation Status Report series, 2017.",Part of the Transportation Status Report time series. Multi-year trend data for benchmarking.
134,2,UBC Vancouver,01_UBC-Vancouver/04_Transportation,2016_UBCV_UBC-Vancouver-Transportation-Status-Report-2016.pdf,https://planning.ubc.ca/sites/default/files/2019-11/REPORT_UBC_Transportation_2016.pdf,2016,Transportation Status Report,Transportation,Link seen on index page,,,"Transportation Status Report series, 2016.",Part of the Transportation Status Report time series. Multi-year trend data for benchmarking.
135,2,UBC Vancouver,01_UBC-Vancouver/04_Transportation,2015_UBCV_UBC-Vancouver-Transportation-Status-Report-Fall-2015.pdf,https://planning.ubc.ca/sites/default/files/2019-11/REPORT_UBC_Transportation_2015.pdf,2015,Transportation Status Report,Transportation,Link seen on index page,,,"Transportation Status Report series, 2015.",Part of the Transportation Status Report time series. Multi-year trend data for benchmarking.
136,2,UBC Vancouver,01_UBC-Vancouver/02_Climate-and-GHG-Reporting,2024_UBCV_UBC-Vancouver-Campus-GHG-Emissions-Inventory-2024.pdf,https://sustain.ubc.ca/sites/default/files/UBCV_GHG_Inventory_2024.pdf,2024,GHG Inventory,Climate-and-GHG-Reporting,Link seen on index page,,,"GHG Inventory series, 2024.",Part of the GHG Inventory time series. Multi-year trend data for benchmarking.
137,2,UBC Vancouver,01_UBC-Vancouver/02_Climate-and-GHG-Reporting,2023_UBCV_UBC-Vancouver-Campus-GHG-Emissions-Inventory-2023.pdf,https://sustain.ubc.ca/sites/default/files/UBCV_GHG_Inventory_2023.pdf,2023,GHG Inventory,Climate-and-GHG-Reporting,Link seen on index page,,,"GHG Inventory series, 2023.",Part of the GHG Inventory time series. Multi-year trend data for benchmarking.
138,2,UBC Vancouver,01_UBC-Vancouver/02_Climate-and-GHG-Reporting,2022_UBCV_UBC-Vancouver-Campus-GHG-Emissions-Inventory-2022.pdf,https://sustain.ubc.ca/sites/default/files/files/UBCV_GHG_Inventory_2022.pdf,2022,GHG Inventory,Climate-and-GHG-Reporting,Link seen on index page,,,"GHG Inventory series, 2022.",Part of the GHG Inventory time series. Multi-year trend data for benchmarking.
139,2,UBC Vancouver,01_UBC-Vancouver/02_Climate-and-GHG-Reporting,2021_UBCV_UBC-Vancouver-Campus-GHG-Emissions-Inventory-2021.pdf,https://sustain.ubc.ca/sites/default/files/files/UBCV_GHG_Inventory_2021.pdf,2021,GHG Inventory,Climate-and-GHG-Reporting,Link seen on index page,,,"GHG Inventory series, 2021.",Part of the GHG Inventory time series. Multi-year trend data for benchmarking.
140,2,UBC Vancouver,01_UBC-Vancouver/02_Climate-and-GHG-Reporting,2020_UBCV_UBC-Vancouver-Campus-GHG-Emissions-Inventory-2020.pdf,https://sustain.ubc.ca/sites/default/files/UBC_GHG_Inventory_2020.pdf,2020,GHG Inventory,Climate-and-GHG-Reporting,Link seen on index page,,,"GHG Inventory series, 2020.",Part of the GHG Inventory time series. Multi-year trend data for benchmarking.
141,2,UBC Vancouver,01_UBC-Vancouver/02_Climate-and-GHG-Reporting,2019_UBCV_UBC-Vancouver-Campus-GHG-Emissions-Inventory-2019.pdf,https://sustain.ubc.ca/sites/default/files/files/UBC_GHG_Inventory_2019_15Jan21.pdf,2019,GHG Inventory,Climate-and-GHG-Reporting,Link seen on index page,,,"GHG Inventory series, 2019.",Part of the GHG Inventory time series. Multi-year trend data for benchmarking.
142,2,UBC Vancouver,01_UBC-Vancouver/02_Climate-and-GHG-Reporting,2018_UBCV_UBC-Vancouver-Campus-GHG-Emissions-Inventory-2018.pdf,https://sustain.ubc.ca/sites/default/files/files/UBC_GHG_Inventory_2018.pdf,2018,GHG Inventory,Climate-and-GHG-Reporting,Link seen on index page,,,"GHG Inventory series, 2018.",Part of the GHG Inventory time series. Multi-year trend data for benchmarking.
143,2,UBC Vancouver,01_UBC-Vancouver/02_Climate-and-GHG-Reporting,2017_UBCV_UBC-Vancouver-Campus-GHG-Emissions-Inventory-2017.pdf,https://sustain.ubc.ca/sites/sustain.ubc.ca/files/UBCGHGInventory_2017_web.pdf,2017,GHG Inventory,Climate-and-GHG-Reporting,Link seen on index page,,,"GHG Inventory series, 2017.",Part of the GHG Inventory time series. Multi-year trend data for benchmarking.
144,2,UBC Vancouver,01_UBC-Vancouver/02_Climate-and-GHG-Reporting,2016_UBCV_UBC-Vancouver-Campus-GHG-Emissions-Inventory-2016.pdf,https://sustain.ubc.ca/sites/sustain.ubc.ca/files/uploads/CampusSustainability/CS_PDFs/ClimateEnergy/UBCGHGInventory_2016.pdf,2016,GHG Inventory,Climate-and-GHG-Reporting,Link seen on index page,,,"GHG Inventory series, 2016.",Part of the GHG Inventory time series. Multi-year trend data for benchmarking.
145,2,UBC Vancouver,01_UBC-Vancouver/02_Climate-and-GHG-Reporting,2015_UBCV_UBC-Vancouver-Campus-GHG-Emissions-Inventory-2015.pdf,https://sustain.ubc.ca/sites/sustain.ubc.ca/files/UBCGHGInventory_2015.pdf,2015,GHG Inventory,Climate-and-GHG-Reporting,Link seen on index page,,,"GHG Inventory series, 2015.",Part of the GHG Inventory time series. Multi-year trend data for benchmarking.
146,2,UBC Vancouver,01_UBC-Vancouver/01_Plans-and-Strategies,2023_UBCV_UBC-Annual-Sustainability-Report-2023-24.pdf,https://sustain.ubc.ca/sites/default/files/files/UBC-Annual-Sustainability-Report-2023-24.pdf,2023,Annual Sustainability Report,Plans-and-Strategies,Link seen on index page,,,"Annual Sustainability Report series, 2023.",Part of the Annual Sustainability Report time series. Multi-year trend data for benchmarking.
147,2,UBC Vancouver,01_UBC-Vancouver/01_Plans-and-Strategies,2022_UBCV_UBC-Annual-Sustainability-Report-2022-23.pdf,https://sustain.ubc.ca/sites/default/files/files/UBC-Annual-Sustainability-Report-2022-23.pdf,2022,Annual Sustainability Report,Plans-and-Strategies,Link seen on index page,,,"Annual Sustainability Report series, 2022.",Part of the Annual Sustainability Report time series. Multi-year trend data for benchmarking.
148,2,UBC Vancouver,01_UBC-Vancouver/01_Plans-and-Strategies,2021_UBCV_UBC-Annual-Sustainability-Report-2021-22.pdf,https://sustain.ubc.ca/sites/default/files/files/Annual-Sustainability-Report-2021-22_1.pdf,2021,Annual Sustainability Report,Plans-and-Strategies,Link seen on index page,,,"Annual Sustainability Report series, 2021.",Part of the Annual Sustainability Report time series. Multi-year trend data for benchmarking.
149,2,UBC Vancouver,01_UBC-Vancouver/01_Plans-and-Strategies,2020_UBCV_UBC-Annual-Sustainability-Report-2020-21.pdf,https://sustain.ubc.ca/sites/default/files/files/2020-21-Annual-Sustainability-Report.pdf,2020,Annual Sustainability Report,Plans-and-Strategies,Link seen on index page,,,"Annual Sustainability Report series, 2020.",Part of the Annual Sustainability Report time series. Multi-year trend data for benchmarking.
150,2,UBC Vancouver,01_UBC-Vancouver/01_Plans-and-Strategies,2019_UBCV_UBC-Annual-Sustainability-Report-2019-20.pdf,https://sustain.ubc.ca/sites/default/files/2019-20ASR_201019_0.pdf,2019,Annual Sustainability Report,Plans-and-Strategies,Link seen on index page,,,"Annual Sustainability Report series, 2019.",Part of the Annual Sustainability Report time series. Multi-year trend data for benchmarking.
151,2,UBC Vancouver,01_UBC-Vancouver/01_Plans-and-Strategies,2018_UBCV_UBC-Annual-Sustainability-Report-2018-19.pdf,https://sustain.ubc.ca/sites/default/files/files/18-19-Annual-Sustainability-Report.pdf,2018,Annual Sustainability Report,Plans-and-Strategies,Link seen on index page,,,"Annual Sustainability Report series, 2018.",Part of the Annual Sustainability Report time series. Multi-year trend data for benchmarking.
152,2,UBC Vancouver,01_UBC-Vancouver/01_Plans-and-Strategies,2017_UBCV_UBC-Annual-Sustainability-Report-2017-18.pdf,https://sustain.ubc.ca/sites/default/files/files/ASR-2017-2018-2.pdf,2017,Annual Sustainability Report,Plans-and-Strategies,Link seen on index page,,,"Annual Sustainability Report series, 2017.",Part of the Annual Sustainability Report time series. Multi-year trend data for benchmarking.
153,2,UBC Vancouver,01_UBC-Vancouver/01_Plans-and-Strategies,2016_UBCV_UBC-Annual-Sustainability-Report-2016-17.pdf,https://sustain.ubc.ca/sites/default/files/Annual%20Sustainability%20Report%20-%20January%202018.pdf,2016,Annual Sustainability Report,Plans-and-Strategies,Link seen on index page,,,"Annual Sustainability Report series, 2016.",Part of the Annual Sustainability Report time series. Multi-year trend data for benchmarking.
154,2,UBC Vancouver,01_UBC-Vancouver/01_Plans-and-Strategies,2015_UBCV_UBC-Annual-Sustainability-Report-2015-16.pdf,https://sustain.ubc.ca/sites/default/files/2015-16%20Annual%20Sustainability%20Report.pdf,2015,Annual Sustainability Report,Plans-and-Strategies,Link seen on index page,,,"Annual Sustainability Report series, 2015.",Part of the Annual Sustainability Report time series. Multi-year trend data for benchmarking.
155,2,UBC Vancouver,01_UBC-Vancouver/02_Climate-and-GHG-Reporting,2025_UBCV_UBC-Climate-Change-Accountability-Report-2025.pdf,https://www2.gov.bc.ca/assets/gov/environment/climate-change/cnar/2025/ps/ubc_2025_ccar.pdf,2025,CCAR,Climate-and-GHG-Reporting,Link seen on index page,,,"CCAR series, 2025.",Part of the CCAR time series. Multi-year trend data for benchmarking.
156,2,UBC Vancouver,01_UBC-Vancouver/02_Climate-and-GHG-Reporting,2023_UBCV_UBC-Climate-Change-Accountability-Report-2023.pdf,https://www2.gov.bc.ca/assets/gov/environment/climate-change/cnar/2023/ps/university_of_british_columbia_2023_ccar.pdf,2023,CCAR,Climate-and-GHG-Reporting,Link seen on index page,,,"CCAR series, 2023.",Part of the CCAR time series. Multi-year trend data for benchmarking.
157,2,UBC Vancouver,01_UBC-Vancouver/02_Climate-and-GHG-Reporting,2022_UBCV_UBC-Climate-Change-Accountability-Report-2022.pdf,https://www2.gov.bc.ca/assets/gov/environment/climate-change/cnar/2022/uc/ubc_ccar_full_report.pdf,2022,CCAR,Climate-and-GHG-Reporting,Link seen on index page,,,"CCAR series, 2022.",Part of the CCAR time series. Multi-year trend data for benchmarking.
158,2,UBC Vancouver,01_UBC-Vancouver/02_Climate-and-GHG-Reporting,2021_UBCV_UBC-Climate-Change-Accountability-Report-2021.pdf,https://www2.gov.bc.ca/assets/gov/environment/climate-change/cnar/2021/ubc_2021_ccar.pdf,2021,CCAR,Climate-and-GHG-Reporting,Link seen on index page,,,"CCAR series, 2021.",Part of the CCAR time series. Multi-year trend data for benchmarking.
159,2,UBC Vancouver,01_UBC-Vancouver/02_Climate-and-GHG-Reporting,2020_UBCV_UBC-Climate-Change-Accountability-Report-2020.pdf,https://www2.gov.bc.ca/assets/gov/environment/climate-change/cnar/2020/university_of_british_columbia.pdf,2020,CCAR,Climate-and-GHG-Reporting,Link seen on index page,,,"CCAR series, 2020.",Part of the CCAR time series. Multi-year trend data for benchmarking.
160,2,UBC Vancouver,01_UBC-Vancouver/02_Climate-and-GHG-Reporting,2019_UBCV_UBC-Carbon-Neutral-Action-Report-2019.pdf,https://www2.gov.bc.ca/assets/gov/environment/climate-change/cnar/2019/ps/final_university_of_british_columbia_2019_overview.pdf,2019,CNAR,Climate-and-GHG-Reporting,Link seen on index page,,,"CNAR series, 2019.",Part of the CNAR time series. Multi-year trend data for benchmarking.
161,2,UBC Vancouver,01_UBC-Vancouver/02_Climate-and-GHG-Reporting,2018_UBCV_UBC-Carbon-Neutral-Action-Report-2018.pdf,https://www2.gov.bc.ca/assets/gov/environment/climate-change/cnar/2018/ps/final_ubc_2018.pdf,2018,CNAR,Climate-and-GHG-Reporting,Link seen on index page,,,"CNAR series, 2018.",Part of the CNAR time series. Multi-year trend data for benchmarking.
162,2,UBC Vancouver,01_UBC-Vancouver/02_Climate-and-GHG-Reporting,2017_UBCV_UBC-Carbon-Neutral-Action-Report-2017.pdf,https://www2.gov.bc.ca/assets/gov/environment/climate-change/cnar/2017/ps/final_ubc_2017.pdf,2017,CNAR,Climate-and-GHG-Reporting,Link seen on index page,,,"CNAR series, 2017.",Part of the CNAR time series. Multi-year trend data for benchmarking.
163,2,UBC Vancouver,01_UBC-Vancouver/02_Climate-and-GHG-Reporting,2016_UBCV_UBC-Carbon-Neutral-Action-Report-2016.pdf,https://www2.gov.bc.ca/assets/gov/environment/climate-change/cnar/2016/ps/final_ubc_2016.pdf,2016,CNAR,Climate-and-GHG-Reporting,Link seen on index page,,,"CNAR series, 2016.",Part of the CNAR time series. Multi-year trend data for benchmarking.
164,2,UBC Vancouver,01_UBC-Vancouver/02_Climate-and-GHG-Reporting,2015_UBCV_UBC-Carbon-Neutral-Action-Report-2015.pdf,https://www2.gov.bc.ca/assets/gov/environment/climate-change/cnar/2015/ps/final_ubc_2015.pdf,2015,CNAR,Climate-and-GHG-Reporting,Link seen on index page,,,"CNAR series, 2015.",Part of the CNAR time series. Multi-year trend data for benchmarking.
165,2,UVic,03_UVic/02_Climate-and-GHG-Reporting,2022_UVic_UVic-Climate-Change-Accountability-Report-2022.pdf,https://www.uvic.ca/sustainability/assets/docs/reports/ccar2022.pdf,2022,CCAR,Climate-and-GHG-Reporting,Link seen on index page,,,"CCAR series, 2022.",Part of the CCAR time series. Multi-year trend data for benchmarking.
166,2,UVic,03_UVic/02_Climate-and-GHG-Reporting,2021_UVic_UVic-Climate-Change-Accountability-Report-2021.pdf,https://www.uvic.ca/sustainability/assets/docs/reports/cnar21.pdf,2021,CCAR,Climate-and-GHG-Reporting,Link seen on index page,,,"CCAR series, 2021.",Part of the CCAR time series. Multi-year trend data for benchmarking.
167,2,UVic,03_UVic/02_Climate-and-GHG-Reporting,2020_UVic_UVic-Carbon-Neutral-Action-Report-2020.pdf,https://www.uvic.ca/sustainability/assets/docs/reports/cnar20.pdf,2020,CNAR,Climate-and-GHG-Reporting,Link seen on index page,,,"CNAR series, 2020.",Part of the CNAR time series. Multi-year trend data for benchmarking.
168,2,UVic,03_UVic/02_Climate-and-GHG-Reporting,2019_UVic_UVic-Carbon-Neutral-Action-Report-2019.pdf,https://www.uvic.ca/sustainability/assets/docs/reports/cnar19.pdf,2019,CNAR,Climate-and-GHG-Reporting,Link seen on index page,,,"CNAR series, 2019.",Part of the CNAR time series. Multi-year trend data for benchmarking.
169,2,UVic,03_UVic/02_Climate-and-GHG-Reporting,2018_UVic_UVic-Carbon-Neutral-Action-Report-2018.pdf,https://www.uvic.ca/sustainability/assets/docs/reports/budg_05823_carbonneutralreportoutweb1.pdf,2018,CNAR,Climate-and-GHG-Reporting,Link seen on index page,,,"CNAR series, 2018.",Part of the CNAR time series. Multi-year trend data for benchmarking.
170,2,UVic,03_UVic/02_Climate-and-GHG-Reporting,2016_UVic_UVic-Carbon-Neutral-Action-Report-2016.pdf,https://www.uvic.ca/sustainability/assets/docs/UVic2016CNAR.pdf,2016,CNAR,Climate-and-GHG-Reporting,Link seen on index page,,,"CNAR series, 2016.",Part of the CNAR time series. Multi-year trend data for benchmarking.
171,2,UVic,03_UVic/02_Climate-and-GHG-Reporting,2015_UVic_UVic-Carbon-Neutral-Action-Report-2015.pdf,https://www.uvic.ca/sustainability/assets/docs/reports/cnar15.pdf,2015,CNAR,Climate-and-GHG-Reporting,Link seen on index page,,,"CNAR series, 2015.",Part of the CNAR time series. Multi-year trend data for benchmarking.
172,2,UVic,03_UVic/04_Transportation,2016_UVic_UVic-Campus-Traffic-Survey-2016-Final-Report.pdf,https://www.uvic.ca/campusplanning/assets/docs/campus-traffic-survey-2016.pdf,2016,Traffic Survey,Transportation,Link seen on index page,,,"Traffic Survey series, 2016.",Part of the Traffic Survey time series. Multi-year trend data for benchmarking.
173,2,UVic,03_UVic/06_Waste-and-Procurement,2018_UVic_UVic-Waste-Assessment-Summary-2018-Final.pdf,https://www.uvic.ca/sustainability/assets/docs/university-of-victoria---waste-assessment-summary-2018-final.pdf,2018,Waste Audit,Waste-and-Procurement,Link seen on index page,,,"Waste Audit series, 2018.",Part of the Waste Audit time series. Multi-year trend data for benchmarking.
174,2,UBC Okanagan,02_UBC-Okanagan/02_Climate-and-GHG-Reporting,2025_UBCO_UBC-Okanagan-Climate-Change-Accountability-Report-2025.pdf,https://sustain.ok.ubc.ca/wp-content/uploads/sites/207/2026/06/CCAR-Okanagan-2025_FINAL.pdf,2025,CCAR,Climate-and-GHG-Reporting,Link seen on index page,,,"CCAR series, 2025.",Part of the CCAR time series. Multi-year trend data for benchmarking.
175,2,UBC Okanagan,02_UBC-Okanagan/02_Climate-and-GHG-Reporting,2024_UBCO_UBC-Okanagan-Climate-Change-Accountability-Report-2024.pdf,https://sustain.ok.ubc.ca/wp-content/uploads/sites/207/2025/08/CCAR-Okanagan-2024-Final-web.pdf,2024,CCAR,Climate-and-GHG-Reporting,Link seen on index page,,,"CCAR series, 2024.",Part of the CCAR time series. Multi-year trend data for benchmarking.
176,2,UBC Okanagan,02_UBC-Okanagan/02_Climate-and-GHG-Reporting,2023_UBCO_UBC-Okanagan-Climate-Change-Accountability-Report-2023.pdf,https://sustain.ok.ubc.ca/wp-content/uploads/sites/207/2025/01/2023-Climate-Change-Accountability-Report.pdf,2023,CCAR,Climate-and-GHG-Reporting,Link seen on index page,,,"CCAR series, 2023.",Part of the CCAR time series. Multi-year trend data for benchmarking.
177,2,UBC Okanagan,02_UBC-Okanagan/02_Climate-and-GHG-Reporting,2022_UBCO_UBC-Okanagan-Climate-Change-Accountability-Report-2022.pdf,https://sustain.ok.ubc.ca/wp-content/uploads/sites/207/2025/08/CCAR-Okanagan-2022-web.pdf,2022,CCAR,Climate-and-GHG-Reporting,Link seen on index page,,,"CCAR series, 2022.",Part of the CCAR time series. Multi-year trend data for benchmarking.
178,2,UBC Okanagan,02_UBC-Okanagan/02_Climate-and-GHG-Reporting,2021_UBCO_UBC-Okanagan-Climate-Change-Accountability-Report-2021.pdf,https://sustain.ok.ubc.ca/wp-content/uploads/sites/207/2025/01/2021-Climate-Change-Accountability-Report.pdf,2021,CCAR,Climate-and-GHG-Reporting,Link seen on index page,,,"CCAR series, 2021.",Part of the CCAR time series. Multi-year trend data for benchmarking.
179,2,UBC Okanagan,02_UBC-Okanagan/02_Climate-and-GHG-Reporting,2020_UBCO_UBC-Okanagan-Climate-Change-Accountability-Report-2020.pdf,https://sustain.ok.ubc.ca/wp-content/uploads/sites/207/2025/01/2020-Climate-Change-Accountability-Report.pdf,2020,CCAR,Climate-and-GHG-Reporting,Link seen on index page,,,"CCAR series, 2020.",Part of the CCAR time series. Multi-year trend data for benchmarking.
180,2,UBC Okanagan,02_UBC-Okanagan/02_Climate-and-GHG-Reporting,2019_UBCO_UBC-Okanagan-Carbon-Neutral-Action-Report-2019.pdf,https://sustain.ok.ubc.ca/wp-content/uploads/sites/207/2025/01/2019-Carbon-Neutral-Action-Report.pdf,2019,CNAR,Climate-and-GHG-Reporting,Link seen on index page,,,"CNAR series, 2019.",Part of the CNAR time series. Multi-year trend data for benchmarking.
181,2,UBC Okanagan,02_UBC-Okanagan/02_Climate-and-GHG-Reporting,2018_UBCO_UBC-Okanagan-Carbon-Neutral-Action-Report-2018.pdf,https://sustain.ok.ubc.ca/wp-content/uploads/sites/207/2025/01/2018-Carbon-Neutral-Action-Report.pdf,2018,CNAR,Climate-and-GHG-Reporting,Link seen on index page,,,"CNAR series, 2018.",Part of the CNAR time series. Multi-year trend data for benchmarking.
182,2,UBC Okanagan,02_UBC-Okanagan/02_Climate-and-GHG-Reporting,2017_UBCO_UBC-Okanagan-Carbon-Neutral-Action-Report-2017.pdf,https://sustain.ok.ubc.ca/wp-content/uploads/sites/207/2025/01/2017-Carbon-Neutral-Action-Report.pdf,2017,CNAR,Climate-and-GHG-Reporting,Link seen on index page,,,"CNAR series, 2017.",Part of the CNAR time series. Multi-year trend data for benchmarking.
183,2,UBC Okanagan,02_UBC-Okanagan/02_Climate-and-GHG-Reporting,2016_UBCO_UBC-Okanagan-Carbon-Neutral-Action-Report-2016.pdf,https://sustain.ok.ubc.ca/wp-content/uploads/sites/207/2025/01/2016-Carbon-Neutral-Action-Report.pdf,2016,CNAR,Climate-and-GHG-Reporting,Link seen on index page,,,"CNAR series, 2016.",Part of the CNAR time series. Multi-year trend data for benchmarking.
184,2,UBC Okanagan,02_UBC-Okanagan/02_Climate-and-GHG-Reporting,2015_UBCO_UBC-Okanagan-Carbon-Neutral-Action-Report-2015.pdf,https://sustain.ok.ubc.ca/wp-content/uploads/sites/207/2025/01/2015-Carbon-Neutral-Action-Report.pdf,2015,CNAR,Climate-and-GHG-Reporting,Link seen on index page,,,"CNAR series, 2015.",Part of the CNAR time series. Multi-year trend data for benchmarking.
185,2,UBC Okanagan,02_UBC-Okanagan/02_Climate-and-GHG-Reporting,2024_UBCO_UBC-Okanagan-GHG-Inventory-and-Consumption-Detail-Report-2024.pdf,https://sustain.ok.ubc.ca/wp-content/uploads/sites/207/2026/03/2024-Inventory-and-Consumption-Detail-Report.pdf,2024,GHG Inventory,Climate-and-GHG-Reporting,Link seen on index page,,,"GHG Inventory series, 2024.",Part of the GHG Inventory time series. Multi-year trend data for benchmarking.
186,2,UBC Okanagan,02_UBC-Okanagan/02_Climate-and-GHG-Reporting,2023_UBCO_UBC-Okanagan-Greenhouse-Gas-Emissions-Tracking-2023.pdf,https://sustain.ok.ubc.ca/wp-content/uploads/sites/207/2025/01/2023-Green-house-gases-emission-tracking.pdf,2023,GHG Inventory,Climate-and-GHG-Reporting,Link seen on index page,,,"GHG Inventory series, 2023.",Part of the GHG Inventory time series. Multi-year trend data for benchmarking.
187,2,UBC Okanagan,02_UBC-Okanagan/02_Climate-and-GHG-Reporting,2022_UBCO_UBC-Okanagan-Greenhouse-Gas-Emissions-Tracking-2022.pdf,https://sustain.ok.ubc.ca/wp-content/uploads/sites/207/2025/01/2022-Green-house-gases-emission-tracking.pdf,2022,GHG Inventory,Climate-and-GHG-Reporting,Link seen on index page,,,"GHG Inventory series, 2022.",Part of the GHG Inventory time series. Multi-year trend data for benchmarking.
188,2,UBC Okanagan,02_UBC-Okanagan/02_Climate-and-GHG-Reporting,2021_UBCO_UBC-Okanagan-Greenhouse-Gas-Emissions-Tracking-2021.pdf,https://sustain.ok.ubc.ca/wp-content/uploads/sites/207/2025/01/2021-Green-house-gases-emission-tracking.pdf,2021,GHG Inventory,Climate-and-GHG-Reporting,Link seen on index page,,,"GHG Inventory series, 2021.",Part of the GHG Inventory time series. Multi-year trend data for benchmarking.
189,2,UBC Okanagan,02_UBC-Okanagan/02_Climate-and-GHG-Reporting,2020_UBCO_UBC-Okanagan-Greenhouse-Gas-Emissions-Tracking-2020.pdf,https://sustain.ok.ubc.ca/wp-content/uploads/sites/207/2025/01/2020-Green-house-gases-emission-tracking.pdf,2020,GHG Inventory,Climate-and-GHG-Reporting,Link seen on index page,,,"GHG Inventory series, 2020.",Part of the GHG Inventory time series. Multi-year trend data for benchmarking.
190,2,UBC Okanagan,02_UBC-Okanagan/02_Climate-and-GHG-Reporting,2019_UBCO_UBC-Okanagan-Greenhouse-Gas-Emissions-Tracking-2019.pdf,https://sustain.ok.ubc.ca/wp-content/uploads/sites/207/2025/01/2019-Green-house-gases-emission-tracking.pdf,2019,GHG Inventory,Climate-and-GHG-Reporting,Link seen on index page,,,"GHG Inventory series, 2019.",Part of the GHG Inventory time series. Multi-year trend data for benchmarking.
191,2,UBC Okanagan,02_UBC-Okanagan/02_Climate-and-GHG-Reporting,2018_UBCO_UBC-Okanagan-Greenhouse-Gas-Emissions-Tracking-2018.pdf,https://sustain.ok.ubc.ca/wp-content/uploads/sites/207/2025/01/2018-Green-house-gases-emission-tracking.pdf,2018,GHG Inventory,Climate-and-GHG-Reporting,Link seen on index page,,,"GHG Inventory series, 2018.",Part of the GHG Inventory time series. Multi-year trend data for benchmarking.
192,2,UBC Okanagan,02_UBC-Okanagan/01_Plans-and-Strategies,2024_UBCO_CAP-2030-Implementation-Updates-Vancouver-and-Okanagan-Board-of-Governors-June-2024.pdf,https://bog3.sites.olt.ubc.ca/files/2024/06/1.6_2024_06_Climate-Action-Plan-2030-Implementation-Updates-Vancouver-and-Okanagan.pdf,2024,CAP Progress Report,Plans-and-Strategies,Link seen on index page,,,"CAP Progress Report series, 2024.",Part of the CAP Progress Report time series. Multi-year trend data for benchmarking.
193,2,UBC Okanagan,02_UBC-Okanagan/01_Plans-and-Strategies,2022_UBCO_UBC-Climate-Emergency-Executive-Summary-2021-22.pdf,https://sustain.ok.ubc.ca/wp-content/uploads/sites/207/2025/01/Climate-Emergency-Executive-Summary.pdf,2022,Climate Emergency,Plans-and-Strategies,Link seen on index page,,,"Climate Emergency series, 2022.",Part of the Climate Emergency time series. Multi-year trend data for benchmarking.
194,2,UBC Okanagan,02_UBC-Okanagan/01_Plans-and-Strategies,2022_UBCO_UBC-Climate-Emergency-Report-on-Progress-2021-22.pdf,https://sustain.ok.ubc.ca/wp-content/uploads/sites/207/2025/01/2021-22-Climate-Emergency-Report-on-Progress-v2.pdf,2022,Climate Emergency,Plans-and-Strategies,Link seen on index page,,,"Climate Emergency series, 2022.",Part of the Climate Emergency time series. Multi-year trend data for benchmarking.
195,2,UBC Okanagan,02_UBC-Okanagan/02_Climate-and-GHG-Reporting,2022_UBCO_UBC-Task-Force-on-Climate-Related-Financial-Disclosures-Report-2022.pdf,https://sustain.ok.ubc.ca/wp-content/uploads/sites/207/2025/01/2022-Task-Force-on-Climate-Report.pdf,2022,TCFD Disclosure,Climate-and-GHG-Reporting,Link seen on index page,,,"TCFD Disclosure series, 2022.",Part of the TCFD Disclosure time series. Multi-year trend data for benchmarking.
196,2,UBC Okanagan,02_UBC-Okanagan/01_Plans-and-Strategies,2021_UBCO_UN-Sustainable-Development-Goals-A-Snapshot-of-UBC-Activities-2020-21.pdf,https://sustain.ubc.ca/sites/default/files/files/SDGReport_2020-21.pdf,2021,UN SDG Snapshot,Plans-and-Strategies,Link seen on index page,,,"UN SDG Snapshot series, 2021.",Part of the UN SDG Snapshot time series. Multi-year trend data for benchmarking.
197,2,UBC Okanagan,02_UBC-Okanagan/01_Plans-and-Strategies,2020_UBCO_UBC-UN-SDG-Report-2019-20.pdf,https://sustain.ubc.ca/sites/default/files/UBC_SDG_Report_2019-20.pdf,2020,UN SDG Snapshot,Plans-and-Strategies,Link seen on index page,,,"UN SDG Snapshot series, 2020.",Part of the UN SDG Snapshot time series. Multi-year trend data for benchmarking.
198,2,UBC Okanagan,02_UBC-Okanagan/05_Energy-and-Buildings,2015_UBCO_UBCO-Integrated-Rainwater-Management-Plan-Part-1.pdf,https://sustain.ok.ubc.ca/wp-content/uploads/sites/207/2025/01/Integrated-Rainwater-Management-Plan-Part-1.pdf,2015,Integrated Rainwater Management Plan,Energy-and-Buildings,Link seen on index page,,,"Integrated Rainwater Management Plan series, 2015.",Part of the Integrated Rainwater Management Plan time series. Multi-year trend data for benchmarking.
199,2,UBC Okanagan,02_UBC-Okanagan/05_Energy-and-Buildings,2015_UBCO_UBCO-Integrated-Rainwater-Management-Plan-Part-2.pdf,https://sustain.ok.ubc.ca/wp-content/uploads/sites/207/2025/01/Integrated-Rainwater-Management-Plan-Part-2.pdf,2015,Integrated Rainwater Management Plan,Energy-and-Buildings,Link seen on index page,,,"Integrated Rainwater Management Plan series, 2015.",Part of the Integrated Rainwater Management Plan time series. Multi-year trend data for benchmarking.
200,2,UBC Okanagan,02_UBC-Okanagan/05_Energy-and-Buildings,2015_UBCO_UBCO-Integrated-Rainwater-Management-Plan-Part-3.pdf,https://sustain.ok.ubc.ca/wp-content/uploads/sites/207/2025/01/Integrated-Rainwater-Management-Plan-Part-3.pdf,2015,Integrated Rainwater Management Plan,Energy-and-Buildings,Link seen on index page,,,"Integrated Rainwater Management Plan series, 2015.",Part of the Integrated Rainwater Management Plan time series. Multi-year trend data for benchmarking.
201,2,UBC Okanagan,02_UBC-Okanagan/05_Energy-and-Buildings,2015_UBCO_UBCO-Integrated-Rainwater-Management-Plan-Part-4-Geotechnical-and-Soils-Domain-Map.pdf,https://sustain.ok.ubc.ca/wp-content/uploads/sites/207/2025/01/Integrated-Rainwater-Management-Plan-Part-4.pdf,2015,Integrated Rainwater Management Plan,Energy-and-Buildings,Link seen on index page,,,"Integrated Rainwater Management Plan series, 2015.",Part of the Integrated Rainwater Management Plan time series. Multi-year trend data for benchmarking.
202,2,UBC Okanagan,02_UBC-Okanagan/05_Energy-and-Buildings,2015_UBCO_UBCO-Integrated-Rainwater-Management-Plan-Part-5.pdf,https://sustain.ok.ubc.ca/wp-content/uploads/sites/207/2025/01/Integrated-Rainwater-Management-Plan-Part-5.pdf,2015,Integrated Rainwater Management Plan,Energy-and-Buildings,Link seen on index page,,,"Integrated Rainwater Management Plan series, 2015.",Part of the Integrated Rainwater Management Plan time series. Multi-year trend data for benchmarking.
203,2,UBC Okanagan,02_UBC-Okanagan/05_Energy-and-Buildings,2015_UBCO_UBCO-Utility-Corridor-Strategy.pdf,https://campusplanning.ok.ubc.ca/wp-content/uploads/sites/202/2024/07/UBCO-UtilityCorridor-Mar0950576.pdf,2015,Utility Corridor Plan,Energy-and-Buildings,Link seen on index page,,,"Utility Corridor Plan series, 2015.",Part of the Utility Corridor Plan time series. Multi-year trend data for benchmarking.
204,2,UBC Okanagan,02_UBC-Okanagan/04_Transportation,2025_UBCO_UBCO-Transportation-Status-Report-2025.pdf,https://campusplanning.ok.ubc.ca/wp-content/uploads/sites/202/2026/07/UBCO2025-TransportationStatusReport-FINAL.pdf,2025,Transportation Status Report,Transportation,Link seen on index page,,,"Transportation Status Report series, 2025.",Part of the Transportation Status Report time series. Multi-year trend data for benchmarking.
205,2,SFU,04_SFU/02_Climate-and-GHG-Reporting,2021_SFU_SFU-Climate-Change-Accountability-Report-2021.pdf,https://www.sfu.ca/content/dam/sfu/fs/files/SustainableInitiatives/2021%20Climate%20Change%20Accountability%20Report.pdf,2021,CCAR,Climate-and-GHG-Reporting,Link seen on index page,,,"CCAR series, 2021.",Part of the CCAR time series. Multi-year trend data for benchmarking.
206,2,SFU,04_SFU/02_Climate-and-GHG-Reporting,2020_SFU_SFU-Climate-Change-Accountability-Report-2020.pdf,https://www.sfu.ca/content/dam/sfu/fs/files/SustainableInitiatives/2020%20Climate%20Change%20Accountability%20Report.pdf,2020,CCAR,Climate-and-GHG-Reporting,Link seen on index page,,,"CCAR series, 2020.",Part of the CCAR time series. Multi-year trend data for benchmarking.
207,2,SFU,04_SFU/02_Climate-and-GHG-Reporting,2019_SFU_SFU-Carbon-Neutral-Action-Report-2019.pdf,https://www.sfu.ca/content/dam/sfu/fs/files/SustainableInitiatives/SFU%202019%20Carbon%20Neutral%20Action%20Report.pdf,2019,CNAR,Climate-and-GHG-Reporting,Link seen on index page,,,"CNAR series, 2019.",Part of the CNAR time series. Multi-year trend data for benchmarking.
208,2,SFU,04_SFU/02_Climate-and-GHG-Reporting,2018_SFU_SFU-Carbon-Neutral-Action-Report-2018.pdf,https://www.sfu.ca/content/dam/sfu/fs/files/carbon%20neutral%20action%20report/2018%20Carbon%20Neutral%20Action%20Report.pdf,2018,CNAR,Climate-and-GHG-Reporting,Link seen on index page,,,"CNAR series, 2018.",Part of the CNAR time series. Multi-year trend data for benchmarking.
209,2,SFU,04_SFU/02_Climate-and-GHG-Reporting,2017_SFU_SFU-Carbon-Neutral-Action-Report-2017.pdf,https://www.sfu.ca/content/dam/sfu/fs/files/carbon%20neutral%20action%20report/2017%20Carbon%20Neutral%20Action%20Report.pdf,2017,CNAR,Climate-and-GHG-Reporting,Link seen on index page,,,"CNAR series, 2017.",Part of the CNAR time series. Multi-year trend data for benchmarking.
210,2,SFU,04_SFU/02_Climate-and-GHG-Reporting,2016_SFU_SFU-Carbon-Neutral-Action-Report-2016.pdf,https://www.sfu.ca/content/dam/sfu/fs/files/carbon%20neutral%20action%20report/2016%20Carbon%20Neutral%20Action%20Report.pdf,2016,CNAR,Climate-and-GHG-Reporting,Link seen on index page,,,"CNAR series, 2016.",Part of the CNAR time series. Multi-year trend data for benchmarking.
211,2,SFU,04_SFU/02_Climate-and-GHG-Reporting,2015_SFU_SFU-Carbon-Neutral-Action-Report-2015.pdf,https://www.sfu.ca/content/dam/sfu/fs/files/carbon%20neutral%20action%20report/2015%20Carbon%20Neutral%20Action%20Report.pdf,2015,CNAR,Climate-and-GHG-Reporting,Link seen on index page,,,"CNAR series, 2015.",Part of the CNAR time series. Multi-year trend data for benchmarking.
212,2,UFV,06_UFV/02_Climate-and-GHG-Reporting,2024_UFV_UFV-Climate-Change-Accountability-Report-2024.pdf,https://www.ufv.ca/media/assets/office-of-sustainability/2024-CCAR-Final-signed.pdf,2024,CCAR,Climate-and-GHG-Reporting,Link seen on index page,,,"CCAR series, 2024.",Part of the CCAR time series. Multi-year trend data for benchmarking.
213,2,UFV,06_UFV/02_Climate-and-GHG-Reporting,2023_UFV_UFV-Climate-Change-Accountability-Report-2023.pdf,https://www.ufv.ca/media/assets/office-of-sustainability/2023-UFV-CCAR.pdf,2023,CCAR,Climate-and-GHG-Reporting,Link seen on index page,,,"CCAR series, 2023.",Part of the CCAR time series. Multi-year trend data for benchmarking.
214,2,UFV,06_UFV/02_Climate-and-GHG-Reporting,2022_UFV_UFV-Climate-Change-Accountability-Report-2022.pdf,https://www.ufv.ca/media/assets/office-of-sustainability/2022-2023-UFV-CCAR.pdf,2022,CCAR,Climate-and-GHG-Reporting,Link seen on index page,,,"CCAR series, 2022.",Part of the CCAR time series. Multi-year trend data for benchmarking.
215,2,UFV,06_UFV/02_Climate-and-GHG-Reporting,2021_UFV_UFV-Climate-Change-Accountability-Report-2021.pdf,https://www.ufv.ca/media/assets/office-of-sustainability/2021-UFV-CCAR.pdf,2021,CCAR,Climate-and-GHG-Reporting,Link seen on index page,,,"CCAR series, 2021.",Part of the CCAR time series. Multi-year trend data for benchmarking.
216,2,UFV,06_UFV/02_Climate-and-GHG-Reporting,2020_UFV_UFV-Climate-Change-Accountability-Report-2020.pdf,https://www.ufv.ca/media/assets/office-of-sustainability/UFV-CCAR-2020.pdf,2020,CCAR,Climate-and-GHG-Reporting,Link seen on index page,,,"CCAR series, 2020.",Part of the CCAR time series. Multi-year trend data for benchmarking.
217,2,UFV,06_UFV/02_Climate-and-GHG-Reporting,2018_UFV_UFV-Carbon-Neutral-Action-Report-2018.pdf,https://www.ufv.ca/media/assets/energy-management/energy-management/UFV-CNAR-2018.pdf,2018,CNAR,Climate-and-GHG-Reporting,Link seen on index page,,,"CNAR series, 2018.",Part of the CNAR time series. Multi-year trend data for benchmarking.
218,2,UFV,06_UFV/02_Climate-and-GHG-Reporting,2017_UFV_UFV-Carbon-Neutral-Action-Report-2017.pdf,https://www.ufv.ca/media/assets/energy-management/energy-management/UFV_CNAR_2017.pdf,2017,CNAR,Climate-and-GHG-Reporting,Link seen on index page,,,"CNAR series, 2017.",Part of the CNAR time series. Multi-year trend data for benchmarking.
219,2,UFV,06_UFV/02_Climate-and-GHG-Reporting,2016_UFV_UFV-Carbon-Neutral-Action-Report-2016.pdf,https://www.ufv.ca/media/assets/energy-management/energy-management/UFV-CNAR-2016.pdf,2016,CNAR,Climate-and-GHG-Reporting,Link seen on index page,,,"CNAR series, 2016.",Part of the CNAR time series. Multi-year trend data for benchmarking.
220,2,UFV,06_UFV/02_Climate-and-GHG-Reporting,2015_UFV_UFV-Carbon-Neutral-Action-Report-2015.pdf,https://www.ufv.ca/media/assets/energy-management/energy-management/UFV-CNAR-2015-FINAL.pdf,2015,CNAR,Climate-and-GHG-Reporting,Link seen on index page,,,"CNAR series, 2015.",Part of the CNAR time series. Multi-year trend data for benchmarking.
221,2,UFV,06_UFV/05_Energy-and-Buildings,2018_UFV_UFV-Strategic-Energy-Management-Plan-Report-2018-2019.pdf,https://www.ufv.ca/media/assets/energy-management/energy-management/UFV-SEMP-2018-2019.pdf,2018,SEMP,Energy-and-Buildings,Link seen on index page,,,"SEMP series, 2018.",Part of the SEMP time series. Multi-year trend data for benchmarking.
222,2,UFV,06_UFV/05_Energy-and-Buildings,2017_UFV_UFV-Strategic-Energy-Management-Plan-Report-2017-2018.pdf,https://www.ufv.ca/media/assets/energy-management/energy-management/UFV-SEMP-2017-2018.pdf,2017,SEMP,Energy-and-Buildings,Link seen on index page,,,"SEMP series, 2017.",Part of the SEMP time series. Multi-year trend data for benchmarking.
223,2,UFV,06_UFV/05_Energy-and-Buildings,2016_UFV_UFV-Strategic-Energy-Management-Plan-Report-2016-2017.pdf,https://www.ufv.ca/media/assets/energy-management/energy-management/UFV-SEMP-2016-2017.pdf,2016,SEMP,Energy-and-Buildings,Link seen on index page,,,"SEMP series, 2016.",Part of the SEMP time series. Multi-year trend data for benchmarking.
224,2,UFV,06_UFV/01_Plans-and-Strategies,2020_UFV_UFV-Report-on-Sustainability-2020-2021.pdf,https://www.ufv.ca/media/assets/centre-for-environmental-sustainability/UFV--2020-21-Sustainability-Report.pdf,2020,Report on Sustainability,Plans-and-Strategies,Link seen on index page,,,"Report on Sustainability series, 2020.",Part of the Report on Sustainability time series. Multi-year trend data for benchmarking.
225,2,UFV,06_UFV/01_Plans-and-Strategies,2019_UFV_UFV-Report-on-Sustainability-2019-2020.pdf,https://www.ufv.ca/media/assets/centre-for-environmental-sustainability/Report-on-Environmental-Sustainability-2019-2020.pdf,2019,Report on Sustainability,Plans-and-Strategies,Link seen on index page,,,"Report on Sustainability series, 2019.",Part of the Report on Sustainability time series. Multi-year trend data for benchmarking.
226,2,UFV,06_UFV/01_Plans-and-Strategies,2018_UFV_UFV-Report-on-Sustainability-2018-2019.pdf,https://www.ufv.ca/media/assets/centre-for-environmental-sustainability/Report-on-Environmental-Sustainability-2018-2019.pdf,2018,Report on Sustainability,Plans-and-Strategies,Link seen on index page,,,"Report on Sustainability series, 2018.",Part of the Report on Sustainability time series. Multi-year trend data for benchmarking.
227,2,UFV,06_UFV/01_Plans-and-Strategies,2017_UFV_UFV-Report-on-Sustainability-2017-2018.pdf,https://www.ufv.ca/media/assets/centre-for-environmental-sustainability/Report-on-Sustainability-2017-2018.pdf,2017,Report on Sustainability,Plans-and-Strategies,Link seen on index page,,,"Report on Sustainability series, 2017.",Part of the Report on Sustainability time series. Multi-year trend data for benchmarking.
228,2,UFV,06_UFV/01_Plans-and-Strategies,2016_UFV_UFV-Report-on-Sustainability-2016-2017.pdf,https://www.ufv.ca/media/assets/centre-for-environmental-sustainability/Report-on-Sustainability-2016-2017.pdf,2016,Report on Sustainability,Plans-and-Strategies,Link seen on index page,,,"Report on Sustainability series, 2016.",Part of the Report on Sustainability time series. Multi-year trend data for benchmarking.
229,2,UFV,06_UFV/06_Waste-and-Procurement,2018_UFV_UFV-Waste-Audit-2018.pdf,https://www.ufv.ca/media/assets/centre-for-environmental-sustainability/2018-Waste-Audit.pdf,2018,Waste Audit,Waste-and-Procurement,Link seen on index page,,,"Waste Audit series, 2018.",Part of the Waste Audit time series. Multi-year trend data for benchmarking.
230,2,UFV,06_UFV/06_Waste-and-Procurement,2017_UFV_UFV-Waste-Audit-2017-Garbage-on-the-Green.pdf,https://www.ufv.ca/media/assets/centre-for-environmental-sustainability/Garbage-on-the-Green-2017-Report.pdf,2017,Waste Audit,Waste-and-Procurement,Link seen on index page,,,"Waste Audit series, 2017.",Part of the Waste Audit time series. Multi-year trend data for benchmarking.
231,2,TRU,05_TRU/02_Climate-and-GHG-Reporting,2023_TRU_TRU-Climate-Change-Accountability-Report-2023.pdf,https://www.tru.ca/__shared/assets/climate-change-accountability-report-202360797.pdf,2023,CCAR,Climate-and-GHG-Reporting,Link seen on index page,,,"CCAR series, 2023.",Part of the CCAR time series. Multi-year trend data for benchmarking.
232,2,TRU,05_TRU/02_Climate-and-GHG-Reporting,2022_TRU_TRU-Climate-Change-Accountability-Report-2022.pdf,https://www.tru.ca/__shared/assets/climate-change-accountability-report-202257804.pdf,2022,CCAR,Climate-and-GHG-Reporting,Link seen on index page,,,"CCAR series, 2022.",Part of the CCAR time series. Multi-year trend data for benchmarking.
233,2,TRU,05_TRU/02_Climate-and-GHG-Reporting,2021_TRU_TRU-Climate-Change-Accountability-Report-2021.pdf,https://www.tru.ca/__shared/assets/Climate_Change_Accountability_Report_-_202156891.pdf,2021,CCAR,Climate-and-GHG-Reporting,Link seen on index page,,,"CCAR series, 2021.",Part of the CCAR time series. Multi-year trend data for benchmarking.
234,2,TRU,05_TRU/02_Climate-and-GHG-Reporting,2020_TRU_TRU-Climate-Change-Accountability-Report-2020.pdf,https://www.tru.ca/__shared/assets/climate-change-accountability-report-202057968.pdf,2020,CCAR,Climate-and-GHG-Reporting,Link seen on index page,,,"CCAR series, 2020.",Part of the CCAR time series. Multi-year trend data for benchmarking.
235,2,TRU,05_TRU/02_Climate-and-GHG-Reporting,2019_TRU_TRU-Carbon-Neutral-Action-Report-2019.pdf,https://www.tru.ca/__shared/assets/carbon-neutral-action-report-201952832.pdf,2019,CNAR,Climate-and-GHG-Reporting,Link seen on index page,,,"CNAR series, 2019.",Part of the CNAR time series. Multi-year trend data for benchmarking.
236,2,TRU,05_TRU/02_Climate-and-GHG-Reporting,2018_TRU_TRU-Carbon-Neutral-Action-Report-2018.pdf,https://www.tru.ca/__shared/assets/carbon-neutral-action-report-201852831.pdf,2018,CNAR,Climate-and-GHG-Reporting,Link seen on index page,,,"CNAR series, 2018.",Part of the CNAR time series. Multi-year trend data for benchmarking.
237,2,TRU,05_TRU/02_Climate-and-GHG-Reporting,2017_TRU_TRU-Carbon-Neutral-Action-Report-2017.pdf,https://www.tru.ca/__shared/assets/carbon-neutral-action-report-201752830.pdf,2017,CNAR,Climate-and-GHG-Reporting,Link seen on index page,,,"CNAR series, 2017.",Part of the CNAR time series. Multi-year trend data for benchmarking.
238,2,TRU,05_TRU/02_Climate-and-GHG-Reporting,2016_TRU_TRU-Carbon-Neutral-Action-Report-2016.pdf,https://www.tru.ca/__shared/assets/TRU_Carbon_Neutral_Action_Report_201640649.pdf,2016,CNAR,Climate-and-GHG-Reporting,Link seen on index page,,,"CNAR series, 2016.",Part of the CNAR time series. Multi-year trend data for benchmarking.
239,2,TRU,05_TRU/02_Climate-and-GHG-Reporting,2015_TRU_TRU-Carbon-Neutral-Action-Report-2015.pdf,https://www.tru.ca/__shared/assets/carbon-neutral-action-report-201539469.pdf,2015,CNAR,Climate-and-GHG-Reporting,Link seen on index page,,,"CNAR series, 2015.",Part of the CNAR time series. Multi-year trend data for benchmarking.
240,2,TRU,05_TRU/06_Waste-and-Procurement,2020_TRU_TRU-Waste-and-Recyclable-Materials-Report-2020-Q1.pdf,https://www.tru.ca/__shared/assets/waste-recyclable-materials-report-2020q153517.pdf,2020,Waste Audit,Waste-and-Procurement,Link seen on index page,,,"Waste Audit series, 2020.",Part of the Waste Audit time series. Multi-year trend data for benchmarking.
241,2,TRU,05_TRU/06_Waste-and-Procurement,2019_TRU_TRU-Waste-Audit-Report-2019-Q4.pdf,https://www.tru.ca/__shared/assets/waste-audit-2019q453514.pdf,2019,Waste Audit,Waste-and-Procurement,Link seen on index page,,,"Waste Audit series, 2019.",Part of the Waste Audit time series. Multi-year trend data for benchmarking.
242,2,TRU,05_TRU/06_Waste-and-Procurement,2019_TRU_TRU-Waste-Audit-Report-2019-Q3.pdf,https://www.tru.ca/__shared/assets/waste-audit-2019q353513.pdf,2019,Waste Audit,Waste-and-Procurement,Link seen on index page,,,"Waste Audit series, 2019.",Part of the Waste Audit time series. Multi-year trend data for benchmarking.
243,2,TRU,05_TRU/06_Waste-and-Procurement,2019_TRU_TRU-Waste-Audit-Report-2019-Q1-and-Q2.pdf,https://www.tru.ca/__shared/assets/waste-audit-2019q253515.pdf,2019,Waste Audit,Waste-and-Procurement,Link seen on index page,,,"Waste Audit series, 2019.",Part of the Waste Audit time series. Multi-year trend data for benchmarking.
244,2,TRU,05_TRU/06_Waste-and-Procurement,2018_TRU_TRU-Waste-Audit-Report-2018.pdf,https://www.tru.ca/__shared/assets/waste-audit-201853516.pdf,2018,Waste Audit,Waste-and-Procurement,Link seen on index page,,,"Waste Audit series, 2018.",Part of the Waste Audit time series. Multi-year trend data for benchmarking.
245,2,TRU,05_TRU/06_Waste-and-Procurement,2017_TRU_TRU-Waste-Audit-Report-2017.pdf,https://www.tru.ca/__shared/assets/TRU_Waste_Audit_Report_201740863.pdf,2017,Waste Audit,Waste-and-Procurement,Link seen on index page,,,"Waste Audit series, 2017.",Part of the Waste Audit time series. Multi-year trend data for benchmarking.
246,2,TRU,05_TRU/06_Waste-and-Procurement,2016_TRU_TRU-Waste-Audit-Report-2016.pdf,https://www.tru.ca/__shared/assets/TRU_Waste_Audit_Report_201640378.pdf,2016,Waste Audit,Waste-and-Procurement,Link seen on index page,,,"Waste Audit series, 2016.",Part of the Waste Audit time series. Multi-year trend data for benchmarking.
247,2,TRU,05_TRU/06_Waste-and-Procurement,2015_TRU_TRU-Waste-Audit-Report-2015.pdf,https://www.tru.ca/__shared/assets/TRU_Waste_Audit_Report_201540379.pdf,2015,Waste Audit,Waste-and-Procurement,Link seen on index page,,,"Waste Audit series, 2015.",Part of the Waste Audit time series. Multi-year trend data for benchmarking.
248,2,TRU,05_TRU/05_Energy-and-Buildings,2022_TRU_Level-1-Energy-Study-2022-Culinary-Arts.pdf,https://www.tru.ca/__shared/assets/level-1-energy-study-2022-culinary-arts64222.pdf,2022,Level 1 Energy Study,Energy-and-Buildings,Link seen on index page,,,"Level 1 Energy Study series, 2022.",Part of the Level 1 Energy Study time series. Multi-year trend data for benchmarking.
249,2,TRU,05_TRU/05_Energy-and-Buildings,2022_TRU_Level-1-Energy-Study-2022-Old-Main.pdf,https://www.tru.ca/__shared/assets/level-1-energy-study-2022-old-main64223.pdf,2022,Level 1 Energy Study,Energy-and-Buildings,Link seen on index page,,,"Level 1 Energy Study series, 2022.",Part of the Level 1 Energy Study time series. Multi-year trend data for benchmarking.
250,2,TRU,05_TRU/05_Energy-and-Buildings,2022_TRU_Level-1-Energy-Study-2022-House-4-Sustainability.pdf,https://www.tru.ca/__shared/assets/level-1-energy-study-2022-house-4-sustainability64224.pdf,2022,Level 1 Energy Study,Energy-and-Buildings,Link seen on index page,,,"Level 1 Energy Study series, 2022.",Part of the Level 1 Energy Study time series. Multi-year trend data for benchmarking.
251,2,TRU,05_TRU/05_Energy-and-Buildings,2022_TRU_Level-1-Energy-Study-2022-House-5-Indigenous.pdf,https://www.tru.ca/__shared/assets/level-1-energy-study-2022-house-5-aboriginal64225.pdf,2022,Level 1 Energy Study,Energy-and-Buildings,Link seen on index page,,,"Level 1 Energy Study series, 2022.",Part of the Level 1 Energy Study time series. Multi-year trend data for benchmarking.
252,2,TRU,05_TRU/05_Energy-and-Buildings,2022_TRU_Level-1-Energy-Study-2022-House-8-Radio.pdf,https://www.tru.ca/__shared/assets/level-1-energy-study-2022-house-8-radio64226.pdf,2022,Level 1 Energy Study,Energy-and-Buildings,Link seen on index page,,,"Level 1 Energy Study series, 2022.",Part of the Level 1 Energy Study time series. Multi-year trend data for benchmarking.
253,2,TRU,05_TRU/05_Energy-and-Buildings,2022_TRU_Level-1-Energy-Study-2022-Sciences.pdf,https://www.tru.ca/__shared/assets/level-1-energy-study-2022-sciences64228.pdf,2022,Level 1 Energy Study,Energy-and-Buildings,Link seen on index page,,,"Level 1 Energy Study series, 2022.",Part of the Level 1 Energy Study time series. Multi-year trend data for benchmarking.
254,2,TRU,05_TRU/05_Energy-and-Buildings,2022_TRU_Level-1-Energy-Study-2022-Open-Learning.pdf,https://www.tru.ca/__shared/assets/level-1-energy-study-2022-open-learning64229.pdf,2022,Level 1 Energy Study,Energy-and-Buildings,Link seen on index page,,,"Level 1 Energy Study series, 2022.",Part of the Level 1 Energy Study time series. Multi-year trend data for benchmarking.
255,2,TRU,05_TRU/05_Energy-and-Buildings,2022_TRU_Level-1-Energy-Study-2022-Arts-and-Education.pdf,https://www.tru.ca/__shared/assets/level-1-energy-study-2022-arts-education64230.pdf,2022,Level 1 Energy Study,Energy-and-Buildings,Link seen on index page,,,"Level 1 Energy Study series, 2022.",Part of the Level 1 Energy Study time series. Multi-year trend data for benchmarking.
256,2,TRU,05_TRU/05_Energy-and-Buildings,2022_TRU_Level-1-Energy-Study-2022-Campus-Activity-Centre.pdf,https://www.tru.ca/__shared/assets/level-1-energy-study-2022-cac64231.pdf,2022,Level 1 Energy Study,Energy-and-Buildings,Link seen on index page,,,"Level 1 Energy Study series, 2022.",Part of the Level 1 Energy Study time series. Multi-year trend data for benchmarking.
257,2,TRU,05_TRU/05_Energy-and-Buildings,2022_TRU_Level-1-Energy-Study-2022-Daycare.pdf,https://www.tru.ca/__shared/assets/level-1-energy-study-2022-daycare64232.pdf,2022,Level 1 Energy Study,Energy-and-Buildings,Link seen on index page,,,"Level 1 Energy Study series, 2022.",Part of the Level 1 Energy Study time series. Multi-year trend data for benchmarking.
258,2,TRU,05_TRU/05_Energy-and-Buildings,2022_TRU_Level-1-Energy-Study-2022-House-1-Faculty-Association.pdf,https://www.tru.ca/__shared/assets/level-1-energy-study-2022-house-1-faculty-association64233.pdf,2022,Level 1 Energy Study,Energy-and-Buildings,Link seen on index page,,,"Level 1 Energy Study series, 2022.",Part of the Level 1 Energy Study time series. Multi-year trend data for benchmarking.
259,2,TRU,05_TRU/05_Energy-and-Buildings,2022_TRU_Level-1-Energy-Study-2022-House-6-7-Research-Centre.pdf,https://www.tru.ca/__shared/assets/level-1-energy-study-2022-house-6-7-research-centre64234.pdf,2022,Level 1 Energy Study,Energy-and-Buildings,Link seen on index page,,,"Level 1 Energy Study series, 2022.",Part of the Level 1 Energy Study time series. Multi-year trend data for benchmarking.
260,2,TRU,05_TRU/05_Energy-and-Buildings,2022_TRU_Level-1-Energy-Study-2022-House-9-Welcome-Centre.pdf,https://www.tru.ca/__shared/assets/level-1-energy-study-2022-house-9-welcome-centre64235.pdf,2022,Level 1 Energy Study,Energy-and-Buildings,Link seen on index page,,,"Level 1 Energy Study series, 2022.",Part of the Level 1 Energy Study time series. Multi-year trend data for benchmarking.
261,2,TRU,05_TRU/05_Energy-and-Buildings,2022_TRU_Level-1-Energy-Study-2022-House-10-Horticulture.pdf,https://www.tru.ca/__shared/assets/level-1-energy-study-2022-house-10-horticulture64236.pdf,2022,Level 1 Energy Study,Energy-and-Buildings,Link seen on index page,,,"Level 1 Energy Study series, 2022.",Part of the Level 1 Energy Study time series. Multi-year trend data for benchmarking.
262,2,TRU,05_TRU/05_Energy-and-Buildings,2022_TRU_Level-1-Energy-Study-2022-House-of-Learning.pdf,https://www.tru.ca/__shared/assets/level-1-energy-study-2022-house-of-learning64237.pdf,2022,Level 1 Energy Study,Energy-and-Buildings,Link seen on index page,,,"Level 1 Energy Study series, 2022.",Part of the Level 1 Energy Study time series. Multi-year trend data for benchmarking.
263,2,TRU,05_TRU/05_Energy-and-Buildings,2022_TRU_Level-1-Energy-Study-2022-Multi-Use-Annex-Human-Resources.pdf,https://www.tru.ca/__shared/assets/level-1-energy-study-2022-human-resources-building64238.pdf,2022,Level 1 Energy Study,Energy-and-Buildings,Link seen on index page,,,"Level 1 Energy Study series, 2022.",Part of the Level 1 Energy Study time series. Multi-year trend data for benchmarking.
264,2,TRU,05_TRU/05_Energy-and-Buildings,2022_TRU_Level-1-Energy-Study-2022-International-Building.pdf,https://www.tru.ca/__shared/assets/level-1-energy-study-2022-international-building64239.pdf,2022,Level 1 Energy Study,Energy-and-Buildings,Link seen on index page,,,"Level 1 Energy Study series, 2022.",Part of the Level 1 Energy Study time series. Multi-year trend data for benchmarking.
265,2,TRU,05_TRU/05_Energy-and-Buildings,2022_TRU_Level-1-Energy-Study-2022-Trades-and-Technology.pdf,https://www.tru.ca/__shared/assets/level-1-energy-study-2022-trades64240.pdf,2022,Level 1 Energy Study,Energy-and-Buildings,Link seen on index page,,,"Level 1 Energy Study series, 2022.",Part of the Level 1 Energy Study time series. Multi-year trend data for benchmarking.
266,2,TRU,05_TRU/05_Energy-and-Buildings,2022_TRU_Level-1-Energy-Study-2022-Animal-Health.pdf,https://www.tru.ca/__shared/assets/level-1-energy-study-2022-animal-health64241.pdf,2022,Level 1 Energy Study,Energy-and-Buildings,Link seen on index page,,,"Level 1 Energy Study series, 2022.",Part of the Level 1 Energy Study time series. Multi-year trend data for benchmarking.
267,2,TRU,05_TRU/05_Energy-and-Buildings,2022_TRU_Level-1-Energy-Study-2022-Clock-Tower.pdf,https://www.tru.ca/__shared/assets/level-1-energy-study-2022-clock-tower64242.pdf,2022,Level 1 Energy Study,Energy-and-Buildings,Link seen on index page,,,"Level 1 Energy Study series, 2022.",Part of the Level 1 Energy Study time series. Multi-year trend data for benchmarking.
268,2,TRU,05_TRU/05_Energy-and-Buildings,2022_TRU_Level-1-Energy-Study-2022-Gymnasium.pdf,https://www.tru.ca/__shared/assets/level-1-energy-study-2022-gymnasium64243.pdf,2022,Level 1 Energy Study,Energy-and-Buildings,Link seen on index page,,,"Level 1 Energy Study series, 2022.",Part of the Level 1 Energy Study time series. Multi-year trend data for benchmarking.
269,2,TRU,05_TRU/05_Energy-and-Buildings,2022_TRU_Level-1-Energy-Study-2022-Materials-Distribution-Centre.pdf,https://www.tru.ca/__shared/assets/level-1-energy-study-2022-materials-distribution-centre64244.pdf,2022,Level 1 Energy Study,Energy-and-Buildings,Link seen on index page,,,"Level 1 Energy Study series, 2022.",Part of the Level 1 Energy Study time series. Multi-year trend data for benchmarking.
270,2,TRU,05_TRU/05_Energy-and-Buildings,2016_TRU_Fortis-Custom-Design-Animal-Health-Building-Energy-Assessment.pdf,https://www.tru.ca/__shared/assets/Animal_Health_Building_Energy_Assessment40766.pdf,2016,Energy Assessment,Energy-and-Buildings,Link seen on index page,,,"Energy Assessment series, 2016.",Part of the Energy Assessment time series. Multi-year trend data for benchmarking.
271,2,TRU,05_TRU/05_Energy-and-Buildings,2016_TRU_Fortis-Custom-Design-Gym-and-CAC-Domestic-Hot-Water-Energy-Assessment.pdf,https://www.tru.ca/__shared/assets/Gym___CAC_Domestic_Hot_Water_Energy_Assessment40767.pdf,2016,Energy Assessment,Energy-and-Buildings,Link seen on index page,,,"Energy Assessment series, 2016.",Part of the Energy Assessment time series. Multi-year trend data for benchmarking.
272,2,TRU,05_TRU/05_Energy-and-Buildings,2016_TRU_Fortis-Custom-Design-Arts-and-Education-Building-Energy-Assessment.pdf,https://www.tru.ca/__shared/assets/Arts___Education_Building_Energy_Assessment40768.pdf,2016,Energy Assessment,Energy-and-Buildings,Link seen on index page,,,"Energy Assessment series, 2016.",Part of the Energy Assessment time series. Multi-year trend data for benchmarking.
273,2,TRU,05_TRU/05_Energy-and-Buildings,2016_TRU_Fortis-Custom-Design-Clock-Tower-Building-Energy-Assessment.pdf,https://www.tru.ca/__shared/assets/Clock_Tower_Building_Energy_Assessment40769.pdf,2016,Energy Assessment,Energy-and-Buildings,Link seen on index page,,,"Energy Assessment series, 2016.",Part of the Energy Assessment time series. Multi-year trend data for benchmarking.
274,2,TRU,05_TRU/05_Energy-and-Buildings,2016_TRU_Fortis-Custom-Design-Culinary-Arts-Building-Energy-Assessment.pdf,https://www.tru.ca/__shared/assets/Culinary_Arts_Building_Energy_Assessment40770.pdf,2016,Energy Assessment,Energy-and-Buildings,Link seen on index page,,,"Energy Assessment series, 2016.",Part of the Energy Assessment time series. Multi-year trend data for benchmarking.
275,2,TRU,05_TRU/05_Energy-and-Buildings,2016_TRU_Fortis-Custom-Design-Science-Building-Energy-Assessment.pdf,https://www.tru.ca/__shared/assets/Science_Building_Energy_Assessment40771.pdf,2016,Energy Assessment,Energy-and-Buildings,Link seen on index page,,,"Energy Assessment series, 2016.",Part of the Energy Assessment time series. Multi-year trend data for benchmarking.
276,2,TRU,05_TRU/07_Curriculum-and-Research,2025_TRU_TRU-Sustainability-Literacy-Assessment-Report-2025.pdf,https://www.tru.ca/__shared/assets/2025-literacy-assessment-report65172.pdf,2025,Sustainability Literacy Assessment,Curriculum-and-Research,Link seen on index page,,,"Sustainability Literacy Assessment series, 2025.",Part of the Sustainability Literacy Assessment time series. Multi-year trend data for benchmarking.
277,2,TRU,05_TRU/07_Curriculum-and-Research,2022_TRU_TRU-Sustainability-Post-Literacy-Assessment-Survey-Student-Report-2022.pdf,https://www.tru.ca/__shared/assets/student-report-2022-sustainability-post-literacy-assessment-survey55959.pdf,2022,Sustainability Literacy Assessment,Curriculum-and-Research,Link seen on index page,,,"Sustainability Literacy Assessment series, 2022.",Part of the Sustainability Literacy Assessment time series. Multi-year trend data for benchmarking.
278,2,TRU,05_TRU/07_Curriculum-and-Research,2021_TRU_TRU-SLAS-2021-Employee-Report.pdf,https://www.tru.ca/__shared/assets/slas-2021-tru-employee-report53380.pdf,2021,Sustainability Literacy Assessment,Curriculum-and-Research,Link seen on index page,,,"Sustainability Literacy Assessment series, 2021.",Part of the Sustainability Literacy Assessment time series. Multi-year trend data for benchmarking.
279,2,TRU,05_TRU/07_Curriculum-and-Research,2021_TRU_TRU-SLAS-2021-Student-Report.pdf,https://www.tru.ca/__shared/assets/slas-2021-tru-student-report53379.pdf,2021,Sustainability Literacy Assessment,Curriculum-and-Research,Link seen on index page,,,"Sustainability Literacy Assessment series, 2021.",Part of the Sustainability Literacy Assessment time series. Multi-year trend data for benchmarking.
280,2,TRU,05_TRU/03_STARS,2022_TRU_TRU-STARS-Report-2022-Platinum-self-hosted-full-submission.pdf,https://www.tru.ca/__shared/assets/tru-stars-report56740.pdf,2022,STARS,STARS,Link seen on index page,,,"STARS series, 2022.",Part of the STARS time series. Multi-year trend data for benchmarking.
281,2,TRU,05_TRU/06_Waste-and-Procurement,2017_TRU_TRU-Workplace-Conservation-Awareness-and-Zero-Waste-Quiz-Results-Fall-2017.pdf,https://www.tru.ca/__shared/assets/TRU_Zero_Waste_201733146.pdf,2017,Waste Audit,Waste-and-Procurement,Link seen on index page,,,"Waste Audit series, 2017.",Part of the Waste Audit time series. Multi-year trend data for benchmarking.
282,3,UBC Vancouver,01_UBC-Vancouver/01_Plans-and-Strategies,nd_UBCV_CAP2030-Progress-Dashboard.url,https://planning.ubc.ca/CAP2030dashboard,Ongoing,Dashboard,Plans-and-Strategies,Fetched,,Performance Measurement; Carbon Zero,Interactive scroll dashboard tracking progress by scope area.,Public scorecard UI pattern (status by scope area) for OC's own HTML tracker.
283,3,UBC Vancouver,01_UBC-Vancouver/07_Curriculum-and-Research,nd_UBCV_SEEDS-Sustainability-Library-2-241-projects.url,https://sustain.ubc.ca/programs/seeds-sustainability-program/seeds-sustainability-library,Ongoing,Database,Curriculum-and-Research,Fetched,PRIORITY,Applied Research; Curriculum,"Searchable database of 2,241 student-authored applied sustainability project reports, 2000-2025, across 15 topic tags.",Campus-as-living-lab course-project pipeline plus a searchable metadata schema. Scalable down to OC's Four-Campus Living Lab initiative.
284,3,UBC Vancouver,01_UBC-Vancouver/07_Curriculum-and-Research,nd_UBCV_Sustainability-Scholars-Project-Library.url,https://sustain.ubc.ca/programs/sustainability-scholars-program/project-library,Ongoing,Database,Curriculum-and-Research,Fetched,,Applied Research,"Graduate-level applied-research project library, hundreds of reports since 2011.",Paid student-scholar placement model that delivers operational tools cheaply.
285,3,UBC Vancouver,01_UBC-Vancouver/06_Waste-and-Procurement,nd_UBCV_Sustainable-Purchasing-Guide.url,https://finance.ubc.ca/procure-pay/sustainable-purchasing-guide,Current,Guide,Waste-and-Procurement,Fetched,,Supply Chain,Lifecycle-based purchasing guidance. UBC was Canada's first Fair Trade Campus (2011).,Necessary/reuse/repair/dispose decision-tree framing.
286,3,UBC Vancouver,01_UBC-Vancouver/06_Waste-and-Procurement,nd_UBCV_Supplier-Code-of-Conduct.url,https://finance.ubc.ca/doing-business-with-ubc/inclusion-in-procurement/supplier-code-of-conduct/,Current,Policy,Waste-and-Procurement,Landing page only,,Supply Chain,"Labour-standard and environmental requirements (min 30% recycled packaging content), ILO-aligned.",Ready clause set to adapt into an OC procurement policy.
287,3,UBC Vancouver,01_UBC-Vancouver/02_Climate-and-GHG-Reporting,nd_UBCV_Internal-Carbon-Pricing-Project.url,https://sds.ubc.ca/node/140,Recent,Policy/Tool,Climate-and-GHG-Reporting,Landing page only,PRIORITY,Investment; Carbon Zero,"Recommends and pilots a $250/tCO2e internal shadow price on capital and energy projects, Board-endorsed for piloting.",The $250/tCO2e figure and the phased pilot-then-scale rollout. Direct input to OC's carbon liability calculation.
288,3,UBC Vancouver,01_UBC-Vancouver/04_Transportation,nd_UBCV_UBC-Sustainability-Dashboards-overview-energy-water-waste-transport.url,https://sustain.ubc.ca/dashboard/overview,Ongoing,Dashboard,Transportation,Fetched,PRIORITY,Performance Measurement; Communications,"Public interactive dashboards with green/yellow/red status against annual targets, plus downloadable open data.","Status-colour KPI dashboard pattern, directly portable to OC's HTML trackers."
289,3,UBC Vancouver,01_UBC-Vancouver/05_Energy-and-Buildings,nd_UBCV_Campus-Energy-Visualization-Map.url,https://facilities.ubc.ca/infrastructure-and-systems/utilities-metrics-and-data/campus-energy-visualization-map/,Ongoing,Dashboard,Energy-and-Buildings,Seen in search,,Infrastructure (Energy/Water),Building-level energy and water visualization.,"Building-level rather than campus-aggregate granularity, relevant to OC's 45-building portfolio."
290,3,UBC Vancouver,01_UBC-Vancouver/05_Energy-and-Buildings,nd_UBCV_Green-Labs-Certification-Program.url,https://sustain.ubc.ca/programs/green-labs-program/green-lab-certification,Ongoing,Program,Energy-and-Buildings,Seen in search,,Infrastructure; Applied Research,"Lab-level certification covering energy, water, chemicals and waste.",Certification checklist structure for OC science and trades labs.
291,3,UBC Vancouver,01_UBC-Vancouver/03_STARS,2015_UBCV_STARS-Report-2015-v2.0-Gold-expired-2018.url,https://reports.aashe.org/institutions/university-of-british-columbia-bc/report/2015-08-04/,2015,STARS,STARS,Fetched,,Policy/Planning,"UBC's most recent STARS submission. Gold, now expired. No submission since.",Credit-by-credit scorecard to see how a Gold peer answered each credit. Note UBC-V is NOT a live STARS comparator.
292,3,UBC Vancouver,01_UBC-Vancouver/06_Waste-and-Procurement,nd_UBCV_Food-Security-Initiative-Terms-of-Reference.url,https://wellbeing.ubc.ca/FSITermsofReference,n.d.,Governance,Waste-and-Procurement,Landing page only,,Organizational Structure,Governance charter for a cross-unit food security initiative.,ToR template for standing up a cross-departmental working group.
293,3,UBC Okanagan,02_UBC-Okanagan/04_Transportation,nd_UBCO_ProPass-employee-transit-pass-program.url,https://campusplanning.ok.ubc.ca/transportation/travel-options/transit/propass/,Ongoing,Program,Transportation,Fetched,PRIORITY,Transportation,"Employer-subsidized transit pass: 35% UBCO subsidy + 15% Kelowna Regional Transit discount = 50% off ($40/mo vs $80/mo), via BC Transit's Umo app.","A ready-made staff TDM incentive OC could negotiate directly with BC Transit. Note OC's employee parking is a taxable benefit, so check tax treatment."
294,3,UBC Okanagan,02_UBC-Okanagan/04_Transportation,nd_UBCO_UBCO-U-Pass-BC-FAQ-program-terms.url,https://trek.sites.olt.ubc.ca/okanagan-campus/ubco-upass-faq/,Ongoing,Program,Transportation,Fetched,PRIORITY,Transportation,"$50/semester nominal, $45 after 10% subsidy; mandatory with defined exemptions; unlimited Kelowna Transit + HandyDART; $3,000/yr Transportation Hardship Fund.",Exemption criteria and hardship-fund language directly reusable for OC's open U-Pass question (#5).
295,3,UBC Okanagan,02_UBC-Okanagan/09_Indigenous-and-Engagement,nd_UBCO_UBC-Okanagan-Indigenous-Engagement-TRC-Commitments.url,https://ok.ubc.ca/about/indigenous-engagement/,Ongoing,Program,Indigenous-and-Engagement,Fetched,PRIORITY,Indigenous relationality; Curriculum; Training,"Five formal 2019 TRC-response commitments including the Bachelor of Nsyilxcn Fluency, a first in Canada.","Concrete, fundable actions OC could scope with the Okanagan Nation Alliance. Serves OC's Layer 0 and open question #9."
296,3,UBC Okanagan,02_UBC-Okanagan/09_Indigenous-and-Engagement,2015_UBCO_Okanagan-Charter-Final-Development-Report.url,https://open.library.ubc.ca/soa/cIRcle/collections/53926/items/1.0372504,2015,Charter,Indigenous-and-Engagement,Seen in search,,Engagement; Policy/Planning,"Founding document of the Okanagan Charter for Health Promoting Universities and Colleges, created at UBCO in 2015.","Formal adoption would tie OC's plan to a movement born in its own region. Low cost, high symbolic value."
297,3,UBC Okanagan,02_UBC-Okanagan/11_Climate-Risk-and-Resilience,2022_UBCO_Climate-Resilient-Kelowna-Tracker.url,https://climateresilience.kelowna.ca/,Ongoing (data to 2022),Dashboard,Climate-Risk-and-Resilience,Fetched,,Performance Measurement; Carbon Zero,"Live public dashboard tracking Kelowna community GHG (730,000 tCO2e in 2007 to 800,000 in 2022) against a 2030 target of 440,900 tCO2e.","UI model for OC's public tracker, and the community inventory boundary OC Kelowna sits inside."
298,3,UVic,03_UVic/01_Plans-and-Strategies,2023_UVic_CSAP-2030-Actions-interactive-web-page.url,https://www.uvic.ca/about-uvic/climate-sustainability-plan/csap-actions.php,2023-ongoing,Web tool,Plans-and-Strategies,Fetched,,Communications,"Web-native breakdown of the 4 pillars and goals with example actions. No PDF, no dashboard.",Low-cost pattern for publishing a living action tracker without building a full dashboard.
299,3,UVic,03_UVic/06_Waste-and-Procurement,nd_UVic_Sustainable-Procurement-Initiative.url,https://www.uvic.ca/purchasing/vendors/sustainableprocurement/index.php,Current,Program,Waste-and-Procurement,Fetched,PRIORITY,Supply Chain,Three-part program: Supplier Code of Conduct + EcoVadis third-party ESG auditing + supplier selection. UVic states it is the first Canadian university to partner with EcoVadis.,"A reusable 3-part supply-chain governance model, including a scored third-party audit tool ahead of Bill S-211 compliance."
300,3,UVic,03_UVic/08_Governance-and-Policy,nd_UVic_UVic-Foundation-Responsible-Investment-program-page.url,https://www.uvic.ca/uvic-foundation/responsible-investment/index.php,Current,Web page,Governance-and-Policy,Fetched,,Investment,References a 2022 Responsible Investment Report with decarbonization progress.,Separate investment vs operations climate reporting as a governance pattern.
301,3,UVic,03_UVic/08_Governance-and-Policy,2019_UVic_UVic-$80M-fossil-fuel-divestment-news-coverage.url,https://www.cbc.ca/news/canada/british-columbia/uvic-fossil-fuel-investments-1.5899220,2019-2020,News,Governance-and-Policy,Seen in search,,Investment,"UVic moved ~$80M of its Working Capital Fund to a fossil-fuel-free vehicle, ahead of the 2021 Foundation policy.","Precedent for staging divestment: working capital first, endowment policy second."
302,3,UVic,03_UVic/08_Governance-and-Policy,nd_UVic_Sustainability-Advisory-Committee-mandate.url,https://www.uvic.ca/campusplanning/about/committees/sustainabilityadvisorycommittee/index.php,Current,Governance,Governance-and-Policy,Fetched,,Organizational Structure,"Cross-campus committee of admin, staff, students and faculty supporting plan implementation.",Membership model for OC's own sustainability governance body.
303,3,UVic,03_UVic/01_Plans-and-Strategies,nd_UVic_UN-Sustainable-Development-Goals-at-UVic.url,https://www.uvic.ca/about-uvic/un-sdg-uvic/index.php,Current,Web page,Plans-and-Strategies,Seen in search,,UNSDGs,"Maps academic, research and operational activity to the UN SDGs.",A working SDG-mapping page OC could mirror to close its 'no UNSDG assessment undertaken' baseline gap cheaply.
304,3,UVic,03_UVic/05_Energy-and-Buildings,nd_UVic_District-Energy-Plant-DEP-Electrification-Project.url,https://www.uvic.ca/campusplanning/current-projects/dep-electrification-project/index.php,Current,Project,Energy-and-Buildings,Seen in search,,Infrastructure (Energy); Carbon Zero,Central biomass and district energy plant plus its electrification retrofit toward net zero by 2040.,In-progress CAPEX case study for decarbonizing a legacy central plant.
305,3,UVic,03_UVic/03_STARS,2023_UVic_AASHE-STARS-Report-UVic-Platinum-85.74.url,https://reports.aashe.org/institutions/university-of-victoria-bc/report/2023-12-13/,2023,STARS,STARS,Fetched,PRIORITY,All 4 focus areas,"Platinum, 85.74/100, valid to Mar 2027. Academics 53.50/58, Engagement 36.33/41, Operations 47.47/70, Planning & Admin 27.53/33, Innovation 4/4.",A Platinum-level scoring bar per STARS category. Note Operations is the weakest category even at Platinum (68% of points) - a realistic expectation-setter for OC.
306,3,UVic,03_UVic/03_STARS,2020_UVic_UVic-STARS-Report-2020-Gold-era.url,https://reports.aashe.org/institutions/university-of-victoria-bc/report/2020-05-05/,2020,STARS,STARS,Seen in search,,Performance Measurement,Prior submission cycle before Platinum.,Confirms a Gold 2020 to Platinum 2023 trajectory. Useful for pacing OC's own rating ambition.
307,3,SFU,04_SFU/11_Climate-Risk-and-Resilience,2025_SFU_2030-Sustainability-Climate-and-Resilience-Strategy.url,https://www.sfu.ca/sustainability/sustainability-plan/sustainability-strategy.html,2025-2030,Strategy,Climate-Risk-and-Resilience,Fetched,PRIORITY,Policy/Planning; Climate Resilience; Indigenous relationality,"Current 6-year strategy built on 3 cross-cutting goals rather than siloed pillars, aligned to the SDGs, Race to Zero, the BC Climate Accountability Act and UNDRIP.",A materiality-driven design process OC can replicate when finalizing its own plan.
308,3,SFU,04_SFU/01_Plans-and-Strategies,2025_SFU_Design-and-Definitions-strategy-methodology.url,https://www.sfu.ca/sustainability/sustainability-plan/sustainability-strategy/design-and-definitions.html,2025,Methodology,Plans-and-Strategies,Fetched,,Policy/Planning,"Documents a 5-stage design process (consultation, materiality study, internal alignment, framework selection, validation) and anchors definitions in the Brundtland Report.",Reusable definitional language and a defensible process narrative for board approval.
309,3,SFU,04_SFU/01_Plans-and-Strategies,2025_SFU_2020-2025-Sustainability-and-Climate-Action-Report.url,https://www.sfu.ca/sustainability/reports/24-25.html,2025,Report,Plans-and-Strategies,Fetched,PRIORITY,Carbon Zero; Investment; Performance Measurement,"End-of-plan report: 50% GHG cut vs 2007, ~95% renewable energy on Burnaby campus, full fossil-fuel divestment, 74% investment carbon-intensity cut, 18 to 150+ initiatives, $50.8M raised, 563 sustainability courses.",Template for a capstone year-6 report card. Exact KPI language OC can adapt.
310,3,SFU,04_SFU/03_STARS,2018_SFU_STARS-Report-2018-v2.1-Gold-73.90-expired-2021.url,https://reports.aashe.org/institutions/simon-fraser-university-bc/report/2018-10-05/,2018,STARS,STARS,Fetched,,All 4 focus areas,"Gold, 73.90/100. SFU's most recent submission. No renewal since, so the rating lapsed in 2021.","Credit-by-credit checklist, plus a cautionary example of letting a rating lapse."
311,3,SFU,04_SFU/08_Governance-and-Policy,nd_SFU_Responsible-Investment-Policy-Board-Policy-B10.16.url,https://www.sfu.ca/policies/gazette/board/B10-16.html,Current,Policy,Governance-and-Policy,Fetched,,Investment,"Defines responsible investing via ESG integration and active ownership, with divestment as a last resort.","Engagement-first, divestment-as-last-resort language. A defensible middle path if OC isn't ready for a hard mandate."
312,3,SFU,04_SFU/08_Governance-and-Policy,2021_SFU_SFU-commits-to-full-fossil-fuel-divestment-President's-statement.url,https://www.sfu.ca/president/statements/community-messages/2021/sfu-commits-to-full-divestment-from-fossil-fuels.html,2021,Statement,Governance-and-Policy,Seen in search,,Investment,Public commitment to divest fully by 2025.,Public commitment statement and timeline structure.
313,3,SFU,04_SFU/08_Governance-and-Policy,2026_SFU_SFU-completes-fossil-fuel-divestment-news-release.url,https://www.sfu.ca/sfunews/stories/2026/01/sfu-completes-fossil-fuel-divestment--reinforcing-commitment-to-.html,2026,News,Governance-and-Policy,Seen in search,,Investment,"Confirms zero direct fossil fuel investments, ~5% residual indirect exposure.",Numbers to benchmark against: 74% carbon-intensity reduction vs a 45% target.
314,3,SFU,04_SFU/06_Waste-and-Procurement,nd_SFU_Sustainable-Procurement-program.url,https://www.sfu.ca/finance/services/procurement/sustainable-procurement.html,Current,Program,Waste-and-Procurement,Fetched,,Supply Chain,"Built on Purchasing Policy AD11.01, covering environmental impact, social procurement, supply-chain diversity, poverty reduction and inclusive growth.",A 5-criteria sustainable-procurement rubric OC can adapt directly.
315,3,SFU,04_SFU/06_Waste-and-Procurement,nd_SFU_Purchasing-Policy-AD-11.01.url,https://www.sfu.ca/policies/gazette/administrative/ad11-01.html,Current,Policy,Waste-and-Procurement,Seen in search,,Supply Chain,Base procurement policy referenced by the sustainable procurement program.,Policy to program to compliance-report linkage model.
316,3,SFU,04_SFU/06_Waste-and-Procurement,nd_SFU_Ethical-Procurement-Policy-AD-11.21.url,https://www.sfu.ca/policies/gazette/administrative/ad11-21.html,Current,Policy,Waste-and-Procurement,Seen in search,,Supply Chain,Companion ethical-sourcing policy.,Adds a labour/ethics dimension OC's framework does not yet separately name.
317,3,SFU,04_SFU/05_Energy-and-Buildings,2010_SFU_Green-Labs-Program.url,https://www.sfu.ca/fs/projects-initiatives/sustainable-initiatives/energy-conservation/green-labs.html,Since 2010,Program,Energy-and-Buildings,Fetched,,Infrastructure (Energy); Applied Research,"Targets 2%/yr energy reduction and ~$25,000/yr savings using a Pulse Energy dashboard and lab Energy Committees.","A building-level Energy Committee plus dashboard plus curriculum tie-in model, transferable to OC science and trades labs. Good year-1 quick win."
318,3,SFU,04_SFU/06_Waste-and-Procurement,nd_SFU_Waste-Reduction-Four-Stream-Waste-System.url,https://www.sfu.ca/fs/projects-initiatives/sustainable-initiatives/waste-reduction.html,Ongoing,Program,Waste-and-Procurement,Fetched,,Supply Chain,"Four-stream system with named downstream processors. The Bin Buddies desk-side program removed ~200,000 plastic liners/year.","Bin Buddies is a low-cost, high-visibility win replicable across four campuses."
319,3,SFU,04_SFU/04_Transportation,nd_SFU_Alternative-Transportation-Parking-Sustainable-Mobility.url,https://www.sfu.ca/parking/alternative-transport.html,Ongoing,Program,Transportation,Fetched,,Transportation,"U-Pass, RapidBus, a 30-minute shuttle, a 30-unit Evolve e-bike share, EVO/Modo carshare, carpooling and EV charging.",An e-bike share partnership and dual-carshare-operator model OC could pursue for Kelowna.
320,3,SFU,04_SFU/04_Transportation,nd_SFU_U-Pass-BC-general-info.url,https://www.sfu.ca/students/enrolment-services/upass/general-info.html,Ongoing,Program,Transportation,Seen in search,,Transportation,Standard U-Pass BC program information.,Comparator for OC's open U-Pass question.
321,3,SFU,04_SFU/04_Transportation,nd_SFU_EV-Charging-Stations-page.url,https://www.sfu.ca/parking/alternative-transport/ev-charging-stations.html,Ongoing,Program,Transportation,Seen in search,,Transportation,Campus EV charger locations and policy.,Charger-count and policy disclosure format.
322,3,SFU,04_SFU/04_Transportation,nd_SFU_New-EV-Charger-Additions-Support-Emissions-Goals.url,https://www.sfu.ca/vpfa/news-events/news/ev-charging.html,Recent,News,Transportation,Seen in search,,Transportation; Carbon Zero,Ties charger installations explicitly to emissions targets.,How to tie infrastructure announcements to a numeric GHG target in communications.
323,3,SFU,04_SFU/01_Plans-and-Strategies,nd_SFU_Analyzing-travel-patterns-to-SFU-Steer-Group.url,https://steergroup.com/projects/analyzing-travel-patterns-simon-fraser-university,Recent,Study,Plans-and-Strategies,Seen in search,,Transportation,Third-party consultancy study of multi-campus commute patterns. Content blocked by robots.txt.,"Precedent for commissioning an external commute study, comparable to OC's Urban Systems work."
324,3,SFU,04_SFU/08_Governance-and-Policy,2022_SFU_Embedding-Sustainability-and-Climate-Action-ESCA-Framework.url,https://www.sfu.ca/sustainability/about/our-approach/esca.html,2022-present,Governance,Governance-and-Policy,Fetched,PRIORITY,Organizational Structure; Policy/Planning,Provost and VPs set goals; ESCA leads per VP portfolio form Pods with dedicated communicators; a cross-portfolio Community of Practice links them to the central office.,"The single most transferable governance artifact found. A lightweight, low-headcount coordination model across multiple sites and portfolios."
325,3,SFU,04_SFU/08_Governance-and-Policy,nd_SFU_Sustainability-Policy-GP-38.url,https://www.sfu.ca/policies/gazette/general/gp38.html,Current,Policy,Governance-and-Policy,Seen in search,,Policy/Planning,"Board-level policy establishing sustainability as an institutional accountability, underpinning ESCA.",Template board policy language for OC's top-level anchor.
326,3,SFU,04_SFU/01_Plans-and-Strategies,nd_SFU_Sustainability-and-Climate-Office-About.url,https://www.sfu.ca/sustainability/about/sfu-sustainability.html,Current,Web page,Plans-and-Strategies,Seen in search,,Organizational Structure,"Describes the central office's role, staffing and relationship to the ESCA pods.",Staffing comparator for right-sizing OC's central function.
327,3,SFU,04_SFU/01_Plans-and-Strategies,nd_SFU_Sustainable-Development-Goals-hub.url,https://www.sfu.ca/sustainable-development-goals.html,Current,Web page,Plans-and-Strategies,Seen in search,,UNSDGs,SFU ranked #1 globally for SDG 11 and #5 for SDG 13 in THE Impact Rankings 2023.,Using THE Impact Rankings as a second benchmark alongside STARS.
328,3,SFU,04_SFU/01_Plans-and-Strategies,nd_SFU_Sustainability-Impact-Measurement-Initiative-SIMI.url,https://www.sfu.ca/sustainability/commitments-initiatives.html,Current,Tool,Plans-and-Strategies,Fetched,PRIORITY,Performance Measurement,A centralized internal database feeding both internal tracking and THE Impact Rankings submissions.,One data pipeline feeding multiple external frameworks (STARS + CCAR + THE) instead of re-collecting per report.
329,3,SFU,04_SFU/04_Transportation,nd_SFU_EV-Charging-Alliance-resource-hub.url,https://foresightcac.com/report/electric-vehicle-charging-alliance,Current,Tool hub,Transportation,Fetched,PRIORITY,Transportation; Infrastructure,"Landing page for the Roadmap, Business Case, BC Hydro bulletin, Fleet Survey Results (100+ fleets), Carbon Credit Workshop Learnings, an EV Charger Investment Calculator (Excel) and an interactive Asset Map.",The investment calculator and asset map exist but are gated. Request via the research-requests channel.
330,3,SFU,04_SFU/07_Curriculum-and-Research,nd_SFU_Foresight-Canada-research-requests-contact.url,https://foresightcac.com/research-requests,Current,Contact,Curriculum-and-Research,Seen in search,,Transportation,The intake channel for Alliance tools and materials not published openly.,"The actual entry point for OC to request the calculator, map access and membership details."
331,3,SFU,04_SFU/05_Energy-and-Buildings,nd_SFU_Foresight-Canada-infrastructure-clean-energy-hub.url,https://foresightcac.com/infrastructure#clean-energy,Current,Web page,Energy-and-Buildings,Landing page only,,Transportation; Carbon Zero,References an eMHDV charging infrastructure working group with BC Hydro. A charging-hub Design Guide is noted as coming soon.,A forthcoming design guide OC's fleet team should watch for.
332,3,SFU,04_SFU/01_Plans-and-Strategies,nd_SFU_SFU-Facilities-Sustainable-Development.url,https://www.sfu.ca/fs/projects-initiatives/sustainable-initiatives/sustainable-development.html,Ongoing,Web page,Plans-and-Strategies,Seen in search,,Infrastructure,Green building practices and standards for new construction and retrofits.,Building-standards comparator against OC's Capital Master Plan and VFA data.
333,3,SFU,04_SFU/05_Energy-and-Buildings,2020_SFU_Sustainable-Energy-and-Engineering-Building-SE3P-Surrey.url,https://reveryarchitecture.com/projects/sfu-sustainable-energy-and-engineering-building/,2020s,Case study,Energy-and-Buildings,Seen in search,,Infrastructure; Curriculum,Flagship high-performance building used in SFU's STARS sustainable-building credit.,"A living-lab building combining research, teaching and high-performance design."
334,3,TRU,05_TRU/05_Energy-and-Buildings,2024_TRU_Low-Carbon-District-Energy-System-LCDES.url,https://www.tru.ca/sustainability/lcdes.html,2024-2030,Capital project,Energy-and-Buildings,Fetched,PRIORITY,Infrastructure (Energy); Carbon Zero,"Electrifies heating across 13 buildings with Creative Energy and BC Hydro. Targets a 95% heating-emissions cut by 2030 and >100,000 tCO2e offset over 30 years.",A real costed decarbonization capital project with a utility + district-energy partner structure. Directly transferable to OC.
335,3,TRU,05_TRU/03_STARS,2022_TRU_TRU-STARS-Report-v2.2-Platinum-86.17.url,https://reports.aashe.org/institutions/thompson-rivers-university-bc/report/2022-05-31/,2022,STARS,STARS,Fetched,PRIORITY,All 13 impact areas,"86.17/100, Platinum, expired Oct 31 2025. The highest-scoring BC teaching institution on record.",The master credit crosswalk for an institution at OC's scale and mandate.
336,3,TRU,05_TRU/03_STARS,2018_TRU_TRU-STARS-Report-v2.1-Platinum.url,https://reports.aashe.org/institutions/thompson-rivers-university-bc/report/2018-05-31/,2018,STARS,STARS,Verified (list),,All 13 impact areas,Also Platinum. TRU claims to be the first Canadian institution to reach double platinum.,"Confirms top-tier performance at this scale is sustainable over time, not a one-off."
337,3,TRU,05_TRU/03_STARS,2011_TRU_TRU-STARS-Reports-v2.0-2015-Gold-and-v1.1-2011-Silver.url,https://reports.aashe.org/institutions/thompson-rivers-university-bc/report/2015-03-03/,"2011, 2015",STARS,STARS,Verified (list),PRIORITY,Policy/Planning,"Silver to Gold to Platinum to Platinum, 2011-2022.",A realistic multi-cycle rating-improvement pathway OC can cite when setting T3.
338,3,UFV,06_UFV/01_Plans-and-Strategies,2023_UFV_Sustainability-Action-Pathway-in-development.url,https://www.ufv.ca/sustainable-ufv/commitment/plans-policies-reports/sustainability-action-pathway/,2023-ongoing,Plan (in progress),Plans-and-Strategies,Fetched,PRIORITY,Policy/Planning; Indigenous relationality; UNSDGs,"Being co-developed with consultancy SSG, explicitly folding SDGs, EDI and Indigenization alongside operations, academics and research. Will include an action catalogue, implementation framework and KPIs.","A live comparator process OC can shadow in real time, since both plans are being built in the same period."
339,3,UFV,06_UFV/11_Climate-Risk-and-Resilience,2024_UFV_Energy-and-Climate-Resilience-Pathway-Plan-in-development.url,https://www.ufv.ca/sustainable-ufv/commitment/plans-policies-reports/climate-resilience-pathway/,2024 target,Plan (in progress),Climate-Risk-and-Resilience,Fetched,PRIORITY,Infrastructure (Energy); Climate Resilience,"Three-phase method: energy/emissions audits plus climate-vulnerability screening, then a resilience/risk assessment, then stakeholder-engaged pathways modelling. Covers two campuses.",The clearest exportable climate-resilience methodology found in this whole scan. Directly usable for OC's cross-cutting resilience workstream.
340,3,UFV,06_UFV/03_STARS,2026_UFV_UFV-STARS-Report-v3.0-Gold-69.12.url,https://reports.aashe.org/institutions/university-of-the-fraser-valley-bc/report/2026-04-21/,2026,STARS,STARS,Fetched,PRIORITY,All 13 impact areas,"69.12/100, Gold, valid to June 2029. Academics 47.95/60, Engagement 31.75/50, Operations 47.28/85, Planning & Admin 27.52/43, Innovation 10/10.","The most recent Gold-level STARS v3.0 report in BC and the nearest same-version comparator, since OC is targeting 3.0.1. Several credit pages are viewable without login."
341,3,UFV,06_UFV/03_STARS,2023_UFV_UFV-STARS-Report-v2.2-Silver.url,https://reports.aashe.org/institutions/university-of-the-fraser-valley-bc/report/2023-01-31/,2023,STARS,STARS,Verified,,All 13 impact areas,"Silver, expired. One full tier below the 2026 Gold result.",Silver to Gold in about three years. A realistic pacing benchmark for OC.
342,3,UFV,06_UFV/07_Curriculum-and-Research,nd_UFV_UFV-and-the-17-SDGs-SDG-Aligned-Courses-tool.url,https://www.ufv.ca/sustainable-ufv/sustainability-initiatives/ufv-and-the-17-sdgs/,Ongoing,Web tool,Curriculum-and-Research,Fetched,PRIORITY,Curriculum; UNSDGs,Searchable public table of UFV courses mapped to specific SDGs.,A directly reusable UX pattern. A searchable SDG-tagged course table is exactly the kind of interactive tool this project favours.
343,3,UFV,06_UFV/09_Indigenous-and-Engagement,nd_UFV_Xwexwilmexwawt-UFV-Strategic-Indigenization-Plan.url,https://www.ufv.ca/indigenous/indigenization/strategic-plan/,Current,Plan,Indigenous-and-Engagement,Landing page only,PRIORITY,Indigenous relationality,Institution-wide Indigenization strategy governed by a Senate Indigenization Committee.,"The most relevant document type in this scan for OC's Layer 0 territory and relational grounding. No PDF located, so worth a direct request."
344,3,UFV,06_UFV/08_Governance-and-Policy,nd_UFV_UFV-Office-of-Sustainability-About-Us-org-structure.url,https://www.ufv.ca/sustainable-ufv/commitment/about-us/,Current,Web page,Governance-and-Policy,Fetched,PRIORITY,Organizational Structure,"Standalone department since Spring 2021 with 11 listed people: director, sustainability manager, energy manager, two coordinators, an energy coordinator and five assistant/co-op/work-study roles.",A direct staffing-model comparator for right-sizing OC's own office.
345,3,Camosun College,07_BC-College-Sector/Camosun-College/03_STARS,2015_Camosun_Camosun-STARS-Report-page.url,https://camosun.ca/about/sustainability/sustainability-plan/stars-report,2015,STARS,STARS,Fetched,,Policy/Planning,"Silver, Nov 2015, expired. No resubmission in a decade.",Cautionary example: a rating earned once and left to lapse loses comparative value.
346,3,BCIT,07_BC-College-Sector/BCIT/03_STARS,2024_BCIT_BCIT-STARS-Report-Silver.url,https://reports.aashe.org/institutions/british-columbia-institute-of-technology-bc/report/2024-08-20/,2024,STARS,STARS,Fetched,,Policy/Planning,"Silver, valid to Oct 2027. The large polytechnic with the trades focus most comparable to OC's mandate.",The closest STARS peer for a trades-heavy institution's scoring pattern.
347,3,BCIT,07_BC-College-Sector/BCIT/05_Energy-and-Buildings,nd_BCIT_Zero-Energy-Emissions-Buildings-Learning-Centre-ZEBLC.url,https://www.bcit.ca/zero-energy-building/,Ongoing,Program,Energy-and-Buildings,Fetched,PRIORITY,Curriculum; Trades for the Transition; Infrastructure,"Microcredential hub training trades professionals in net-zero design, retrofits, BC Energy Step Code and Passive House. Flagship: a Residential Air-to-Air Heat Pump Specialist microcredential, 90-100% tuition-subsidized through Mar 2027. Funded by BC Housing, BC Hydro, Vancity, REFBC and FortisBC.",The single closest existing BC blueprint for OC's flagship initiative. A utility-funded heat-pump installer microcredential with a living-lab facility.
348,3,BCIT,07_BC-College-Sector/BCIT/07_Curriculum-and-Research,nd_BCIT_BCIT-ZEB-microcredential-catalogue.url,https://www.bcit.ca/zero-energy-building/programs/,Current,Curriculum,Curriculum-and-Research,Fetched,PRIORITY,Curriculum; Trades for the Transition,"Wind Turbine Essentials, Renewable Energy Electrical Systems, Renewable Energy Fundamentals for Electricians, Intro to Photovoltaics, Net-Zero and Passive House Construction, Mass Timber Construction.","A ready curriculum menu OC could license, partner on, or mirror rather than build from zero."
349,3,BCIT,07_BC-College-Sector/BCIT/04_Transportation,nd_BCIT_BCIT-Electric-Vehicles-program-area.url,https://www.bcit.ca/transportation/areas-of-study/automotive/electric-vehicles/,Current,Curriculum,Transportation,Seen in search,,Curriculum; Trades for the Transition,"BCIT was the 2019 pilot site for BC's EV Maintenance Training before expansion to three more colleges, one of which was Okanagan College.",The origin institution to approach on EV technician curriculum sharing.
350,3,VIU,07_BC-College-Sector/VIU/01_Plans-and-Strategies,2022_VIU_VIU-Position-Statement-on-Climate-Action-and-Sustainability.url,https://news.viu.ca/vancouver-island-universitys-position-statement-climate-action-and-sustainability,2022,Statement,Plans-and-Strategies,Fetched,,Policy/Planning; Organizational Structure,"Commits to BC-mandated targets: 50% building emissions and 40% fleet emissions cuts by 2030. Governed by a President's Taskforce with working groups on engagement, environmental scanning, impact assessment and adaptation/risk.",A clean four-working-group governance pattern for OC's cross-departmental structure.
351,3,VIU,07_BC-College-Sector/VIU/01_Plans-and-Strategies,nd_VIU_VIU-Sustainability-Initiatives.url,https://adm.viu.ca/sustainability/viu-sustainability-initiatives,Current,Program,Plans-and-Strategies,Fetched,,Communications; Training,"Gamified behaviour-change campaigns: Space Heater Defeaters, Active Transportation Bingo, Energy Dance.","Low-cost, high-visibility campaign formats for OC's Engagement focus area."
352,3,Sector / CICan,08_Sector-and-Government/CICan/07_Curriculum-and-Research,2025_CICan_Green-Training-Modules-for-Trades-Educators-CICan-ImpAct-Climate.url,https://www.collegesinstitutes.ca/news-release/green-training-modules-for-trades-educators-to-support-sustainable-housing-construction/,2025-26,OER curriculum,Curriculum-and-Research,Fetched,PRIORITY,Curriculum; Trades for the Transition; Indigenous relationality,"Open-access modules for Carpentry, Electrical, Landscaping and HVACR educators, integrating sustainability and Indigenous perspectives. Built by 8 institutions including Selkirk and VIU, funded by Environment and Climate Change Canada.","Free, ready-to-adopt trades curriculum matching OC's flagship initiative, with Indigenous content already built in. OC is a CICan member."
353,3,Sector / CICan,08_Sector-and-Government/CICan/01_Plans-and-Strategies,nd_CICan_CICan-ImpAct-Climate-program.url,https://www.collegesinstitutes.ca/news-release/green-training-modules-for-trades-educators-to-support-sustainable-housing-construction/,Ongoing,Funding program,Plans-and-Strategies,Fetched,PRIORITY,Curriculum; Applied Research,"Federally funded (ECCC) program running green-skills curriculum initiatives across the CICan member network, which includes Okanagan College.",OC is very likely already eligible for this funding stream. A concrete near-term lead for Trades for the Transition.
354,3,College of the Rockies,07_BC-College-Sector/College-of-the-Rockies/04_Transportation,2021_CofR_Electric-Vehicle-Maintenance-Technology-certificate.url,https://cotr.bc.ca/programs/electric-vehicle-training/,2021-ongoing,Curriculum,Transportation,Fetched,,Curriculum; Trades for the Transition,"Blended 8-module associate certificate for Red Seal automotive technicians and AST L3-4 apprentices. $1,199 tuition, eligible for the StrongerBC Future Skills Grant.",A turnkey pricing and delivery model OC can copy almost verbatim.
355,3,College of the Rockies,07_BC-College-Sector/College-of-the-Rockies/01_Plans-and-Strategies,2022_CofR_College-of-the-Rockies-Sustainability-SDG-Progress-Reports.url,https://cotr.bc.ca/about-us/sustainability/,2022-23,Report,Plans-and-Strategies,Fetched,,UNSDGs; Infrastructure,"SDG Accord signatory, SDSN and AASHE member. Solar (109,000 kWh/yr), composting funded by Columbia Basin Trust, and a BBA in Sustainable Business Practices. No STARS rating.",A small-institution SDG progress-report cadence without full STARS overhead. Useful if OC wants an interim public product.
356,3,Douglas College,07_BC-College-Sector/Douglas-College/03_STARS,2022_Douglas_Douglas-College-STARS-Report-Silver-46.21.url,https://reports.aashe.org/institutions/douglas-college-bc/report/2022-08-23/,2022,STARS,STARS,Fetched,,Policy/Planning,"Silver, 46.21, expired Sept 2025, not renewed.",Comparator score band for OC's first scored submission.
357,3,Douglas College,07_BC-College-Sector/Douglas-College/01_Plans-and-Strategies,nd_Douglas_Climate-Action-and-Environmental-Sustainability-page.url,https://www.douglascollege.ca/about-douglas/college-initiatives/climate-action-and-environmental-sustainability,Current,Web page,Plans-and-Strategies,Fetched,,Policy/Planning,Thin public content. States the Strategic Plan includes initiatives toward a zero-carbon future but publishes no targets or plan document.,A negative benchmark showing the risk of aspirational language without metrics. Reinforces OC's own guardrail against buzzwords.
358,3,Langara College,07_BC-College-Sector/Langara-College/03_STARS,2021_Langara_Langara-STARS-Report-Silver-51.63.url,https://reports.aashe.org/institutions/langara-college-bc/report/2021-06-24/,2021,STARS,STARS,Fetched,,Policy/Planning,"Silver, 51.63, expired Aug 2024, not renewed.",Comparator score.
359,3,Langara College,07_BC-College-Sector/Langara-College/02_Climate-and-GHG-Reporting,2026_Langara_Langara-Planning-and-Reporting-+-2025-CCAR.url,https://langara.ca/media/16679/download?inline,2026,Report,Climate-and-GHG-Reporting,Fetched,,Performance Measurement; UNSDGs,"Ties CCAR reporting directly to its lapsed STARS metrics and its 2023 UN SDG Accord signature, presenting one coherent narrative.","Narrative bridging: presenting STARS, CCAR and SDG data as one story even between STARS cycles."
360,3,KPU,07_BC-College-Sector/KPU/04_Transportation,nd_KPU_KPU-Electric-Vehicle-Maintenance-Training.url,https://www.kpu.ca/trades/auto/electric-vehicle-maintenance-training,Current,Curriculum,Transportation,Seen in search,,Curriculum; Trades for the Transition,Another BC EV technician offering in automotive trades.,Third data point confirming EV-tech training is now standard in BC. Benchmark curriculum hours and cost against all three.
361,3,KPU,07_BC-College-Sector/KPU/06_Waste-and-Procurement,nd_KPU_KPU-Sustainable-Food-Systems-and-Security-programs.url,https://www.kpu.ca/arts/sustainable-food-systems-security,Current,Curriculum,Waste-and-Procurement,Seen in search,,Supply Chain; Curriculum,Signature sustainable agriculture and food security programming.,The clear BC academic partner if OC builds a food-systems or local-procurement angle.
362,3,Royal Roads University,07_BC-College-Sector/Royal-Roads/01_Plans-and-Strategies,2022_RRU_Royal-Roads-Climate-Action-Plan-2022-2027.url,https://www.royalroads.ca/ClimateActionPlan,2022,Plan,Plans-and-Strategies,Fetched,PRIORITY,Carbon Zero; Climate Resilience,"Net-zero campus by 2050 with 65% cut by 2025 and 80% by 2030. Four commitments: community engagement and living labs, climate resilience, mitigation/adaptation pilots, curriculum integration. Race to Zero participant.",A clean staged-percentage GHG target ladder (65% to 80% to net zero) directly reusable for OC's Carbon Zero roadmap.
363,3,UNBC,07_BC-College-Sector/UNBC/03_STARS,2026_UNBC_UNBC-AASHE-STARS-Reports-Gold-68.83.url,https://www.unbc.ca/sustainability/aashe-stars-reports,2026,STARS,STARS,Fetched,PRIORITY,Policy/Planning,"Gold, 68.83, achieved Mar 6 2026, valid to Apr 2029. Up from Silver (56.09) in 2011. The best currently-active rating in the cohort.",The best-in-cohort active benchmark. A 15-year Silver-to-Gold trajectory is a realistic curve for OC's T3.
364,3,UNBC,07_BC-College-Sector/UNBC/05_Energy-and-Buildings,2011_UNBC_UNBC-Bioenergy-Plant-Canada's-Green-University.url,https://www.unbc.ca/sustainability/bioenergy-plant-image-gallery,Since ~2011,Infrastructure,Energy-and-Buildings,Seen in search,,Infrastructure (Energy),"Wood-pellet bioenergy plant heating campus, anchoring a trademarked green-university brand position.",Branding lesson: one flagship asset can anchor an entire external identity. A model for elevating Trades for the Transition the same way.
365,3,Northern Lights College,07_BC-College-Sector/Northern-Lights-College/05_Energy-and-Buildings,2025_NLC_Centre-for-Applied-Energy-and-Environmental-Sustainability-CAEES.url,https://www.nlc.bc.ca/college-news/northern-lights-college-launches-centre-for-applied-energy-and-environmental-sustainability-to-drive-energy-innovation-in-northeast-bc/,2025,Program,Energy-and-Buildings,Fetched,PRIORITY,Curriculum; Trades for the Transition; Applied Research,"New centre blending traditional hydrocarbon training with emerging clean-energy training, funded by the NLC Foundation and industry donors. Framed explicitly as a workforce transition response.",The closest direct sibling to Trades for the Transition in the whole scan. A rural BC college building a dual traditional/clean-energy workforce centre. Worth a peer call.
366,3,North Island College,07_BC-College-Sector/North-Island-College/05_Energy-and-Buildings,2025_NIC_NIC-Comox-campus-solar-installation.url,https://smallplanetenergy.ca/north-island-college-solar-installation-complete/,2025,Project,Energy-and-Buildings,Fetched,,Infrastructure (Energy),"160-panel, 87.2 kW rooftop array powering new student residences, offsetting roughly 8 average regional homes' annual electricity.","A concrete, quotable CAPEX-scale reference point for OC's Infrastructure baseline framing."
367,3,North Island College,07_BC-College-Sector/North-Island-College/01_Plans-and-Strategies,nd_NIC_NIC-SPARK-initiative-unverified.url,https://www.linkedin.com/,Recent,Program lead,Plans-and-Strategies,Seen in search only,,Trades for the Transition,"NIC joins a SPARK initiative for renewable energy, tagged with skilled trades. Details unverified.",Flagged as a lead only. Follow up directly with NIC before citing.
368,3,Coast Mountain College,07_BC-College-Sector/Coast-Mountain-College/07_Curriculum-and-Research,nd_CMC_Applied-Coastal-Ecology-Environmental-Geoscience-diplomas.url,https://www.coastmountaincollege.ca/programs/study/science/coast-mountain-ecology,Current,Curriculum,Curriculum-and-Research,Fetched,,Curriculum; Applied Research,"Place-based environmental science diplomas. No institution-wide sustainability plan, STARS rating or climate targets found.",A curriculum-only sustainability posture. A useful contrast to OC's integrated four-pillar approach.
369,3,College of New Caledonia,07_BC-College-Sector/College-of-New-Caledonia/01_Plans-and-Strategies,nd_CNC_CNC-Strategic-Plan-#CNCNext50.url,https://cnc.bc.ca/docs/default-source/about/initiatives-reports/strategic-plan/strategic-plan,Current,Plan,Plans-and-Strategies,Fetched,,Policy/Planning,"No sustainability, climate or environmental goals surfaced in the institutional strategic plan. A CNC CCAR exists via the provincial index.",A negative benchmark showing how far ahead a published four-pillar plan already puts OC.
370,3,BC Government / Sector,08_Sector-and-Government/BC-Government/02_Climate-and-GHG-Reporting,nd_BCGov_Carbon-Neutral-Government-program-overview.url,https://www2.gov.bc.ca/gov/content/environment/climate-change/public-sector/carbon-neutral,Current,Regulation,Climate-and-GHG-Reporting,Fetched,PRIORITY,Carbon Zero; Investment,"Legislated 5-step process for all public sector organizations: measure, reduce, offset with BC offsets, report, verify. 2025 cycle: data by Apr 30 2026, CCAR due May 31 2026.",Confirms OC's mandatory offset-purchase obligation and reporting calendar. Belongs in Carbon Zero's Financial & Risk Realities.
371,3,BC Government / Sector,08_Sector-and-Government/BC-Government/01_Plans-and-Strategies,nd_BCGov_AASHE-Rated-Institutions-directory.url,https://reports.aashe.org/institutions/rated/,Live,Database,Plans-and-Strategies,Fetched,,Policy/Planning,Live registry confirming current versus expired ratings for every institution.,Standing tool for OC to re-check sector rating status rather than relying on stale press coverage.
372,4,VCC,07_BC-College-Sector/Vancouver-Community-College/02_Climate-and-GHG-Reporting,2025_VCC_Climate-Change-Accountability-Report-2025.pdf,https://www2.gov.bc.ca/assets/gov/environment/climate-change/cnar/2025/ps/vancouver_community_college_2025_ccar.pdf,2025,Statutory report,Climate-and-GHG-Reporting,Fetched,PRIORITY,Carbon Zero; Infrastructure; Curriculum,"1,253 tCO2e, 58% below the 2007 baseline and a 51% energy-intensity cut since 2007. 2025 actions include 12 heat pumps at Downtown Campus, an LED retrofit, a Kitchen Electrification Project, and an instructional fleet with electric semis and hydrogen fuel-cell vehicles.",Closest mandate-match CCAR in BC. Also the clearest example of framing a trades teaching fleet as both an emissions line and a curriculum asset.
373,4,VCC,07_BC-College-Sector/Vancouver-Community-College/01_Plans-and-Strategies,2014_VCC_Environmental-Sustainability-Strategy-2014-2017.pdf,https://www.vcc.ca/media/vancouver-community-college/content-assets/documents/news-events/Enviro_Strat_Plan_14-17_FINAL.pdf,2014,Strategy,Plans-and-Strategies,Fetched,,Policy/Planning; Training; Curriculum,"Pre-2015 but retained: this is the last standalone environmental strategy VCC published and no successor was found. Lead / Live / Learn pillars, a 20% GHG reduction target 2010-17, green-trades training research, and sustainability competencies for graduates.","A three-pillar plan architecture, plus a decade-long throughline: green trades training was set as an aspiration in 2014 and the 2027 CCEAI now delivers it."
374,4,VCC,07_BC-College-Sector/Vancouver-Community-College/07_Curriculum-and-Research,2025_VCC_Centre-for-Clean-Energy-and-Automotive-Innovation.url,https://www.vcc.ca/about/college-information/news/article/new-centre-for-clean-energy-and-automotive-innovation-coming-to-great-northern-w.html,2023-2025,Capital project,Curriculum-and-Research,Seen in search,PRIORITY,Curriculum; Applied Research; Infrastructure; Trades for the Transition,"$291.3M expansion at Broadway Campus for 700+ new FTE, completion targeted 2027, purpose-built for zero-emission vehicle and clean-energy trades training and explicitly tied to CleanBC's 40%-by-2030 target.",The flagship BC precedent for Trades for the Transition. Cite this when building the capital and curriculum case.
375,4,VCC,07_BC-College-Sector/Vancouver-Community-College/07_Curriculum-and-Research,2023_VCC_CCEAI-Province-of-BC-announcement.url,https://news.gov.bc.ca/releases/2023PREM0044-001195,2023,News,Curriculum-and-Research,Seen in search,,Curriculum; Trades for the Transition,Province of BC announcement of the Centre for Clean Energy and Automotive Innovation.,"The provincial framing and funding rationale, useful for a business case written for government readers."
376,4,VCC,07_BC-College-Sector/Vancouver-Community-College/07_Curriculum-and-Research,2025_VCC_Clean-Energy-Technology-Diploma-and-Wind-Turbine-Technician.url,https://educationnewscanada.com/article/education/level/colleges/2/1167635/how-vcc-is-evolving-to-meet-future-clean-energy-labour-market-demands.html,2025,News,Curriculum-and-Research,Fetched,PRIORITY,Curriculum; Trades for the Transition,"VCC is launching at least five new clean-energy programs from 2026, starting with a Clean Energy Technology Diploma and a Wind Turbine Maintenance Technician program, framed as a labour-market response to CleanBC.",Evidence a trades-mandate peer has already moved from strategy to enrolled programs. De-risks OC's own green-trades curriculum proposals.
377,4,VCC,07_BC-College-Sector/Vancouver-Community-College/01_Plans-and-Strategies,2025_VCC_Top-5-Sustainability-Initiatives.url,https://www.vcc.ca/about/college-information/news/article/vccs-top-5-sustainability-initiatives.html,2025,News,Plans-and-Strategies,Fetched,,Infrastructure; UNSDGs; Communications,"$8M in energy savings since 2007, 47% energy reduction and 61% GHG reduction against 2007, exceeding BC's 2040 target. Also a Zero Waste Eco Heroes office-supply recycling program launched Sept 2024.","A low-cost, high-visibility waste and engagement program replicable across OC's four campuses."
378,4,Capilano University,07_BC-College-Sector/Capilano-University/02_Climate-and-GHG-Reporting,2025_CapU_Climate-Change-Accountability-Report-2025.pdf,https://www2.gov.bc.ca/assets/gov/environment/climate-change/cnar/2025/ps/capilano_university_2025_ccar.pdf,2025,Statutory report,Climate-and-GHG-Reporting,Fetched,,Carbon Zero; Infrastructure,"1,889 tCO2e, 13.4% below the 2010 baseline but up 17.1% year over year. 94% of emissions are stationary building energy. Offsets cost $45,348. The new Fulmer Family Centre targets LEED Gold and is fully electric.","A cautionary data point: a Silver-STARS institution with an active energy plan still posted a year-over-year emissions increase. Useful for setting non-linear, honest OC targets."
379,4,Capilano University,07_BC-College-Sector/Capilano-University/07_Curriculum-and-Research,2024_CapU_Illuminating-2030-Academic-Plan-Summary.pdf,https://www.capilanou.ca/media/capilanouca/about-capu/governance/presidentx27s-office/reports-amp-initiatives/illuminating-2030/Illuminating-2030-Summary-Document.pdf,Current,Academic plan,Curriculum-and-Research,Fetched,,Curriculum; Indigenous relationality,"A 10-year academic plan that explicitly names climate in crisis as a challenge the university must address, alongside land and place-based learning and Indigenous reconciliation.",Model for embedding sustainability into an academic plan rather than only an operational one. Relevant to OC's Academics focus area.
380,4,Capilano University,07_BC-College-Sector/Capilano-University/03_STARS,2024_CapU_STARS-Report-Silver-55.02.url,https://reports.aashe.org/institutions/capilano-university-bc/report/2024-07-02/,2024,STARS,STARS,Fetched,PRIORITY,All 4 focus areas,"STARS Silver, 55.02 points, submitted 2 July 2024, valid to 8 Aug 2027.",An active Silver rating at a teaching-focused multi-campus peer. A realistic first-target benchmark alongside UFV and UNBC.
381,4,Capilano University,07_BC-College-Sector/Capilano-University/01_Plans-and-Strategies,2025_CapU_Sustainability-Goals-Are-We-On-Track-progress-review.url,https://www.capilanocourier.com/2025/03/01/capus-sustainability-goals-are-we-on-track/,2025,Progress review,Plans-and-Strategies,Fetched,,Transportation; Carbon Zero; Curriculum,"Reports a 10-year Campus Energy and Emissions Plan target of 50% below 2007 by 2030, delayed by COVID. 73% of students use sustainable commuting per a 2024 survey. U-Pass BC and carpool incentives in place. A $1.5M NSERC Mobilize climate-research grant in 2023.",The 73% sustainable-commute figure is a strong TDM benchmark. Also a model of public accountability tracking against stated targets.
382,4,Capilano University,07_BC-College-Sector/Capilano-University/08_Governance-and-Policy,2023_CapU_Squamish-MOU-13-Collaboration-Areas.url,https://www.squamishreporter.com/2023/10/20/13-things-capilano-university-and-squamish-plan-to-work-on/,2023,Agreement,Governance-and-Policy,Fetched,,Policy/Planning; Investment; Indigenous relationality,"A multi-campus town-gown MOU including a dedicated climate-action commitment, a circular-economy commitment with 1.25 FTE faculty time and about $16,500, and an Indigenous partnership tied to the Atl'ka7tsem/Howe Sound Biosphere Region Society.","Template for formalizing sustainability MOUs with Kelowna, Vernon, Salmon Arm and Penticton. Directly analogous multi-campus town-gown structure."
383,4,Capilano University,07_BC-College-Sector/Capilano-University/01_Plans-and-Strategies,nd_CapU_Envisioning-2030-strategic-plan.url,https://www.capilanou.ca/about-capu/governance/presidents-office/strategic-initiatives/envisioning-2030/,Current,Strategic plan,Plans-and-Strategies,Landing page only,,Policy/Planning,Institutional renewal vision referencing sustainability. No numeric targets found and no PDF located.,Limited use as found. Would need a direct request to CapU for the underlying document.
384,4,Emily Carr University,07_BC-College-Sector/Emily-Carr-University/02_Climate-and-GHG-Reporting,2025_ECU_Climate-Change-Accountability-Report-2025.pdf,https://www2.gov.bc.ca/assets/gov/environment/climate-change/cnar/2025/ps/emily_carr_2025_ccar.pdf,2025,Statutory report,Climate-and-GHG-Reporting,Fetched,,Carbon Zero; Infrastructure,"176 tCO2e, fully offset at $4,400. Actions include lighting and HVAC scheduling optimization, metering recalibration, EV charging, and a planned 2026 propane-to-electric forklift swap.","A minimum-viable CCAR at single-campus scale. Least transferable to OC's 45 buildings, useful mainly as a floor comparator."
385,4,Emily Carr University,07_BC-College-Sector/Emily-Carr-University/01_Plans-and-Strategies,nd_ECU_Sustainability-and-Climate-Action-Plan-townhall-draft.url,https://www.ecuad.ca/events/sustainability-climate-action-plan-community-townhall,Current,Plan in development,Plans-and-Strategies,Fetched,,Policy/Planning; Communications,A Climate Action Task Force established Fall 2020 presented a draft Sustainability and Climate Action Plan after more than two years of consultation. No finalized plan was locatable.,A stakeholder-townhall consultation format OC could mirror. Note the plan itself is not confirmed published.
386,4,Emily Carr University,07_BC-College-Sector/Emily-Carr-University/01_Plans-and-Strategies,2021_ECU_Climate-Action-at-ECU-update.url,https://www.ecuad.ca/updates/climate-action-at-ecu,2021,Update,Plans-and-Strategies,Fetched,,Communications; Climate Resilience,Task force formed Fall 2020 in response to student activism and Senate discussion. Student Climate Action Network established 2019. No numeric targets.,A governance-process example only. Advocacy-oriented rather than metrics-driven.
387,4,JIBC,07_BC-College-Sector/Justice-Institute-of-BC/11_Climate-Risk-and-Resilience,2025_JIBC_Climate-Change-Accountability-Report-2025.pdf,https://www2.gov.bc.ca/assets/gov/environment/climate-change/cnar/2025/ps/justice_institue_of_bc_2025_ccar.pdf,2025,Statutory report,Climate-Risk-and-Resilience,Fetched,PRIORITY,Climate Resilience; Infrastructure; Carbon Zero,"742 tCO2e, up 4% year over year. A Strategic Energy Management Plan targets a 44% energy-use cut by 2029/30 against 2008/09. Critically, JIBC conducts wildfire-smoke and extreme-heat vulnerability and HVAC-filtration assessments, with a full climate vulnerability assessment planned for 2026.",The best physical-climate-adaptation model found anywhere in this project. A direct template for a wildfire-smoke and extreme-heat HVAC resilience assessment across OC's four Interior campuses. Serves target T4.
388,4,JIBC,07_BC-College-Sector/Justice-Institute-of-BC/03_STARS,2025_JIBC_STARS-Report-Bronze-32.33.url,https://reports.aashe.org/institutions/justice-institute-of-british-columbia-bc/report/,2025,STARS,STARS,Fetched,,All 4 focus areas,"STARS Bronze, 32.33 points, submitted 25 Sept 2025, valid to 20 Oct 2028. Strongest category was Air and Climate at 9.98 of 11.","The lowest active rating in the BC set. Useful as the realistic floor for a first scored submission, and shows a resilience focus scores well in Air and Climate."
389,4,JIBC,07_BC-College-Sector/Justice-Institute-of-BC/07_Curriculum-and-Research,nd_JIBC_Emergency-and-Disaster-Management-programs.url,https://www.jibc.ca/areas-of-study/emergency-management,Current,Curriculum,Curriculum-and-Research,Seen in search,,Climate Resilience; Curriculum,Formal disaster and emergency management credentials. Institutional capacity directly relevant to climate-resilience training.,A potential curriculum partner if OC ever builds climate-emergency content into trades or general education.
390,4,NVIT,07_BC-College-Sector/Nicola-Valley-Institute-of-Technology/02_Climate-and-GHG-Reporting,2025_NVIT_Climate-Change-Accountability-Report-2025.pdf,https://www2.gov.bc.ca/assets/gov/environment/climate-change/cnar/2025/ps/nicola_valley_institute_of_technology_2025_ccar.pdf,2025,Statutory report,Climate-and-GHG-Reporting,Fetched,,Carbon Zero; Infrastructure; Transportation,"274 tCO2e plus 534 t biogenic reported separately, offsets $6,700. Geothermal serves six buildings, a heat pump serves a 900 sq ft academic building, six Level 2 EV chargers installed, a Clean Fleet Plan in development, and plans to electrify Mobile Training Labs to eliminate diesel generators.","Geothermal and heat-pump portfolio model, plus the idea of electrifying mobile training labs. Directly applicable to OC's own mobile trades assets."
391,4,NVIT,07_BC-College-Sector/Nicola-Valley-Institute-of-Technology/05_Energy-and-Buildings,2018_NVIT_Centre-of-Excellence-in-Sustainability-building.url,https://meiklejohn.ca/projects/education/nvit-centre-of-excellence-in-sustainability/,2018,Capital project,Energy-and-Buildings,Fetched,PRIORITY,Infrastructure; Curriculum; Applied Research,"A 19,500 sq ft purpose-built teaching building with a live geothermal system, rooftop PV, and an educational solar array with three tilt and orientation configurations for hands-on student testing. Houses trades labs, gym, greenhouse and commercial kitchen.","The strongest living-lab building model found. Instrumented, visible building systems used as teaching tools. Directly transferable to an OC trades building retrofit and to the Four-Campus Living Lab initiative."
392,4,NVIT,07_BC-College-Sector/Nicola-Valley-Institute-of-Technology/09_Indigenous-and-Engagement,2026_NVIT_Indigenous-Leading-Practices-Community-Based-Assessment.url,https://www2.gov.bc.ca/gov/content/education-training/post-secondary-education/aboriginal-education-training/indigenous-leading-practices/case-study-nvit,2026,Case study,Indigenous-and-Engagement,Fetched,,Indigenous relationality; Training,"NVIT's culturally responsive Community Based Assessment service, Elder-led openings, strength-based feedback and individualized plans, serving 900+ students across 50+ communities since 2011.",A governance and process model for embedding Indigenous protocols into institutional service delivery. Relevant to OC's Layer 0 even though it is not an environmental document.
